.gitignore	306	3041df8d62c21aebdde143db8810b5e81ea945278dbdd59943064e8a3698ce15
LICENSE.md	2612	9bd77ff3e58e0b7f1331824b8195d4cf588851a6461cc3230d12410da7935223
README.md	2310	69d08163e03fc3731ba9f09e17b66068f01ea04aaa9a55b8468bcbcad87b6410
ch_distributions/TeX/binomial_distribution.tex	9271	e7030cb0c07cffb5881909e79edbfa2476e22abce5fb45e8e9cb62b869841768
ch_distributions/TeX/ch_distributions.tex	94964	bb39180821718a5f939a8b1fce2c7ee11f072301744076c242a91517212ef8f3
ch_distributions/TeX/geometric_distribution.tex	3804	56b3f7e137755aa4d7187a82dd71f4c1b2dd6f6999bade9c4a96dfba98a0cc77
ch_distributions/TeX/negative_binomial_distribution.tex	2960	328f2299f3a62823f5d3aa3f4381a04c1d54dc1e03ef0443567f63e47a0455e7
ch_distributions/TeX/normal_distribution.tex	7672	8734d288c518db0ac78425d749611f8aa8b24e2f6b9290647c8728d15c3f84e8
ch_distributions/TeX/poisson_distribution.tex	3067	ccce8f6dd00f2e3b38a49a3ea909a684779763539d6179816f71a5c0031ce5f4
ch_distributions/TeX/review_exercises.tex	9680	91a80896ccfd6d387ca5a6a14d53fe67f2d27e47b70cead2f16ddb5c0108c544
ch_distributions/figures/6895997/6895997.R	1362	7a3788b69e0bb82e2f78faaa28f4a9e1c059047eb161d13d50295e8ae6f64025
ch_distributions/figures/6895997/6895997.pdf	8496	78bbc6dabbc028c6d1a556875193cd415e63be5da3e9d8f4b2fd89fc0d73d833
ch_distributions/figures/amiIncidencesOver100Days/amiIncidencesOver100Days.R	531	74273f965c9e5020c17916226180d670e00d0a4dc43ba3526a15265529bdbe43
ch_distributions/figures/amiIncidencesOver100Days/amiIncidencesOver100Days.pdf	5352	1d31b2b0b1ddee4385fa36939c57cd4ae68ee8e1a167b97f3795170eb76f2bbc
ch_distributions/figures/between59And62/between59And62.R	297	6a2c6886365c6326cf89387f6f0197d9e5cca78f3a6dacd8b3cf4408a312c989
ch_distributions/figures/between59And62/between59And62.pdf	7430	a5dd0cb9a9f65588cf53effdf53df9266cb3fc5436ea8b72f805f9a748044587
ch_distributions/figures/eoce/GRE_intro/gre_intro.R	1784	0bb2f72bd44d29f16912b0fb076670f59a72f4dac48fb4e106231a20c86a3fe1
ch_distributions/figures/eoce/GRE_intro/gre_intro.pdf	9443	8dd29755db67970f06bb33c61723727edf283b80c2f5f23530b8316eb65fb7e4
ch_distributions/figures/eoce/GRE_intro/gre_intro_QR.pdf	7922	d53783f7e2f3fd468cb15ac1d5db0131f44e9da5b09a6f6fd00c4776b91ad281
ch_distributions/figures/eoce/GRE_intro/gre_intro_VR.pdf	7949	ac0b241c5dd0e8d665c4da5c0f535c198898b5bf5fc463f15f2ab7b4ff298730
ch_distributions/figures/eoce/area_under_curve_1/area_under_curve_1.R	1787	8dbb0740564df7476231b105c20fc623950a48cba8f72a2e16551e1dbee3a1fd
ch_distributions/figures/eoce/area_under_curve_1/zBet.pdf	7708	a8ed810fa5237c25a68f41155af879b3c1ceead83640f31b5c36e402670e4238
ch_distributions/figures/eoce/area_under_curve_1/zgt8.pdf	7864	34fcbbe3bddf34f9533ec780374fc1dcceca5e7f28c24216e5aa5f2a403a0340
ch_distributions/figures/eoce/area_under_curve_1/zgtAbs.pdf	7776	63aee97f9c8ba68c4f0e7e9f55e7ff454919ac7e43de4621cc2f5bcebe086881
ch_distributions/figures/eoce/area_under_curve_1/zgtNeg.pdf	9249	587119797c2dd9096cfa31ae167efa29d926cfe48b1cd6cdbf8b0a9ec0e30203
ch_distributions/figures/eoce/area_under_curve_1/zgtPos.pdf	7727	45355ae53de31831d554c198e1b2e5790b172ec42c433abe1022e32d3ca3bd0e
ch_distributions/figures/eoce/area_under_curve_1/zltAbs.pdf	9146	95338de59aa5c2da21fa95cb402b7281e6acbd8d6518474fd0bb3d4f2f17f3ee
ch_distributions/figures/eoce/area_under_curve_1/zltNeg.pdf	7731	d02689771a306ea65295e46722dc61d71e4e31cf4c7ea42d5b8a8031a8c5d54b
ch_distributions/figures/eoce/area_under_curve_1/zltPos.pdf	9178	bb0e5c8cf45001a3d4d3f18697e5b10091cfd6e195d507ba1bf1c2da6a86b445
ch_distributions/figures/eoce/area_under_curve_2/area_under_curve_2.R	1807	e4a21a5a5c322b782b0d89cbe7aa135436a19ea2a2fb98eb4b6dcad373caf591
ch_distributions/figures/eoce/area_under_curve_2/zBet.pdf	9166	c6d6c3d1231b2214bf6549902953fcdcb35125fcf9c9ad4d990ed6593e344116
ch_distributions/figures/eoce/area_under_curve_2/zgt8.pdf	7633	4a946bf30c12ea16f1f0d864c81d7ee1c93f0807407ee5a639edef16df55a01e
ch_distributions/figures/eoce/area_under_curve_2/zgtAbs.pdf	7689	648289af567b9e347b791f1a011e6e685856e01a352a0efc59d01821e598e27a
ch_distributions/figures/eoce/area_under_curve_2/zgtNeg.pdf	7768	d785e542d46e310ca87cfabaab45bb0158c6be525593072df279f31b15379863
ch_distributions/figures/eoce/area_under_curve_2/zgtPos.pdf	9146	ebd12e6d563ab4654479f9d18b4d7e0bc55865071d9a983eabd55d7ff52457ab
ch_distributions/figures/eoce/area_under_curve_2/zltAbs.pdf	9146	95338de59aa5c2da21fa95cb402b7281e6acbd8d6518474fd0bb3d4f2f17f3ee
ch_distributions/figures/eoce/area_under_curve_2/zltNeg.pdf	9163	7d2836a20c3ed908776bcb8d40f8bdc4e0b658524066ac5ab5e3115363f80b8b
ch_distributions/figures/eoce/area_under_curve_2/zltPos.pdf	7739	3342620d841206c5eb1489423424eb40e37813c1289ad4aaa98a6157cee8ee51
ch_distributions/figures/eoce/college_fem_heights/college_fem_heights.R	1298	1d4d3c07a0bf81be6e08221d2a52751247bcfcf7ea846febf761c4efafddd8e0
ch_distributions/figures/eoce/college_fem_heights/college_fem_heights_hist.pdf	7030	a51ffba382870758de014933f43cda4fceaffccbb1582e7beef1d9a810e02341
ch_distributions/figures/eoce/college_fem_heights/college_fem_heights_qq.pdf	4788	84e6a98d7325194ea0b90cc0e0609c7d50305173ae63fc9c9605551687c19d37
ch_distributions/figures/eoce/college_fem_heights/heightsFcoll_hist.pdf	7029	ccae44eb0daddb794628273874193a3c2dcb59f8e56d44b1c31c3397e709c0b8
ch_distributions/figures/eoce/college_fem_heights/heightsFcoll_qq.pdf	4699	2ebd1c139d8200c9dcf85775fb108bb25706b73acc45a64bf61ac2bb3fcf6b30
ch_distributions/figures/eoce/dreidel/dreidel.jpg	377280	4f86ab4609fa8e8e484095449da09fb344c88578de1ebc61b3e19e7eb3e30099
ch_distributions/figures/eoce/stats_scores/scores_hist.pdf	6931	ed99731c2529eb79b97d6dadcbdb3ac1052a1402038211daa371ccd050cd2b55
ch_distributions/figures/eoce/stats_scores/scores_qq.pdf	4676	70c48ccdb8ead451d86c465288aee8c8c07f2ef1b7594673a37660494ad03bb2
ch_distributions/figures/eoce/stats_scores/stats_scores.R	1314	e45d21e1b54eb0be8e8cb45acc567e0b4586a1ab6ed6865e511afaee2013a57a
ch_distributions/figures/eoce/stats_scores/stats_scores_hist.pdf	6932	b8d41679d8d1456e67abbfb659d10a8c4234172b83a9e7ddd550f27a3aa9d063
ch_distributions/figures/eoce/stats_scores/stats_scores_qq.pdf	4764	3df2f66c755ec3f198eb12c2fbda6de5fadac9f5f8b9031185fa53e140e6cb98
ch_distributions/figures/fcidMHeights/fcidMHeights-helpers.R	696	58a2b72b3f6dc8e33d16a1218b3311cd43d14c8b354cc71c17548b4331ea9b10
ch_distributions/figures/fcidMHeights/fcidMHeights.R	478	e7b0ba5d87a2ba086421234f344d589ed0f0f8d9ce2f77d6a536bdddfcbaf049
ch_distributions/figures/fcidMHeights/fcidMHeights.pdf	16278	843a742234cdd92c9e9b91825b7b98d5de5a0e8a463c3668c205e7e475a45875
ch_distributions/figures/fourBinomialModelsShowingApproxToNormal/fourBinomialModelsShowingApproxToNormal.R	728	3c059f39a129735450b44215c52e31452ed30800a61f405f95701771499b110e
ch_distributions/figures/fourBinomialModelsShowingApproxToNormal/fourBinomialModelsShowingApproxToNormal.pdf	5957	a8224e53f7961fd869932d050902cbb081e03b74746f4f839af6b466912a9736
ch_distributions/figures/geometricDist35/geometricDist35.R	576	7efdea8d7a4efea7ea0d2129f10cc9f3ec3a0f96151e6c2736ad9b261ed6708c
ch_distributions/figures/geometricDist35/geometricDist35.pdf	4527	b5a1637c29c6829c8ae1d638b849d7874e8475243fb3dff1236a2ac0a73a003c
ch_distributions/figures/geometricDist70/geometricDist70.R	659	d0ea6cc5d3ce138e6bae602f49a72119b04dfbc8fc0b0037a8fc94663afb7244
ch_distributions/figures/geometricDist70/geometricDist70.pdf	4577	4244a3583b361c8739ef85c1add97d9eeab932b58a7fffa56c20945bdf4a72ea
ch_distributions/figures/height40Perc/height40Perc.R	561	e1ba6f67e7dac2bba5fd74f60eea96e903f84127ea69557771a4a6efc695b383
ch_distributions/figures/height40Perc/height40Perc.pdf	7764	78a0803720398880f1ca841415c847d0fc85f89133ea337e97382abb92212fd2
ch_distributions/figures/height82Perc/height82Perc.R	645	8e60dbe4bf56535668150ee10a9232bc31a88332f283d9ae1dab57707178a6e5
ch_distributions/figures/height82Perc/height82Perc.pdf	8158	be46cf9e12fcee1230d258e18900cf48ffb3e82d7cfc8d9f01281f1dda54524c
ch_distributions/figures/mikeAndJosePercentiles/height82Perc.pdf	8203	3809e42f3b8c6f898181a19ed87fec95aee61f4133943f39cb4ce84aa0358521
ch_distributions/figures/mikeAndJosePercentiles/mikeAndJosePercentiles.R	553	1a90ff8b3dd103426cb95ec96cee0a8255e82303c66638eafbc713279dc866e5
ch_distributions/figures/mikeAndJosePercentiles/mikeAndJosePercentiles.pdf	13094	c3a25a921cb7c3e56c60b7e40cc67536af51f2db2c45b67a29c156a2fbc132fa
ch_distributions/figures/nbaNormal/nbaNormal-helpers.R	679	64636b5cfd86e7acf6b211855bb29cbef7370b4d47c2fc3ab1d978225499db1b
ch_distributions/figures/nbaNormal/nbaNormal.R	420	564503de0bf4b7fa2d4eafc68aa371d918eb65707cd9d635755198f9de6e328f
ch_distributions/figures/nbaNormal/nbaNormal.pdf	18739	b073c4ffd8e296c009e30427b2af8115774e5b5a40993de72c6709d89c6fca16
ch_distributions/figures/normApproxToBinomFail/normApproxToBinomFail.R	761	a846b551d5441d4f05d3c29971a3c4ab0318e9e80fde921a66c415ad63f7669b
ch_distributions/figures/normApproxToBinomFail/normApproxToBinomFail.pdf	29317	a9eb12774094b1e7e30a16ac69539b56af6d8a0bc803104637babf44b275af03
ch_distributions/figures/normalExamples/normalExamples-helpers.R	700	6f61ec244a5eddd3a02512f40eee9b85996fa6451829f60686e09181825823b9
ch_distributions/figures/normalExamples/normalExamples.R	760	6d4ddd32abe7a06a5fcd2fcc3215196fa1585840782a9669a9c21ac954298dae
ch_distributions/figures/normalExamples/normalExamples.pdf	23192	b06e25e571ea35c4fb13dc7b70cb968ab2273d49d1d03cd13250790427dca90e
ch_distributions/figures/normalQuantileExer/QQNorm.R	363	83c7a78d0b8a15557324b9909c55e64526958804ca09637a97e119c4d409872b
ch_distributions/figures/normalQuantileExer/normalQuantileExer-data.R	0	e3b0c44298fc1c149afbf4c8996fb92427ae41e4649b934ca495991b7852b855
ch_distributions/figures/normalQuantileExer/normalQuantileExer.R	433	bbe297f99a992ca01dac6f47ee8a6e6752d14efc09e074c8284f8dae12a03f61
ch_distributions/figures/normalQuantileExer/normalQuantileExer.pdf	10163	6cbf887557c5e67c98d77d3023f394b3dc6658797fd41a26f6d7d5cfbeb31055
ch_distributions/figures/normalQuantileExer/normalQuantileExerAdditional.R	337	2239091fb8d58515c851df3355c32a13dbb9048d1dec95de04c7c7be8dcb888e
ch_distributions/figures/normalQuantileExer/normalQuantileExerAdditional.pdf	5347	d025553db6d22e110cdf33255f8dc980ed1bbb54a1e313cfe0069829b083baf5
ch_distributions/figures/normalTails/normalTails.R	726	37773562792854864031064dca4c09e011608a82723e00b42688601b1270996b
ch_distributions/figures/normalTails/normalTails.pdf	12623	66573842c43b73b18352e24b0c60a499d78f0f1cfb0990fc89eeaa054fc8eca1
ch_distributions/figures/pokerNormal/pokerNormal.R	1184	bc3532b243ae5c08dc7307d87dd9aca210640fbb566a12f5d2d84da5558ee032
ch_distributions/figures/pokerNormal/pokerNormal.pdf	39049	bc4f7ffe9242f4ee65f78fb870301e055d04fe07e58fee9ca2171695df396133
ch_distributions/figures/satAbove1190/satAbove1190.R	269	92c6adef70e80dbf67e2f7fb5febce1d8497bc1f3d4c3387370501b7908a091e
ch_distributions/figures/satAbove1190/satAbove1190.pdf	7742	848d3ed11bdfc6380e83237d4e153116e2cdb8910eb15955e3bec1472b1f2222
ch_distributions/figures/satActNormals/satActNormals.R	1157	6f0b311a86eb57d801cec7acab165c0e10c57db96538b0b56e0cecf4dc547c4c
ch_distributions/figures/satActNormals/satActNormals.pdf	10196	2a79966bff9668107ebc7cecad5625bd6c236c062f5d7431f254f555fcf7a0bb
ch_distributions/figures/satBelow1030/satAbove1030.pdf	8364	ef3e52f6c092a16c5cff3247dde39a82fd83c48831d2e959d166f25db1aee58c
ch_distributions/figures/satBelow1030/satBelow1030.R	456	7754d9a2e774ceddd72893e1bb52c0f3efe3fbe99d04a2f426b2bb1d3d134bf3
ch_distributions/figures/satBelow1030/satBelow1030.pdf	7902	a1542abc232f609d9e753c537abce291da2aa366a92e5c20b6e4605f011edf73
ch_distributions/figures/satBelow1300/satBelow1300.R	235	94e50ae8f632616bf06ea467ce21641565327ccb68f8c85fc6420c7e78e58f43
ch_distributions/figures/satBelow1300/satBelow1300.pdf	7949	a0d5226fc9353c087656a05972f71f92889ff9d0f75a2020ef9c689562be2602
ch_distributions/figures/simpleNormal/simpleNormal.R	296	47071348af194131146052e54386ba6e61038f37b9cc574308904e937ae39350
ch_distributions/figures/simpleNormal/simpleNormal.pdf	8355	a1a52aa35f16298786595757d8615594ceaebe405b58095d7f5fbb895392ca01
ch_distributions/figures/smallNormalTails/smallNormalTails.R	968	2d139747bcc7a6ed914d4acb0ad11733ee35a32a2d5a795ed7b6a74e8b720030
ch_distributions/figures/smallNormalTails/smallNormalTails.pdf	12595	237fd86d7e2e7181c587f99c1d9d11de949f548755dfab2922c5357f745bf41c
ch_distributions/figures/standardNormal/standardNormal.R	493	6f8a1cb025b40e6c4ccded50c0839ed563fd62f46499d6f1535f5817adc74191
ch_distributions/figures/standardNormal/standardNormal.pdf	8833	aa1fd71208a90d8fb2b9fec00a1bbb8213fc7de413710460607c2cc3150282e9
ch_distributions/figures/subtracting2Areas/subtracting2Areas.R	1345	1bdfe26b70c79f98513669ccce026589332907e1bbfafdf4b0d32991a12abd6f
ch_distributions/figures/subtracting2Areas/subtracting2Areas.pdf	25123	92874654a03e3432c98b09c1cdf8a4654a0d69713eb433897a97f919c30a8e23
ch_distributions/figures/subtractingArea/.Rhistory	92101	b8e2d2c57daf85a070de284c13235979aad3b08e8352833a24a852b80ce3e9d2
ch_distributions/figures/subtractingArea/subtracted.pdf	8343	b3cb07620167543eb7564bec710ca4a26f00bdfd79e00146cbe43eb66e1d129b
ch_distributions/figures/subtractingArea/subtractingArea.R	1359	431881bab4f269f2c7b023b5bebae3df733aa01869ea36a6dfc4f108c389687a
ch_distributions/figures/subtractingArea/subtractingArea.pdf	19730	cc4099b6a02b4338675a2258113735753e763f4fbd896d2f6ed3bbf3098a6567
ch_distributions/figures/twoSampleNormals/twoSampleNormals.R	955	1ec24b69d74cdd2caff304b1cb24c6392acfc506639876d04836e528b215e0f2
ch_distributions/figures/twoSampleNormals/twoSampleNormals.pdf	38739	b9b745d2cdcf72d9c3ceedd1fb73d089fa1179739c90aaddee15264bf384f265
ch_distributions/figures/twoSampleNormalsStacked/twoSampleNormalsStacked.R	418	143642f1ece38b40a7e9277c987b9205f4a7a2b61f523960ddfb0811193057fc
ch_distributions/figures/twoSampleNormalsStacked/twoSampleNormalsStacked.pdf	21843	e84678c71bb71e880afbe3cc53afedc01b2866752f37397ed64620f572994b7f
ch_foundations_for_inf/TeX/ch_foundations_for_inf.tex	125360	68414ebfe0237189cb452dd581ed9c026b4177932c245a7b9d12b47f79b81c1e
ch_foundations_for_inf/TeX/confidence_intervals.tex	7467	0b3ab18679415799373d4e5f9d2f5d1c698ccd48f9971370b34801cb2bed92e0
ch_foundations_for_inf/TeX/hypothesis_testing.tex	9230	75a439a85cdc059989404f3bd8195f5ecc6fa7b3b082cfeb0997b01d8dd65f20
ch_foundations_for_inf/TeX/one_sided_tests.tex	9226	c6794b28872e007e26ef261b9b889c84948c1d23c3528a326f39f2667be36804
ch_foundations_for_inf/TeX/review_exercises.tex	6773	c749e03e76c4d8321374da0431734d453d3b8a2f89c5d5626f5bea3df0fc0bdd
ch_foundations_for_inf/TeX/variability_in_estimates.tex	7189	062588f9a3ced1c1a4ecefce61137e6f5820967e8e094980c9236216734e6ba9
ch_foundations_for_inf/figures/95PercentConfidenceInterval/95PercentConfidenceInterval.R	1068	85baa53e4a2a8ccf55ac724eedd0731b77a17bac7281fb85eac9c16ed1661a97
ch_foundations_for_inf/figures/95PercentConfidenceInterval/95PercentConfidenceInterval.pdf	5194	07142295bb6eff0da46e39f448f91d592906afc4087c8288931dceadcf0f0c4b
ch_foundations_for_inf/figures/ARCHIVE/sampling_10k_prop_56p/sampling_10k_prop_56p.R	674	8d3434790dac671279a0b645554870a4a413b638a9b2b49f85dbcb477e611a89
ch_foundations_for_inf/figures/ARCHIVE/sampling_10k_prop_56p/sampling_10k_prop_56p.pdf	5063	b017e68f0c4e607323a1b9b94ae4ef25a696a2994cc94d779f5aadb5601667a1
ch_foundations_for_inf/figures/arrayOfFigureAreasForChiSquareDistribution/chiSquareAreaAbove10WithDF4/chiSquareAreaAbove10WithDF4.R	229	8d74a23d20c698fb38d58f84d2ff57d5601fd11c8ad7d21a4fa547f5cbdc9faa
ch_foundations_for_inf/figures/arrayOfFigureAreasForChiSquareDistribution/chiSquareAreaAbove10WithDF4/chiSquareAreaAbove10WithDF4.pdf	5940	7c09a33946a9bac71fbb605ffe8410e8ace43f722a8170a3857a27f6ebffc26f
ch_foundations_for_inf/figures/arrayOfFigureAreasForChiSquareDistribution/chiSquareAreaAbove11Point7WithDF7/chiSquareAreaAbove11Point7WithDF7.R	237	e37cb42dbce8975ab9d1ba3ebe3942b999ca5cd7dff78823e359432673c7ea22
ch_foundations_for_inf/figures/arrayOfFigureAreasForChiSquareDistribution/chiSquareAreaAbove11Point7WithDF7/chiSquareAreaAbove11Point7WithDF7.pdf	6132	03597db6f1a5d718dc9bbaf9d0d82c30b9ba07b2bb68d7d3ab22f759d741f19b
ch_foundations_for_inf/figures/arrayOfFigureAreasForChiSquareDistribution/chiSquareAreaAbove4Point3WithDF2/chiSquareAreaAbove4Point3WithDF2.pdf	5744	ffcacb3cde7dcf56834d8d9751836f145a531a8de645f6b02e73acf7866b7fe0
ch_foundations_for_inf/figures/arrayOfFigureAreasForChiSquareDistribution/chiSquareAreaAbove4Point3WithDF2/chiSquareAreaAbove4WithDF2.R	235	af9b42c5e17a1f377007c20ccef1b76376625b89d2c7555d48da7a1f6e71f313
ch_foundations_for_inf/figures/arrayOfFigureAreasForChiSquareDistribution/chiSquareAreaAbove5Point1WithDF5/chiSquareAreaAbove5Point1WithDF5.R	235	4347f8e2ac1c54a5b1adcd8e074ed721dacd9e6dff9e7d26514d85c9c75aa502
ch_foundations_for_inf/figures/arrayOfFigureAreasForChiSquareDistribution/chiSquareAreaAbove5Point1WithDF5/chiSquareAreaAbove5Point1WithDF5.pdf	6062	55358cb9df18dd9226c90ba8bf51782a603b7ac9a5ea65b2bfe72fb9d6e0398f
ch_foundations_for_inf/figures/arrayOfFigureAreasForChiSquareDistribution/chiSquareAreaAbove6Point25WithDF3/chiSquareAreaAbove6Point25WithDF3.R	237	ef64ad7126fd30b039154d75cde8d73f0dd709eea770ef5aa5cb583578778fbe
ch_foundations_for_inf/figures/arrayOfFigureAreasForChiSquareDistribution/chiSquareAreaAbove6Point25WithDF3/chiSquareAreaAbove6Point25WithDF3.pdf	5842	1966f87fb2dc6a80e1e7513c02bc248f1dc9dd952a7373f1c9e2d9772cb19b29
ch_foundations_for_inf/figures/arrayOfFigureAreasForChiSquareDistribution/chiSquareAreaAbove9Point21WithDF3/chiSquareAreaAbove9Point21WithDF3.R	237	eea02ee66eacfa2e7eade07613af50451eb1cffdf547abe77e15fd6433dea39e
ch_foundations_for_inf/figures/arrayOfFigureAreasForChiSquareDistribution/chiSquareAreaAbove9Point21WithDF3/chiSquareAreaAbove9Point21WithDF3.pdf	5833	100a244874e4fe4c2a66467fb540443215f54b0179549005c1b0fd634c4b1dd6
ch_foundations_for_inf/figures/bladesTwoSampleHTPValueQC/bladesTwoSampleHTPValueQC.R	509	f0abcd556a7118f28829a72179b14c6ecf5d07c1cc55049b1b4e7b91b2f27c3d
ch_foundations_for_inf/figures/bladesTwoSampleHTPValueQC/bladesTwoSampleHTPValueQC.pdf	7920	662f3558bc1d24d40b57a6aa6ec264dbf8032facb26dedc565c7ad24eca4a6a6
ch_foundations_for_inf/figures/business_one_sided_20_21-p_value/business_one_sided_20_21-p_value.R	323	a829a5c72de889e77ef80e715cdf1dc9f7c71a2da83e15945a95746c9212efdd
ch_foundations_for_inf/figures/business_one_sided_20_21-p_value/business_one_sided_20_21-p_value.pdf	7856	600eab1069a0295a7c6e2c4648fef9fbf2f4dfa2ee8e5efc8115595251182400
ch_foundations_for_inf/figures/chiSquareDistributionWithInceasingDF/chiSquareDistributionWithInceasingDF.R	741	fdb1620322a3e0aa737f5b980211f3097cc59501b0f91ec10316dd010ad44c2a
ch_foundations_for_inf/figures/chiSquareDistributionWithInceasingDF/chiSquareDistributionWithInceasingDF.pdf	11998	78ca28a7f9c8c0584ac3d72cc6f848a197e85304c34630854ee1bb4543bc0698
ch_foundations_for_inf/figures/choosingZForCI/choosingZForCI.R	945	171d1f1792bc7d6adda335f2c6a5f9a85009bb3cc3261553a236527859bdd7f1
ch_foundations_for_inf/figures/choosingZForCI/choosingZForCI.pdf	33909	a5520b9d531773f763a750e34fb4864da570c1e91938c20e60ffcfbba79bcc79
ch_foundations_for_inf/figures/clt_prop_grid/clt_prop_grid.R	1650	9993c201048e1bb93fe7d40b15d2043e86c763d364f33767cb5892502af3c031
ch_foundations_for_inf/figures/clt_prop_grid/clt_prop_grid_1.pdf	6447	96d993aeeda432bafb617082a2e00779afa867fcbe631351bc3730329f1fca98
ch_foundations_for_inf/figures/clt_prop_grid/clt_prop_grid_2.pdf	14802	ed9dad8e9519651e5d4e2ca77467f8bfdb347037532265eff762d8b3db3e4bde
ch_foundations_for_inf/figures/communityCollegeClaimedHousingExpenseDistribution/communityCollegeClaimedHousingExpenseDistribution.R	506	a4100712f0502250de02f3a013a36b236960d05dcf3d6912b2493bee758f2758
ch_foundations_for_inf/figures/communityCollegeClaimedHousingExpenseDistribution/communityCollegeClaimedHousingExpenseDistribution.pdf	4824	2077a41db4906189cd72c60517fc82cde8e39e716c5766705a463818b565987d
ch_foundations_for_inf/figures/eoce/adult_heights/adult_heights.R	436	ebc25dba238a931e444157fbffffb6063f33864f6cc197a68671496af64713b2
ch_foundations_for_inf/figures/eoce/adult_heights/adult_heights_hist.pdf	4674	486ef0179721127302ebc7f43d240a3c1918ab4411d20a780191b0a14e523da5
ch_foundations_for_inf/figures/eoce/age_at_first_marriage_intro/age_at_first_marriage_intro.R	470	52a0c9392e4e2040de0d02b91aab073728756bf2560d8a6f48dfa5a0fa2d0516
ch_foundations_for_inf/figures/eoce/age_at_first_marriage_intro/age_at_first_marriage_intro_hist.pdf	4884	0b50afe16b75182744c919a5681dc585e6f2ca72956aa392da082eae5e04dcb9
ch_foundations_for_inf/figures/eoce/assisted_reproduction_one_sample_randomization/assisted_reproduction_one_sample_randomization.R	1525	854ecb17d03d9ca3e5445f811a5f035d8f55051efd9c4205a5cb2dd2323b8d2d
ch_foundations_for_inf/figures/eoce/assisted_reproduction_one_sample_randomization/assisted_reproduction_one_sample_randomization.pdf	5467	f0bf933d1e8d4b6a7f78c4af56a77a910572f888834f8de76f76e519d0dcf3ea
ch_foundations_for_inf/figures/eoce/assisted_reproduction_one_sample_randomization/assisted_reproduction_one_sample_randomization_soln.pdf	5654	cc16dcf971b4b76d5b0af92dd2a0d407368847393cd0ff65f9744407beb13acc
ch_foundations_for_inf/figures/eoce/barking_deer_chisq_GOF/barking_deer.jpg	154665	45a8a8ad1f2ed33250329ac2c4846d16c2ad49e67d7a442f29584c83a2b4ee22
ch_foundations_for_inf/figures/eoce/cflbs/cflbs.R	961	cb6836b6e47afbc94d0ddc63b237713afc4a76a2b642386c802cda521c5e5736
ch_foundations_for_inf/figures/eoce/cflbs/cflbs_sketch.pdf	57858	fdb89f089cb0f212d22ac4cc7d458185a463147ad1d3858a64b28471acbd8ea3
ch_foundations_for_inf/figures/eoce/college_credits/college_credits.R	453	abde622cda737d44dcdf8b7b1c63f4a55148d3e8c1670d4261c6a073e05ebdc7
ch_foundations_for_inf/figures/eoce/college_credits/college_credits_hist.pdf	4598	b6f0c492bef17d455364351123884d4336380b7d5077c30a775f442928b6e223
ch_foundations_for_inf/figures/eoce/egypt_revolution_one_sample_randomization/egypt_revolution_one_sample_randomization.R	1501	5ab57c2c64ffa2fad2680f063c43bcf7d9dc9b5f98129cbc5fccf94abcdbffe4
ch_foundations_for_inf/figures/eoce/egypt_revolution_one_sample_randomization/egypt_revolution_one_sample_randomization.pdf	5321	bd5ff4d30fc8726b15bea94180f57741f8c2e47a7b79696579a0f7693d49f7e3
ch_foundations_for_inf/figures/eoce/egypt_revolution_one_sample_randomization/egypt_revolution_one_sample_randomization_soln.pdf	5578	8f47bab7bbfe78781ab246b40776aa830b30794cb7951c7584d2fea3ac850c49
ch_foundations_for_inf/figures/eoce/exclusive_relationships/exclusive_relationships.R	662	d2be877fb271cbb2a22f995c4d66d383c4b1be2fd7008bad6b0c49d44c5c4a89
ch_foundations_for_inf/figures/eoce/exclusive_relationships/exclusive_relationships_rel_hist.pdf	4632	22d0b254f0f4f359535a9467eb57b1fa5a3746507f75bbb3a40e981f8a06efa4
ch_foundations_for_inf/figures/eoce/exclusive_relationships/survey.csv	468	c846ae68c0eb0c4fcdb1f0aec36883e407b20976ab259edfd2f5e9a7fcd30351
ch_foundations_for_inf/figures/eoce/gifted_children_ht/gifted_children_ht.R	516	aa924af6f97c745d13ba7b32acb04346a5287960c889569e60760044caec40ae
ch_foundations_for_inf/figures/eoce/gifted_children_ht/gifted_children_ht_momIQ_hist.pdf	4526	e9c6677069dbebfa23c486ff8c757cf9c58cb8fcdea8d64ccd13a84fcf2dd123
ch_foundations_for_inf/figures/eoce/gifted_children_intro/gifted_children_ht_count_hist.pdf	36282	3fd98786dd466b2d3346f25756ddeb37e14c22a89b6fed306da5dea174100d9f
ch_foundations_for_inf/figures/eoce/gifted_children_intro/gifted_children_intro.R	550	e3061b3912ab4e2f48a279a6a8b3ad7552f4f490155f7369b7e68b0709a4f8fb
ch_foundations_for_inf/figures/eoce/identify_dist_ls_pop/identify_dist_ls_pop.R	1841	bf903d8ead341475e4367e0bfa00db9e2b2f94c0653872e582545eb13f4f7f54
ch_foundations_for_inf/figures/eoce/identify_dist_ls_pop/identify_dist_ls_pop.pdf	8274	d0237580c58ca8c32f3ebba2b3f5b4ef96d149bcd61b457e0a625e22b34e7614
ch_foundations_for_inf/figures/eoce/identify_dist_ls_pop/identify_dist_ls_samp.pdf	4355	67daa3f74de4a0c8da049a5c1805c071f333c2c8337e6d503736a5fef9481126
ch_foundations_for_inf/figures/eoce/identify_dist_ls_pop/identify_dist_ls_sampling_n18.pdf	4373	a6fd7c99d3f7e6a9d54edff1037a6eb1dc9f6f21c7423bb60bafa41a995b7dc3
ch_foundations_for_inf/figures/eoce/identify_dist_ls_pop/identify_dist_ls_sampling_n81.pdf	4367	bd1ae7af427b27bc1f62f2d87c36b65bcb81cc8bd091eed3c02d0e3013afcd47
ch_foundations_for_inf/figures/eoce/identify_dist_symm_pop/identify_dist_symm_pop.R	1967	2007d4a1d3626547192ceee5e2e1503f39fa1cca2b731a09f0c9763351263383
ch_foundations_for_inf/figures/eoce/identify_dist_symm_pop/identify_dist_symm_pop.pdf	8552	7a775afc2e7c40a39cef14b87597751fbd3877878982cc0a429460cd0a0453a4
ch_foundations_for_inf/figures/eoce/identify_dist_symm_pop/identify_dist_symm_samp.pdf	4308	4ee7963af1a8897bc9d476de970204c207ccf225a95b4f251d35a215573e56e9
ch_foundations_for_inf/figures/eoce/identify_dist_symm_pop/identify_dist_symm_sampling_n25.pdf	4286	a680f717db33592abb81b439cb97c36665d20506b888c0d8daa30917fa8afce4
ch_foundations_for_inf/figures/eoce/identify_dist_symm_pop/identify_dist_symm_sampling_n5.pdf	4379	fc5cb61cdf58881d4a821cc3b0ce806ac10cc5edc2d071d83b86ebbc577ff98c
ch_foundations_for_inf/figures/eoce/pennies_ages/penniesAges.Rda	409	d60b828ec6a208faf2ae1553f3ed62e106b7800e42b10b1fae89a48f55d68517
ch_foundations_for_inf/figures/eoce/pennies_ages/pennies_ages.R	1939	1d3a2691ab94ad1e87a4310f28004e55d8720a70294bf9bee759f906c95c80ae
ch_foundations_for_inf/figures/eoce/pennies_ages/pennies_ages_pop.pdf	4507	89286ebbb9c6c6b9bd5afb761783f3d0ffc60a510339733c60f5b4872a77a33d
ch_foundations_for_inf/figures/eoce/pennies_ages/pennies_ages_sampling_n100.pdf	4636	0c9523376f5acdadb92231306a833f2a7ff73d457d1ebce76c71d3692482c2ff
ch_foundations_for_inf/figures/eoce/pennies_ages/pennies_ages_sampling_n30.pdf	4621	e44da506bf44c5a9c98211bc6168f9fca0f5b8be391e398b65797403e37176f8
ch_foundations_for_inf/figures/eoce/pennies_ages/pennies_ages_sampling_n5.pdf	4676	8d1b4b7764d1012bfbbfadeb87fd75936511b0837f5721caa226606731f316b4
ch_foundations_for_inf/figures/eoce/penny_weights/penny_weights.R	984	66bb385caabd32844b5a536b2c7c50ec9a61f5aeb973ce1ad7bd9113a04df11f
ch_foundations_for_inf/figures/eoce/penny_weights/penny_weights_sketch.pdf	6273	152a582a120110b0002453bfaa664029cce83e1bf1dea256994f79dfcaef0eba
ch_foundations_for_inf/figures/eoce/social_experiment_two_sample_randomization/social_experiment_two_sample_randomization.R	1933	0f020d9726a1c662320599d2fd6c367ab9349576887a4127594bfd7dac2d45b7
ch_foundations_for_inf/figures/eoce/social_experiment_two_sample_randomization/social_experiment_two_sample_randomization.pdf	5433	cb385158a065206cae6fc9d9a3a0f137d17b40c627562b99319d153802e054c5
ch_foundations_for_inf/figures/eoce/social_experiment_two_sample_randomization/social_experiment_two_sample_randomization_soln.pdf	5618	efef2d958c647018260e77db57b11712d45bf25044dce98a9ce97d3ca51d6c03
ch_foundations_for_inf/figures/eoce/songs_on_ipod/songs_on_ipod.R	462	81b9d4e478b082a2b0a00c868796e929384212c720a5d4a757c1cfeebba7150f
ch_foundations_for_inf/figures/eoce/songs_on_ipod/songs_on_ipod_pop_hist.pdf	4590	f4104b299c892e754e93291acfb9aa23471aafad94b49149455120c45c9b45b9
ch_foundations_for_inf/figures/eoce/thanksgiving_spending_intro/thanksgiving_spending_intro.R	480	9367f3575738841cf44a62903bf0cb244155f6b54e55a2ec4dd4ba1ca02203d6
ch_foundations_for_inf/figures/eoce/thanksgiving_spending_intro/thanksgiving_spending_intro_pop_hist.pdf	4743	7db85265092d303194abb2377ec7c523e60e91abeb910dbcb19ad09c897b1932
ch_foundations_for_inf/figures/eoce/yawning_two_sample_randomization/yawning_two_sample_randomization.R	1722	d4bacc6f893c246cefa0e6c955562e4f130232249a6e0462772c38d9e93f6892
ch_foundations_for_inf/figures/eoce/yawning_two_sample_randomization/yawning_two_sample_randomization.pdf	5889	18431d2e7a976b4bd8c08feab03ac808307dafffee3bf9fafe60148255d4daa2
ch_foundations_for_inf/figures/eoce/yawning_two_sample_randomization/yawning_two_sample_randomization_soln.pdf	6056	157666bd5de0ffde5a14e99ca9b9ddd77db35e09dbda37d814f3b7962a978d9c
ch_foundations_for_inf/figures/geomFitEvaluationForSP500For1990To2011/geomFitEvaluationForSP500For1990To2011.R	1134	d996d8f647070884fcf49974f183bc66719a0a732821eac8c63eec4b4dd6c7b1
ch_foundations_for_inf/figures/geomFitEvaluationForSP500For1990To2011/geomFitEvaluationForSP500For1990To2011.pdf	5347	e408ffadeaa74b3940167f0065f528825568586985887ba75718f674088c2a8e
ch_foundations_for_inf/figures/geomFitPValueForSP500For1990To2011/geomFitPValueForSP500For1990To2011.R	426	490b19b9ab246d6f16861a7f630b0113a3dc496f56674ae5d84c9bfff782372b
ch_foundations_for_inf/figures/geomFitPValueForSP500For1990To2011/geomFitPValueForSP500For1990To2011.pdf	6215	6c83a02f6795cd5fdc23dffe3af6f6cccf3c6546d45e5c18dbb5c6f627a6b9f3
ch_foundations_for_inf/figures/googleHTForDiffAlgPerformancePValue/googleHTForDiffAlgPerformancePValue.R	234	53002649a7a6569996aae5f1304117373702fc7268bb7ad62e272358402a9be2
ch_foundations_for_inf/figures/googleHTForDiffAlgPerformancePValue/googleHTForDiffAlgPerformancePValue.pdf	5825	1aaa9aa6bae005f7aa739390d1678347f30d215ab989c6edddc26d55c16b788a
ch_foundations_for_inf/figures/helpers.R	1208	32a70d2e171a53ce94489aa7b2f8236e16bb41613e243836f614505630d0d0c2
ch_foundations_for_inf/figures/jurorHTPValueShown/jurorHTPValueShown.R	232	9b4f367cf73168f06fd06e99a262e0cdc9d3ddfa40931330c8332ae45d322990
ch_foundations_for_inf/figures/jurorHTPValueShown/jurorHTPValueShown.pdf	10328	9d645e951758c79ca59f49ef08056420a12a98b491b6b345de24bb12cc64651d
ch_foundations_for_inf/figures/mammograms/mammogramPValue.pdf	7879	afb58f46da385a6cde4f434aa46a1329ac8113753fbd79d1b3b6e5b023f719cd
ch_foundations_for_inf/figures/mammograms/mammograms.R	396	513719c186f5119b9b0ece7a22cb76db728d826f8c1833ee02ee9fa14baa28a9
ch_foundations_for_inf/figures/normal_dist_mean_500_se_016/normal_dist_mean_500_se_016.R	1447	f91e2ddcc5f826945538948ccfc2d221c434a31aa5aab59381f223fa5e471d91
ch_foundations_for_inf/figures/normal_dist_mean_500_se_016/normal_dist_mean_500_se_016.pdf	22154	25a68a70f814e5a780fef459cf1691ac1f8f864a2a8181bcc05761cec1e5879a
ch_foundations_for_inf/figures/normal_dist_mean_500_se_016/normal_dist_mean_500_se_016_with_upper.pdf	22798	a41223a2788013751c09692645ab798555ddfc7e671432ccecf56455a874813c
ch_foundations_for_inf/figures/nuclearArmsReduction/nuclearArmsReduction.R	736	1118b030df6cea82c4ebea4f91cbf483fc0328f32bcf3b935e7870657aa4da1b
ch_foundations_for_inf/figures/nuclearArmsReduction/nuclearArmsReductionPValue.pdf	21807	d09a9ad8e3b746a0346202e7776fb7b4ae851792c7d70e39b1717f0ece2741e9
ch_foundations_for_inf/figures/p-hat_from_53_and_59-not-used/p-hat_from_53_and_59.R	322	5b257ada9796879e8e2142cff750128c4a4544114a7f5725910a045bc6abfac9
ch_foundations_for_inf/figures/p-hat_from_53_and_59-not-used/p-hat_from_53_and_59.pdf	7875	645b5e34205759b2bf74e79d5ca734b7a477f3531f4bbca6df341ac8c2199787
ch_foundations_for_inf/figures/p-hat_from_53_and_59_computation/NormTailsCalc.R	1475	606742c5c93fd346ad4ac4414b882e457cf7ba0000e335c121057acf2b640dbd
ch_foundations_for_inf/figures/p-hat_from_53_and_59_computation/p-hat_from_53_and_59_computation.R	1360	814b2f46b310522e79fabc81edec0bcae89319211d0581f26ce6205c3c286fd6
ch_foundations_for_inf/figures/p-hat_from_53_and_59_computation/p-hat_from_53_and_59_computation.pdf	25123	92874654a03e3432c98b09c1cdf8a4654a0d69713eb433897a97f919c30a8e23
ch_foundations_for_inf/figures/p-hat_from_867_and_907-not-used/p-hat_from_867_and_907.R	330	e82300bf4ef596bd20c786c2f87368c13f20a900b6adf2f373d3d0caeb60abbb
ch_foundations_for_inf/figures/p-hat_from_867_and_907-not-used/p-hat_from_867_and_907.pdf	7873	0ca6224ab40ef15ff749a69b07376832ccb884046a5d51c1b36540e681aeb443
ch_foundations_for_inf/figures/p-hat_from_86_and_90/p-hat_from_86_and_90.R	322	39d4ba73325ca03a94ac3a776d02997e74b84b4b6510dbe26a7447d556a99c1b
ch_foundations_for_inf/figures/p-hat_from_86_and_90/p-hat_from_86_and_90.pdf	7871	0d236cdc14789744a57f015db098d034cc0cc7b2183f1738fff2a39535e365af
ch_foundations_for_inf/figures/quadcopter/quadcopter_attribution.txt	96	accf369aa9891991cc3799edf7011b5a53e4e8bf4f069ee33313e146f5d51199
ch_foundations_for_inf/figures/quadcopter/quadcopter_david_j.jpg	1493656	1db88d4694e0dbefe6187ea3f671000bf90928466d0fb8268524b2172cb0d260
ch_foundations_for_inf/figures/sampling_100_prop_X/sampling_100_prop_X.R	1173	775117e6f7a253bad15c595fa2f72bcfb227714b86de71a568767c80d71cf5fa
ch_foundations_for_inf/figures/sampling_100_prop_X/sampling_100_prop_X_12.pdf	7347	be50a34576ab14a7e1c6c1eb2b228b51da943895af7845da85b31c9fc4467b57
ch_foundations_for_inf/figures/sampling_100_prop_X/sampling_100_prop_X_3.pdf	6347	8e59e126decf50ce7fb9cb9bab6fe6cb8e37c411f69bc18c228193477b1956d4
ch_foundations_for_inf/figures/sampling_100_prop_X/sampling_100_prop_X_45.pdf	7334	017f2c886a7d977570643a8c16958379f188145f1c1fcf5fe79721eaae5fb7d3
ch_foundations_for_inf/figures/sampling_10_prop_25p/sampling_10_prop_25p - one figure.R	862	e1aeb0d940bea23c7b17314e29bd3a772089527aa2ae143e8c980f37d17181fd
ch_foundations_for_inf/figures/sampling_10_prop_25p/sampling_10_prop_25p.R	1054	02c223b93fda9039560080d3aae76f4bcc0871a61bab657b096a3bdee38ad774
ch_foundations_for_inf/figures/sampling_10_prop_25p/sampling_10_prop_25p.pdf	44036	9ea8eb5c9059c74a5f5ee91f1f2b4d25901e67270eeee8151d3f93e93aaa569e
ch_foundations_for_inf/figures/sampling_10k_prop_887p/sampling_10k_prop_887p.R	739	6c2c20060f24f20206857438c626588bc02da0f0ae6af2c6cee425176e394a8c
ch_foundations_for_inf/figures/sampling_10k_prop_887p/sampling_10k_prop_887p.pdf	5342	5beab1232ead257c5b9d1b1b9b7659c82dc28f82a4be1b2f131b7f28423af6c4
ch_foundations_for_inf/figures/sampling_10k_prop_88p/sampling_10k_prop_88p.R	737	c79fb3ac64855157cf98499e6671e8c4ed863a75ead728ea8911d5b2783e5731
ch_foundations_for_inf/figures/sampling_10k_prop_88p/sampling_10k_prop_88p.pdf	16329	48fe761ae8f466004d4add9c5f2a9de06ec89028bacbacd78190d6fb862152ea
ch_foundations_for_inf/figures/sampling_5k_prop_50p/sampling_5k_prop_50p.R	751	757446f81fbcd99d449fd09b75c4d1f27f8c7f5bd14d5cd9bf07eea11c7daa03
ch_foundations_for_inf/figures/sampling_5k_prop_50p/sampling_5k_prop_50p.pdf	5914	6fb5b53213c57527cf37dd365347d4f3773904b4c0847e82dca9f0ce328a3ea5
ch_foundations_for_inf/figures/sampling_X_prop_56p/sampling_X_prop_56p.R	510	f9934d31df46805ee0401bf6c4c18fff1f9ff93f690dbc4064191e85072d40e8
ch_foundations_for_inf/figures/sampling_X_prop_56p/sampling_X_prop_56p.pdf	9948	1ec1afaad8d37226a9325e96284e5f55afe90f27de1c3964b60d0dccde4de6d2
ch_foundations_for_inf/figures/sulphStudyFindPValueUsingNormalApprox/sulphStudyFindPValueUsingNormalApprox.R	625	46803d77c4dc9eb2c9b85059964433a58e0f04968ef66c1a2244daea2d80015f
ch_foundations_for_inf/figures/sulphStudyFindPValueUsingNormalApprox/sulphStudyFindPValueUsingNormalApprox.pdf	8494	f234777d7a91060bdda1bac0ca35b8c22887287129f745d9c7b21c0faf1a5195
ch_foundations_for_inf/figures/whyWeWantPValue/whyWeWantPValue.R	1116	fa0dfe4bffd201c6194b542dd4a98f50d39138068b5fd137d1a5e72ae8d56954
ch_foundations_for_inf/figures/whyWeWantPValue/whyWeWantPValue.pdf	8853	18c600dd59d282ed9e40e44a769a2cb7d1a6c058425869a3fc0afbb07c183b89
ch_foundations_for_inf/figures/whyWeWantPValue/whyWeWantPValueProp.pdf	8863	81376ae3f1126e7dde6c743e8d2eebf979350612cbfd7bc427589a060ea8fbdb
ch_inference_for_means/TeX/ch_inference_for_means.tex	141389	d818b24b8e8d0582f8e603972e87764082d8470d91ddcbeaa794c295a1d37bec
ch_inference_for_means/TeX/comparing_many_means_with_anova.tex	17937	4361fa16e8b837de264474973d2d1e8b5f4b479c3a60de522f80db3044eaadc8
ch_inference_for_means/TeX/difference_of_two_means.tex	15611	a4f52c1062a71800611c136b7008216a4822ce6fd6758a89786ee46fe589f9b3
ch_inference_for_means/TeX/one-sample_means_with_the_t-distribution.tex	10225	5d41cfe653f9da3e3b78885c23b3b2d30cd698a11087424fca1abc104de451ae
ch_inference_for_means/TeX/paired_data.tex	8958	dab4aa293fc09c9bf51c21f1d5c19efa229099c3b5ed62bd3ebc71be937917c8
ch_inference_for_means/TeX/power_calculations_for_a_difference_of_means.tex	1548	b0d6b9e02d9a5c067b59602638358b18f11947fb86d344b824e0a5a37e754b51
ch_inference_for_means/TeX/review_exercises.tex	14946	2b07c9b78c7cc7f1553e28c19fbfaeb7a6a7c68a6cf9298b97f5fd4ed42780df
ch_inference_for_means/figures/babySmokePlotOfTwoGroupsToExamineSkew/.Rhistory	6382	44aed26779215dac152d3cfe8e17ffdab426c464a9509affcb52bb33a59bca5f
ch_inference_for_means/figures/babySmokePlotOfTwoGroupsToExamineSkew/babySmokePlotOfTwoGroupsToExamineSkew.R	666	b1dcd3623459da068582d1a0abd4a877d09cac605c6a349d04136de290f275a5
ch_inference_for_means/figures/babySmokePlotOfTwoGroupsToExamineSkew/babySmokePlotOfTwoGroupsToExamineSkew.pdf	5064	9814d15a18ef16589c2de760e9df7f4526bc85e2e55bcad7cdd2934a625d2d40
ch_inference_for_means/figures/cbrRunTimesMenWomen/.Rhistory	5360	9bae3b1c543213602b76c3b14a15ddefbe55eb21e0ac1770bd14bde9539116ba
ch_inference_for_means/figures/cbrRunTimesMenWomen/cbrRunTimesMenWomen.R	679	d851f16da2c93f2195c00e3f372385b235be46d4a950e6303623e961871cbd25
ch_inference_for_means/figures/cbrRunTimesMenWomen/cbrRunTimesMenWomen.pdf	5095	15cfd99fd6dc422d091f3b8496a18dfcc446f121d27bef144af81a50f13627f5
ch_inference_for_means/figures/classData/classData.R	686	5a5b6222df0b5b0eb5610a62f1b8f3df3da94ad29e9006b02cc0c70b8ca827aa
ch_inference_for_means/figures/classData/classDataSBSBoxPlot.pdf	4517	8fadc346905ea2346e0b38488c35af8d8d0ae2d87e4159fec6ad0edf005e138d
ch_inference_for_means/figures/distOfDiffOfSampleMeansForBWOfBabySmokeData/.Rhistory	11942	f7331ac8849b6f7ac78f02823161fb3f50ed6c8b2a9ff8012f187d7f5dc70f4e
ch_inference_for_means/figures/distOfDiffOfSampleMeansForBWOfBabySmokeData/distOfDiffOfSampleMeansForBWOfBabySmokeData.R	446	7b5d5ffa98b2660bf98eaac1b80019edf60c8e53afe62f13bf1ff6f9aab13d34
ch_inference_for_means/figures/distOfDiffOfSampleMeansForBWOfBabySmokeData/distOfDiffOfSampleMeansForBWOfBabySmokeData.pdf	8175	60070cac611447d438ca0d5e7ceb4207834ed9c8fac36bc65026f63ffcbaf7ce
ch_inference_for_means/figures/eoce/adult_heights/adult_heights.R	436	ebc25dba238a931e444157fbffffb6063f33864f6cc197a68671496af64713b2
ch_inference_for_means/figures/eoce/adult_heights/adult_heights_hist.pdf	4674	486ef0179721127302ebc7f43d240a3c1918ab4411d20a780191b0a14e523da5
ch_inference_for_means/figures/eoce/age_at_first_marriage_intro/age_at_first_marriage_intro.R	470	52a0c9392e4e2040de0d02b91aab073728756bf2560d8a6f48dfa5a0fa2d0516
ch_inference_for_means/figures/eoce/age_at_first_marriage_intro/age_at_first_marriage_intro_hist.pdf	4884	0b50afe16b75182744c919a5681dc585e6f2ca72956aa392da082eae5e04dcb9
ch_inference_for_means/figures/eoce/anova_exercise_1/anova_exercise_1.R	434	cc15673b28d1ccb9c0c0fa420636e58903ebdd284753278bc9aa68e87f7308f2
ch_inference_for_means/figures/eoce/anova_exercise_1/torque_on_rusty_bolt_dot_plot.pdf	6695	ec197b9cdd3a95a552b80f9043117b2755bc574d249fc58e4abf121f2e9049db
ch_inference_for_means/figures/eoce/chick_wts_anova/chick_wts.R	805	c546d3e685c1aa1caa83fdaf18596711fd1226bd308ec90f72c1db9a13feb0cd
ch_inference_for_means/figures/eoce/chick_wts_anova/chick_wts_box.pdf	5010	71d23cd033ad065cfc29b022371dae0a87e30986e16f961d565950d33bde7da1
ch_inference_for_means/figures/eoce/chick_wts_linseed_horsebean/chick_wts.R	784	f70d373de65ff298bb6561d8c8595ee46905005092a3f6236f3c762292c9c3ed
ch_inference_for_means/figures/eoce/chick_wts_linseed_horsebean/chick_wts_box.pdf	5010	71d23cd033ad065cfc29b022371dae0a87e30986e16f961d565950d33bde7da1
ch_inference_for_means/figures/eoce/child_care_hours/child_care_hours.R	1601	8513dcb4be30c53981a36dd72c5729e1c82b71097b91053dfd9c9bc0c883f7a8
ch_inference_for_means/figures/eoce/child_care_hours/child_care_hours.pdf	6875	7780aa44dae071600bc637df56b5108290007420f8f439f9ba98ff2d49950d7e
ch_inference_for_means/figures/eoce/child_care_hours/china.csv	70863	06ec6d709436b11c2490db899969cc286e604bac93aebb00ab68f5aa2e140d09
ch_inference_for_means/figures/eoce/cleveland_sacramento/cleveland_sacramento.R	1335	0ceb3d55f348a40efdbdd7119c02b17ab935c346b0778e9d03d1457c2aacf305
ch_inference_for_means/figures/eoce/cleveland_sacramento/cleveland_sacramento_hist.pdf	4867	6827e5f7f44613d2b7728297db9c12174a2cbefb1cdc1051c94832ab165ae464
ch_inference_for_means/figures/eoce/college_credits/college_credits.R	522	c9319212143ef8ec1e19c5a3791b77b40f58f572b16788c532e92b117257758e
ch_inference_for_means/figures/eoce/college_credits/college_credits_hist.pdf	4587	080f8f2e61623839828c43b8c7f31f23a5bf884f6f90eba445356d680a857845
ch_inference_for_means/figures/eoce/diamonds_1/diamonds.R	1272	0b4cc303d8d1da284bfd3808edd0d2ef9fc6d4a81e2de5849e35878f15966365
ch_inference_for_means/figures/eoce/diamonds_1/diamonds_box.pdf	4430	4ad24db93a56475fc713c9c0ae300da8755c863193b5aefb2a0663a889953693
ch_inference_for_means/figures/eoce/exclusive_relationships/exclusive_relationships.R	672	e1c05a73d62ce6588b128d38c153c9088187e948585fb893c6b92e7dad9abcae
ch_inference_for_means/figures/eoce/exclusive_relationships/exclusive_relationships_rel_hist.pdf	4638	688070ebbdd6c33016642f98fccceda51a16c416399769c560fca99922e02e37
ch_inference_for_means/figures/eoce/exclusive_relationships/survey.csv	468	c846ae68c0eb0c4fcdb1f0aec36883e407b20976ab259edfd2f5e9a7fcd30351
ch_inference_for_means/figures/eoce/friday_13th_accident/friday_13th_accident.R	811	c035eb34c74b1b03bc770c0187cf7ef7d4d1c5b5399334f9de122b948b70c46d
ch_inference_for_means/figures/eoce/friday_13th_accident/friday_13th_accident_diff_qq.pdf	4714	9f017ad5145c4b8dd815ad1184b6d2769ac3e1bb6071800213a9e41b4e4c661b
ch_inference_for_means/figures/eoce/friday_13th_accident/friday_13th_accident_hist.pdf	4605	8fb4ade456a03db154e90eae3447dacce0df6eafe23a1fa444210caa9f0d03e4
ch_inference_for_means/figures/eoce/friday_13th_accident/friday_13th_accident_hist_diff.pdf	4281	aeacab13555d1895c27d6e3f104c7de1c0a96522d319c575f0d46ae2971f8661
ch_inference_for_means/figures/eoce/friday_13th_accident/friday_13th_accident_qq.pdf	5149	1f1b091a38b86eddb231d383893b6e77d4dcb636e3a3202ffb05ec3e1930824e
ch_inference_for_means/figures/eoce/friday_13th_traffic/friday_13th_traffic.R	891	d5681494c4cf7d174b4f81ae94e0bae56758bbc533dcf4901c9c79ccc578a418
ch_inference_for_means/figures/eoce/friday_13th_traffic/friday_13th_traffic_hist.pdf	4749	2716479cafb6f1de7a45326714f9078b06f21fa3e185fd619d1032c9c58e6185
ch_inference_for_means/figures/eoce/friday_13th_traffic/friday_13th_traffic_qq.pdf	4749	5fad4fd5601283618e6b6786149b598747228f2cab70f54bb73c24b5a91d730b
ch_inference_for_means/figures/eoce/fuel_eff_city/fuel_eff.csv	238855	e7bfc8fa13132c4784d15aad7bae43e0739e0c61078f1baacbdd491dbec0e977
ch_inference_for_means/figures/eoce/fuel_eff_city/fuel_eff_city.R	1086	04654072282384edd518c9d428e9f9ba35155b022997279be395473b7067cfc0
ch_inference_for_means/figures/eoce/fuel_eff_city/fuel_eff_city_box.pdf	4389	322e02aabb8e0a589ea0d36e842d073f7f62d6257113d7c03c5e5e190a7ca435
ch_inference_for_means/figures/eoce/fuel_eff_hway/fuel_eff.csv	238855	e7bfc8fa13132c4784d15aad7bae43e0739e0c61078f1baacbdd491dbec0e977
ch_inference_for_means/figures/eoce/fuel_eff_hway/fuel_eff_hway.R	1086	8dddaeffd7c8e2b81d245d099de8829bdc6ba1824d15d11ae6ce20cc73f0d504
ch_inference_for_means/figures/eoce/fuel_eff_hway/fuel_eff_hway_box.pdf	4389	481ed1eed268afc07f4bf2f12064d68707ad79b2b515dc2225b223c6b667d521
ch_inference_for_means/figures/eoce/gifted_children/gifted_children.R	974	496e2805f586e621664a386634d6c24f6010dff145aad9f7e52020a5062f276a
ch_inference_for_means/figures/eoce/gifted_children/gifted_children_IQ_hist.pdf	5138	8fab4b5c2c486f7a5ff76ce66cf90187df25639d9b737baa8b6b9634d5365c45
ch_inference_for_means/figures/eoce/gifted_children_ht/gifted_children_ht.R	516	aa924af6f97c745d13ba7b32acb04346a5287960c889569e60760044caec40ae
ch_inference_for_means/figures/eoce/gifted_children_ht/gifted_children_ht_momIQ_hist.pdf	4526	e9c6677069dbebfa23c486ff8c757cf9c58cb8fcdea8d64ccd13a84fcf2dd123
ch_inference_for_means/figures/eoce/gifted_children_intro/gifted_children_ht_count_hist.pdf	36282	3fd98786dd466b2d3346f25756ddeb37e14c22a89b6fed306da5dea174100d9f
ch_inference_for_means/figures/eoce/gifted_children_intro/gifted_children_intro.R	550	e3061b3912ab4e2f48a279a6a8b3ad7552f4f490155f7369b7e68b0709a4f8fb
ch_inference_for_means/figures/eoce/global_warming_v2_1/global_warming_v2_1.R	281	4604e01c885730010361ffb379026888564d2db729b5f56c96c289f0f44e23f5
ch_inference_for_means/figures/eoce/global_warming_v2_1/global_warming_v2_1_diffs.pdf	4736	c56c12fd2ce966b10441d8024327d11848bc4087a37354249a677af8745532b6
ch_inference_for_means/figures/eoce/gpa_major/gpa_major.R	1270	bd336da5780a525bfcdde476864c1a7fb9a8ea551ea16dcaf18bf0da64266d59
ch_inference_for_means/figures/eoce/gpa_major/gpa_major.pdf	4672	b7951afe0ab1db960838a96b0c340ea08ce2e51923446d95713d41ea833ca3ac
ch_inference_for_means/figures/eoce/gpa_major/survey.csv	5008	85308ca8afcb17c5c2e0363d9cb928d7bf1e72f815553cebb88aa23d1c27dd3a
ch_inference_for_means/figures/eoce/hs_beyond_1/hs_beyond.R	1346	caf517892c455f188d3fd038fd8c4e45bfc795bb6b93fad54e46c2b1c4a1c6c8
ch_inference_for_means/figures/eoce/hs_beyond_1/hs_beyond_diff_hist.pdf	4617	d0d1948b26a762a45a310dc3c57565694083a0c687a1619aa656d86148fc3984
ch_inference_for_means/figures/eoce/hs_beyond_1/hs_beyond_read_write_box.pdf	8694	6559ff16de772d83570b19fe4b401216488a97e9a2ed452df374cfcfd15a5b49
ch_inference_for_means/figures/eoce/oscar_winners/oscar_winners.R	837	56a7bb5e94ce55710b4289e34bc15ab0b268295bcfd8aee86164fd6ed023bd29
ch_inference_for_means/figures/eoce/oscar_winners/oscars_winners_hist.pdf	74630	eb4fa163a06a69711f6eec328a5a79db9a5186786be5003df804b819125fdd0f
ch_inference_for_means/figures/eoce/prison_isolation_T/prison_isolation.R	1019	e06164371a39f4ebfa0fe30fe5575940184afd6f23055f5d2d5634f5b6cb3d89
ch_inference_for_means/figures/eoce/prison_isolation_T/prison_isolation.csv	304	ef05c4287b92431b8419d5ec38d5df5c5938a74adbca6d46a4b093f4ed2b75ba
ch_inference_for_means/figures/eoce/prison_isolation_T/prison_isolation_hist.pdf	4703	045f49c255a1c2fa64b5bebfd34f631addc36187598c73fc856c8a7d77c8acf6
ch_inference_for_means/figures/eoce/prison_isolation_T/prison_isolation_qq.pdf	5415	a9d956c8a58c83b61873f1c20935c65be274ac9d4876eb492152ba50280c3bbb
ch_inference_for_means/figures/eoce/prius_fuel_efficiency/prius_fuel_efficiency.R	761	a37687204d73556e42b46adbf36eaaabfc8fd41cecac80e84a13ffe64a8f6f3f
ch_inference_for_means/figures/eoce/prius_fuel_efficiency/prius_fuel_efficiency_hist.pdf	4455	a5ea866b523fc2a2a3a5df7854735d807f7ad05c89e7696ec30497df0a6e42d9
ch_inference_for_means/figures/eoce/prius_fuel_efficiency_update/prius_fuel_efficiency.R	761	a37687204d73556e42b46adbf36eaaabfc8fd41cecac80e84a13ffe64a8f6f3f
ch_inference_for_means/figures/eoce/prius_fuel_efficiency_update/prius_fuel_efficiency_hist.pdf	4455	a5ea866b523fc2a2a3a5df7854735d807f7ad05c89e7696ec30497df0a6e42d9
ch_inference_for_means/figures/eoce/t_distribution/t_distribution.R	485	4d2b7380fba7abbdfc7a92bfaba09061b9666b49b52d9dde80be54cb5d2c985f
ch_inference_for_means/figures/eoce/t_distribution/t_distribution.pdf	17949	9bea5f900e1ff2f10d99217eb08378e637c8ec3a63f906fd250887b56e0e70fe
ch_inference_for_means/figures/eoce/torque_on_rusty_bolt/torque_on_rusty_bolt (Autosaved).R	1012	5f5cd615a6c60a82f67fb5044186eb0ddbe79c460090850cd6f9f71b658541b9
ch_inference_for_means/figures/eoce/torque_on_rusty_bolt/torque_on_rusty_bolt.R	1069	bfdd7c6b320428e9521869c2bafaeada074c1e634a6152361289d17975ce1c81
ch_inference_for_means/figures/eoce/torque_on_rusty_bolt/torque_on_rusty_bolt_dot_plot.pdf	6695	ec197b9cdd3a95a552b80f9043117b2755bc574d249fc58e4abf121f2e9049db
ch_inference_for_means/figures/eoce/work_hours_education/gss2010.Rda	799542	185fc63999f22b9145b24871241c31c3a349de45de97be0355a8d9b611196796
ch_inference_for_means/figures/eoce/work_hours_education/work_hours_education.R	1219	ff7cb1483928ed607b45930e0e4071b572375d7260f42c895aa1a1e7ad7638f8
ch_inference_for_means/figures/eoce/work_hours_education/work_hours_education.pdf	6879	58cd5d89ed150d871580bce0d7fd89d2e7097c20284651b66e23670e21935458
ch_inference_for_means/figures/fDist2And423/fDist2And423.R	807	8624b11ff2791c4da2584d16dbb5c2d732c4c408742645d6217061bce728b595
ch_inference_for_means/figures/fDist2And423/fDist2And423.pdf	5998	195252171f75288caaaf1319fb9509cda96e63cfbd396c0fe0be64e518fa3462
ch_inference_for_means/figures/fDist2And423/fDist2And423Shaded.pdf	6402	b88efdb452a61d7efd4ecacefdac2d6caa9c0ff726bb3473780b55fa2561003e
ch_inference_for_means/figures/fDist3And323/fDist3And323.R	665	b55ee9432d2103aa5d865e57f0a385d45815285d75709b78d5e8b0a644e6fb82
ch_inference_for_means/figures/fDist3And323/fDist3And323.pdf	6135	c8abe6de03d9257af13123c8a9ac10ba381b63b905d5232f7cca8fb5d2f95a5d
ch_inference_for_means/figures/fDist3And323/fDist3And323Shaded.pdf	6790	09cd3dca726728eecb29e7d454bfc414e2cb6415e5a4062f21f46fafa3621bf7
ch_inference_for_means/figures/mlbANOVA/mlbANOVA.R	3162	eb41d69276c0450756dd27e43660375259b08c6d8a0ca0b3586e3fe0d67b7374
ch_inference_for_means/figures/mlbANOVA/mlbANOVABoxPlot.pdf	5347	fa4f123e110a696ddc0e89cf2f16d06701f27e8bd84c78b953b6d675e2bb2178
ch_inference_for_means/figures/mlbANOVA/mlbANOVADiagConstantVar.pdf	5380	f00c7ecab34076e2e6debd9949638f68d1748cb4d121be2e89a0299b177dfc15
ch_inference_for_means/figures/mlbANOVA/mlbANOVADiagNormality.pdf	29552	a4ea1abe93767ab492c935a6b60913e9d215835c64e68b3c90080946ba934bdc
ch_inference_for_means/figures/mlbANOVA/mlbANOVADiagNormalityGroups.pdf	5900	b828a6b4b9dffa8448322d903f90782080cde8b35901e381d3fba6a2a834f1e7
ch_inference_for_means/figures/outliers_and_ss_condition/outliers_and_ss_condition.R	692	d6ff755fbb5b82d1ab7fd6b43faefb4330b430b5e8698d2da8d8f657d081dae4
ch_inference_for_means/figures/outliers_and_ss_condition/outliers_and_ss_condition.pdf	5071	e3522b83b91e7897b843246727adc99c264b4ca4ead9dc0bc1b0793215307100
ch_inference_for_means/figures/pValueOfTwoTailAreaOfExamVersionsWhereDFIs26/pValueOfTwoTailAreaOfExamVersionsWhereDFIs26.R	388	2a8118550ea35c653df13df2bda2e34d2fb866694eae4ec4586dda71aef19668
ch_inference_for_means/figures/pValueOfTwoTailAreaOfExamVersionsWhereDFIs26/pValueOfTwoTailAreaOfExamVersionsWhereDFIs26.pdf	8641	d39e6ecb7e207ba019d886b1fd598a8356339f2c6ee61df8d3683fe30fc97b9b
ch_inference_for_means/figures/pValueShownForSATHTOfOver100PtGain/pValueShownForSATHTOfOver100PtGain.R	363	b04a66af7257699599bff819312fcd60c49f86c4c2aecf90fb609aef7a66f645
ch_inference_for_means/figures/pValueShownForSATHTOfOver100PtGain/pValueShownForSATHTOfOver100PtGain.pdf	8616	e6d5f153e85a36201d9d54109048adcee5f7ab4e98d369adaf68df7ef1389da2
ch_inference_for_means/figures/power_best_sample_size/power_best_sample_size.R	1583	a451712ca645b1ef9916e66481d353f9d9473e67d16aa72a87affae84e2e432d
ch_inference_for_means/figures/power_best_sample_size/power_best_sample_size.pdf	13645	bf2f02edb972194c18d0709290739f6cc915b07925a344ea7ecfe56dfd465389
ch_inference_for_means/figures/power_curve/power_curve.R	531	d1b0e3137fb03645582f9d6b685d7cd8c9cfc82490d38fef38cd3f79002b61d1
ch_inference_for_means/figures/power_curve/power_curve_neg-3.pdf	8330	508bafdd8e5e4ecfafe4073f9a8cfcdebc8eb8224608fe3b075527c428c82f56
ch_inference_for_means/figures/power_null_0_0-76/power_null_0_0-76.R	1214	623308a7f42a5655ce4f04bb17da4e4d8a4e46b46520d1e65d68a3c55975b2a5
ch_inference_for_means/figures/power_null_0_0-76/power_null_0_0-76_with_alt_at_3_and_shaded.pdf	12736	3f03e2498b384a83658dc82762f947de216e5e4389d3444b60924b45be6862cb
ch_inference_for_means/figures/power_null_0_1-7/power_null_0_1-7.R	2730	8154d7bd16bf0cf1a61cc5c93f430c28f7061f698a79da8da3c0fba93af83193
ch_inference_for_means/figures/power_null_0_1-7/power_null_A_0_1-7.pdf	8106	78566231632e333fbeffc6de75389441646aad6273d65f3b777e3ea991c441fa
ch_inference_for_means/figures/power_null_0_1-7/power_null_B_0_1-7_with_rejection_region.pdf	8435	66785d2d386552b6719fbac1a2da1f415cfb97a023ae03b79290399075cfff81
ch_inference_for_means/figures/power_null_0_1-7/power_null_C_0_1-7_with_alt_at_3.pdf	13179	b6ad8afa0ce40556ab0938d9df59f548a2e353476e93a6f5e5503a7e99a174f4
ch_inference_for_means/figures/power_null_0_1-7/power_null_D_0_1-7_with_alt_at_3_and_shaded.pdf	13590	ff32fde20f7fd0fb559aa8fd414dc9e753817f07ef4ed40dc802993c10608277
ch_inference_for_means/figures/rissosDolphin/ReadMe.txt	119	51903690d2b3cd10e69431292a345a08e321ac06d390252e852f4deef200088f
ch_inference_for_means/figures/rissosDolphin/rissosDolphin.jpg	72046	591d0ba9d9a228e58f2e8841536b826847f219d68cf791d6740986b7768ee200
ch_inference_for_means/figures/run10SampTimeHistogram/run10SampTimeHistogram.R	746	1bd20d0f8823555d2aefad5f93d884ed977b0541203b21de96ff89a4a3ef9fb9
ch_inference_for_means/figures/run10SampTimeHistogram/run10SampTimeHistogram.pdf	4636	d18930e2aeb56f187aed3fd07010c751bdb2de005e28363d30619095ea7dfd5b
ch_inference_for_means/figures/run10SampTimeHistogram/run17SampTimeHistogram.pdf	4617	e7e21b8a3807dae74b8a82f970ff9096268c169260ab52688ead88d393d13270
ch_inference_for_means/figures/satImprovementHTDataHistogram/satImprovementHTDataHistogram.R	379	326137e168c02ca096676dfe82f1dd01a9c48dc1e94cfd63c2e318d771b2652f
ch_inference_for_means/figures/satImprovementHTDataHistogram/satImprovementHTDataHistogram.pdf	19123	4d967304d4b6fef01760350e9395516714372b9582b8d002de6d1dd860b0a8d4
ch_inference_for_means/figures/stemCellTherapyForHearts/.Rhistory	26041	fc2213b8c6cc2b898de022520607901668f627e1f662808cfc0eafde1fc21a03
ch_inference_for_means/figures/stemCellTherapyForHearts/stemCellTherapyForHearts.R	1197	e725a353a653ba13f458b54a0ad42ec4bda9b3865a10ed405b96bbf68b5a6306
ch_inference_for_means/figures/stemCellTherapyForHearts/stemCellTherapyForHearts.pdf	5084	6152e690035fd28571bfc69b66f9ddc56e1b221d9738c3fde35dc8fd22d109f8
ch_inference_for_means/figures/stemCellTherapyForHeartsPValue/.Rhistory	28187	561cc0391814c7668afec64780e7c42df2913b0a7c70390e6c47a6d77236784d
ch_inference_for_means/figures/stemCellTherapyForHeartsPValue/stemCellTherapyForHeartsPValue.R	487	b71d1ec7b765abd4d88342a694e2e653269d67cb56c8d0c465dba5f36d0be570
ch_inference_for_means/figures/stemCellTherapyForHeartsPValue/stemCellTherapyForHeartsPValue.pdf	8709	ea3481646fbdfd4deb51202d187d20c1f51cbd37074bb6491119fce87d75155e
ch_inference_for_means/figures/tDistAppendixTwoEx/tDistAppendixTwoEx.R	417	d9ee276898c708cf0ab0d84e680ddca552fe12ce5f8636056e178a7f29746c6f
ch_inference_for_means/figures/tDistAppendixTwoEx/tDistAppendixTwoEx.pdf	12617	62d27aa5fe90a5728f028384915b28a90681c9ebf79feae330920eb802137d79
ch_inference_for_means/figures/tDistCompareToNormalDist/tDistCompareToNormalDist.R	851	83f648e6925dee7255618614cc6633653db4c649feef1094a5afb83610512408
ch_inference_for_means/figures/tDistCompareToNormalDist/tDistCompareToNormalDist.pdf	15583	28470fe71fc00a899d6cae91c1572c26d7ee374bfab18e071bfb488034b1cd71
ch_inference_for_means/figures/tDistConvergeToNormalDist/.Rhistory	530	054a686d839fea06d6f728e92001bb678be3f5316f992a944140b9ba54b6a594
ch_inference_for_means/figures/tDistConvergeToNormalDist/tDistConvergeToNormalDist.R	797	bc4ce12c5b3d19c068119be7ce525225fe0222d2efa7bc6a6c264503eb494958
ch_inference_for_means/figures/tDistConvergeToNormalDist/tDistConvergeToNormalDist.pdf	19212	754dd5ab4ab301b060c3f951a28a653bd1c65a2d52e9eb348578582adac71160
ch_inference_for_means/figures/tDistDF18LeftTail2Point10/tDistDF18LeftTail2Point10.R	263	add4c26d6b865850a1d4bdca15a1673db64948483644798b72ae250de1f394f8
ch_inference_for_means/figures/tDistDF18LeftTail2Point10/tDistDF18LeftTail2Point10.pdf	24430	e1da0ef09eb01c68d5aec3ec9d4cedbbe6c705f031290ed31bdfc6b7eb46bb0e
ch_inference_for_means/figures/tDistDF20RightTail1Point65/.Rhistory	30207	bc343e34a3f459b8bc3eb04b08a2864dabd75bebdbdf8efc1afad51c0718f026
ch_inference_for_means/figures/tDistDF20RightTail1Point65/tDistDF20RightTail1Point65.R	425	d48f7853ec0dc24fe77d4f5924716d4b2e2146a8b23eab4e0aad1d3e9720c17a
ch_inference_for_means/figures/tDistDF20RightTail1Point65/tDistDF20RightTail1Point65.pdf	13328	b2a7ae6e05ada61536a49703e215fed0252e70f23078086e34bd16c398d5465e
ch_inference_for_means/figures/textbooksF18/diffInTextbookPricesF18.R	574	4d6e8f39d9ca47c7bfdc1438165842a2663d3f3f0a1437a45551b2df6e7232f6
ch_inference_for_means/figures/textbooksF18/diffInTextbookPricesF18.pdf	4593	c8a3887d4393d63b7155bd2d57465a29c20a24752b45fa11b0be4e1dfb9be831
ch_inference_for_means/figures/textbooksF18/textbooksF18HTTails.R	627	655679629aed425d37e92afb65cc5d88ac7997ced3371f820b84e58ed1bf8b78
ch_inference_for_means/figures/textbooksF18/textbooksF18HTTails.pdf	9048	eecd4e9b7c537c03dc1518e600a9ed4fc72697fc4411ed5f1cc0e01e890dd2ea
ch_inference_for_means/figures/textbooksS10/.Rhistory	165221	4fcd49d1016398038171df866e8b218ebe13d88672fe60088076375c3682c2e4
ch_inference_for_means/figures/textbooksS10/diffInTextbookPricesS10.R	486	31776535c51341df381a77046e7a24e148c9bf9014a0d497184eb838a87092d8
ch_inference_for_means/figures/textbooksS10/diffInTextbookPricesS10.pdf	4609	4a44d90c1b51ee33b0976a95519123e398254c85ca88765c040585271c7db65a
ch_inference_for_means/figures/textbooksS10/textbooksS10HTTails.R	747	94916b2b7c64a196713d76d7eb784dcc3772daedcfbe6e3eef00e8c89bdb3d2b
ch_inference_for_means/figures/textbooksS10/textbooksS10HTTails.pdf	7466	abd5f2853cacf8b557632e31a454cecbbd098d38882b9ced41c89d398bdd2105
ch_inference_for_means/figures/textbooks_scatter/textbooks_scatter.R	1203	e70564069a1a4c77d79c5de540a2ceccfc74408e7d5557d1acf0a13e912c8b86
ch_inference_for_means/figures/textbooks_scatter/textbooks_scatter.pdf	8396	32156707f6c2a5b06443d4af6f309631d41865849a56ef0edd87a61ff3647897
ch_inference_for_means/figures/textbooks_scatter/textbooks_scatter_residuals.pdf	8447	3d5829fae9f8183f549454bcde870d2834937d698030934fc96865e5ab275155
ch_inference_for_means/figures/toyANOVA/toyANOVA.R	1234	803fbe9b2238ac12197d9459f5bf200afca962e9b2ee25846350ad7c5202dda0
ch_inference_for_means/figures/toyANOVA/toyANOVA.pdf	11967	8fb87de30fa9df7f806c2f17adc56891eefc4a79ff2e7cae5097e41825b6dc01
ch_inference_for_props/TeX/ch_inference_for_props.tex	108212	998ee8a72d95b4dd0803f678a1a4c0bf6e1e561ec4284c83c7e0083d03a7db29
ch_inference_for_props/TeX/difference_of_two_proportions.tex	18123	d4c845fcd4b06270750f13292ad20d0df1900b3c80883bf745aacfd35e983873
ch_inference_for_props/TeX/inference_for_a_single_proportion.tex	14353	75e17c52954b82604090f09a8131ba5bf9b97494d76f4b34d8c4448ccc426655
ch_inference_for_props/TeX/review_exercises.tex	13065	04ce4115af4d1285cee79308a753f01fb3c2e7e018e4a93269f03bdcb973aa05
ch_inference_for_props/TeX/testing_for_goodness_of_fit_using_chi-square.tex	4331	c3e8aa4d275a6c1667593f77f4508b23749f479bf4bf1cc9544ce0f0501e5e24
ch_inference_for_props/TeX/testing_for_independence_in_two-way_tables.tex	4994	67ec9eec0704a1842669a0f28edeb7b3537ae8bee544adb0e36b34d7009d6167
ch_inference_for_props/figures/arrayOfFigureAreasForChiSquareDistribution/chiSquareAreaAbove10WithDF4/chiSquareAreaAbove10WithDF4.R	229	8d74a23d20c698fb38d58f84d2ff57d5601fd11c8ad7d21a4fa547f5cbdc9faa
ch_inference_for_props/figures/arrayOfFigureAreasForChiSquareDistribution/chiSquareAreaAbove10WithDF4/chiSquareAreaAbove10WithDF4.pdf	5940	7c09a33946a9bac71fbb605ffe8410e8ace43f722a8170a3857a27f6ebffc26f
ch_inference_for_props/figures/arrayOfFigureAreasForChiSquareDistribution/chiSquareAreaAbove11Point7WithDF7/chiSquareAreaAbove11Point7WithDF7.R	237	e37cb42dbce8975ab9d1ba3ebe3942b999ca5cd7dff78823e359432673c7ea22
ch_inference_for_props/figures/arrayOfFigureAreasForChiSquareDistribution/chiSquareAreaAbove11Point7WithDF7/chiSquareAreaAbove11Point7WithDF7.pdf	6132	03597db6f1a5d718dc9bbaf9d0d82c30b9ba07b2bb68d7d3ab22f759d741f19b
ch_inference_for_props/figures/arrayOfFigureAreasForChiSquareDistribution/chiSquareAreaAbove4Point3WithDF2/chiSquareAreaAbove4Point3WithDF2.pdf	5744	ffcacb3cde7dcf56834d8d9751836f145a531a8de645f6b02e73acf7866b7fe0
ch_inference_for_props/figures/arrayOfFigureAreasForChiSquareDistribution/chiSquareAreaAbove4Point3WithDF2/chiSquareAreaAbove4WithDF2.R	235	af9b42c5e17a1f377007c20ccef1b76376625b89d2c7555d48da7a1f6e71f313
ch_inference_for_props/figures/arrayOfFigureAreasForChiSquareDistribution/chiSquareAreaAbove5Point1WithDF5/chiSquareAreaAbove5Point1WithDF5.R	235	4347f8e2ac1c54a5b1adcd8e074ed721dacd9e6dff9e7d26514d85c9c75aa502
ch_inference_for_props/figures/arrayOfFigureAreasForChiSquareDistribution/chiSquareAreaAbove5Point1WithDF5/chiSquareAreaAbove5Point1WithDF5.pdf	6062	55358cb9df18dd9226c90ba8bf51782a603b7ac9a5ea65b2bfe72fb9d6e0398f
ch_inference_for_props/figures/arrayOfFigureAreasForChiSquareDistribution/chiSquareAreaAbove6Point25WithDF3/chiSquareAreaAbove6Point25WithDF3.R	237	ef64ad7126fd30b039154d75cde8d73f0dd709eea770ef5aa5cb583578778fbe
ch_inference_for_props/figures/arrayOfFigureAreasForChiSquareDistribution/chiSquareAreaAbove6Point25WithDF3/chiSquareAreaAbove6Point25WithDF3.pdf	5842	1966f87fb2dc6a80e1e7513c02bc248f1dc9dd952a7373f1c9e2d9772cb19b29
ch_inference_for_props/figures/arrayOfFigureAreasForChiSquareDistribution/chiSquareAreaAbove9Point21WithDF3/chiSquareAreaAbove9Point21WithDF3.R	237	eea02ee66eacfa2e7eade07613af50451eb1cffdf547abe77e15fd6433dea39e
ch_inference_for_props/figures/arrayOfFigureAreasForChiSquareDistribution/chiSquareAreaAbove9Point21WithDF3/chiSquareAreaAbove9Point21WithDF3.pdf	5833	100a244874e4fe4c2a66467fb540443215f54b0179549005c1b0fd634c4b1dd6
ch_inference_for_props/figures/bladesTwoSampleHTPValueQC/bladesTwoSampleHTPValueQC.R	519	b2b32950303284f2b2da7248e449100a9d87c29d4e3efc1bcd3fe2fb3465004c
ch_inference_for_props/figures/bladesTwoSampleHTPValueQC/bladesTwoSampleHTPValueQC.pdf	19980	92c3af57f160b5b1788be6610fb574c4a2cd70cd02aa7a21330da8e916238968
ch_inference_for_props/figures/chiSquareDistributionWithInceasingDF/chiSquareDistributionWithInceasingDF.R	741	fdb1620322a3e0aa737f5b980211f3097cc59501b0f91ec10316dd010ad44c2a
ch_inference_for_props/figures/chiSquareDistributionWithInceasingDF/chiSquareDistributionWithInceasingDF.pdf	10271	feb324a8bf54f25817455997634ebc8d63909ae68a66ed6144a9c4452e0d0420
ch_inference_for_props/figures/eoce/assisted_reproduction_one_sample_randomization/assisted_reproduction_one_sample_randomization.R	1525	854ecb17d03d9ca3e5445f811a5f035d8f55051efd9c4205a5cb2dd2323b8d2d
ch_inference_for_props/figures/eoce/assisted_reproduction_one_sample_randomization/assisted_reproduction_one_sample_randomization.pdf	5467	f0bf933d1e8d4b6a7f78c4af56a77a910572f888834f8de76f76e519d0dcf3ea
ch_inference_for_props/figures/eoce/assisted_reproduction_one_sample_randomization/assisted_reproduction_one_sample_randomization_soln.pdf	5654	cc16dcf971b4b76d5b0af92dd2a0d407368847393cd0ff65f9744407beb13acc
ch_inference_for_props/figures/eoce/barking_deer_chisq_GOF/barking_deer.jpg	154665	45a8a8ad1f2ed33250329ac2c4846d16c2ad49e67d7a442f29584c83a2b4ee22
ch_inference_for_props/figures/eoce/egypt_revolution_one_sample_randomization/egypt_revolution_one_sample_randomization.R	1501	5ab57c2c64ffa2fad2680f063c43bcf7d9dc9b5f98129cbc5fccf94abcdbffe4
ch_inference_for_props/figures/eoce/egypt_revolution_one_sample_randomization/egypt_revolution_one_sample_randomization.pdf	5321	bd5ff4d30fc8726b15bea94180f57741f8c2e47a7b79696579a0f7693d49f7e3
ch_inference_for_props/figures/eoce/egypt_revolution_one_sample_randomization/egypt_revolution_one_sample_randomization_soln.pdf	5578	8f47bab7bbfe78781ab246b40776aa830b30794cb7951c7584d2fea3ac850c49
ch_inference_for_props/figures/eoce/social_experiment_two_sample_randomization/social_experiment_two_sample_randomization.R	1933	0f020d9726a1c662320599d2fd6c367ab9349576887a4127594bfd7dac2d45b7
ch_inference_for_props/figures/eoce/social_experiment_two_sample_randomization/social_experiment_two_sample_randomization.pdf	5433	cb385158a065206cae6fc9d9a3a0f137d17b40c627562b99319d153802e054c5
ch_inference_for_props/figures/eoce/social_experiment_two_sample_randomization/social_experiment_two_sample_randomization_soln.pdf	5618	efef2d958c647018260e77db57b11712d45bf25044dce98a9ce97d3ca51d6c03
ch_inference_for_props/figures/eoce/yawning_two_sample_randomization/yawning_two_sample_randomization.R	1722	d4bacc6f893c246cefa0e6c955562e4f130232249a6e0462772c38d9e93f6892
ch_inference_for_props/figures/eoce/yawning_two_sample_randomization/yawning_two_sample_randomization.pdf	5889	18431d2e7a976b4bd8c08feab03ac808307dafffee3bf9fafe60148255d4daa2
ch_inference_for_props/figures/eoce/yawning_two_sample_randomization/yawning_two_sample_randomization_soln.pdf	6056	157666bd5de0ffde5a14e99ca9b9ddd77db35e09dbda37d814f3b7962a978d9c
ch_inference_for_props/figures/geomFitEvaluationForSP500/geomFitEvaluationForSP500.R	1291	91728b5ccccf3e9cb473a29c12bd872dd7e6786e24a2e1f2184cbd6e0e3e8508
ch_inference_for_props/figures/geomFitEvaluationForSP500/geomFitEvaluationForSP500.pdf	10898	9e9d60d2ba4a0de959c694ef97b6f4d153f3582c67a350f76d8964fcacf06b18
ch_inference_for_props/figures/geomFitEvaluationForSP500/sp500_1950_2018.csv	1301875	fb4271bbb4284c03848eda46624734ad37e1b81ca16258385a160c1aa459dd6a
ch_inference_for_props/figures/geomFitPValueForSP500/geomFitPValueForSP500.R	395	e5fefdad61bfe5018ac7c3a7ad94c7b0b62a1467e6e1fcbf77abf14521fc873d
ch_inference_for_props/figures/geomFitPValueForSP500/geomFitPValueForSP500.pdf	32003	7f7d5b0a39a3307bb13892d734628423450ec710e83f9ac715e7e00aa1adcaf8
ch_inference_for_props/figures/iPodChiSqTail/iPodChiSqTail.R	368	16c6c2d5167308537e38b4120ece9e841f6d41d532d9dab32e744329d319d543
ch_inference_for_props/figures/iPodChiSqTail/iPodChiSqTail.pdf	13265	4d34c0d4f59787283086f88fb0eaa7c47714726b0e21fcb440a7bcf8e243acae
ch_inference_for_props/figures/jurorHTPValueShown/jurorHTPValueShown.R	232	9b4f367cf73168f06fd06e99a262e0cdc9d3ddfa40931330c8332ae45d322990
ch_inference_for_props/figures/jurorHTPValueShown/jurorHTPValueShown.pdf	10328	9d645e951758c79ca59f49ef08056420a12a98b491b6b345de24bb12cc64651d
ch_inference_for_props/figures/mammograms/mammogramPValue.pdf	7879	afb58f46da385a6cde4f434aa46a1329ac8113753fbd79d1b3b6e5b023f719cd
ch_inference_for_props/figures/mammograms/mammograms.R	396	513719c186f5119b9b0ece7a22cb76db728d826f8c1833ee02ee9fa14baa28a9
ch_inference_for_props/figures/paydayCC_norm_pvalue/paydayCC_norm_pvalue.R	194	4ba84bd970060ed38ea3ecc0596f608e94a816b64b8230c5a602e342cd8c046e
ch_inference_for_props/figures/paydayCC_norm_pvalue/paydayCC_norm_pvalue.pdf	7912	d50eb71ff792475cb6908ffdd625744aff4bfb45fd20566c0f020bfac33a7b07
ch_inference_for_props/figures/quadcopter/quadcopter_attribution.txt	96	accf369aa9891991cc3799edf7011b5a53e4e8bf4f069ee33313e146f5d51199
ch_inference_for_props/figures/quadcopter/quadcopter_david_j.jpg	1493656	1db88d4694e0dbefe6187ea3f671000bf90928466d0fb8268524b2172cb0d260
ch_intro_to_data/TeX/case_study_using_stents_to_prevent_strokes.tex	4465	625ab88a3404561b8478a503abfe51e59947a07f66a35034d3f48a4900452e99
ch_intro_to_data/TeX/ch_intro_to_data.tex	72798	475c3817d3a489feed58c46a97cc143ddbfff19b24a38c49a81fa378b3fca722
ch_intro_to_data/TeX/data_basics.tex	15144	b1670ee38229068ac7f3c5f5956c5086f30ad118f7340c1ef773bdc23a94083a
ch_intro_to_data/TeX/experiments.tex	5265	e1c9a1106c07103fce38e23b1b07b84db0007903737d817e868ef50fa8bc7990
ch_intro_to_data/TeX/review_exercises.tex	13273	0a31db10e5a45e0bbf11b5b9271d91dd82f6b17656f1dadbad0754718c560e10
ch_intro_to_data/TeX/sampling_principles_and_strategies.tex	14925	5494adf28d3a0151e80eb84f7ee34e4fd3234561749817863ad004e857b0ebe7
ch_intro_to_data/figures/B003_FIGURE_REPLAY.json	11209	e216b01bc584ef23d26ca36940fe159c4a577ecf897e53cfe4342dc9f8693741
ch_intro_to_data/figures/b003_replay_helpers.R	2536	1567688fb41afe8766fd710a41efa06c661f3e2f29209d2696b3f2f70dba23ad
ch_intro_to_data/figures/county_fed_spendVsPoverty/county_fed_spendVsPoverty.R	821	4d2a3c3261e61147da847e0e3b98358af41c240073c0463eec7afdc57ec480a9
ch_intro_to_data/figures/county_fed_spendVsPoverty/county_fed_spendVsPoverty.pdf	194134	7bb06564ad63118c47878c531cf23d4095ce87631d925dce1db414c01408c329
ch_intro_to_data/figures/eoce/air_quality_durham/air_quality_durham.R	2150	ac4fe1d8b7e56ef760ff97acbe9d7bdec1216bf485fdefd66c86c6224bbba888
ch_intro_to_data/figures/eoce/air_quality_durham/air_quality_durham_rel_freq_hist.pdf	4487	4f13ab9e61d1368ceeaa28f9761db94384919cdfaeffb46c462d0aaaee1a30c1
ch_intro_to_data/figures/eoce/air_quality_durham/air_quality_durham_rel_freq_hist_soln.pdf	4643	fe60eaf6acf34a5089998c2eb8858b8ada2c06f813febbc9d9fa130c1cb237a1
ch_intro_to_data/figures/eoce/air_quality_durham/pm25_2011_durham.csv	85096	c8e94654cae47b17daa306b8f306780e08a485ecf175812334d5185ce441ef69
ch_intro_to_data/figures/eoce/airports/REPLAY_RECEIPT.json	2711	b4184133620d6ebdf6c63fe11c7ee14e289dc584927b4cb1cfca083d1543eb79
ch_intro_to_data/figures/eoce/airports/airports.R	3355	d45580cf16273befd8f40b04a5f0c840d9fec92e67a1c35be9520a10c48b124a
ch_intro_to_data/figures/eoce/airports/airports.png	889033	747e80707f97914f63d35d999018dd9dab0d5e63cc61b5a2ecfdb908ba9327fb
ch_intro_to_data/figures/eoce/airports/data/cb_2013_us_state_20m/cb_2013_us_state_20m.dbf	8434	29f68d2bdcc4dc08073fc9ed76d97556caa78f462e90ebde06e2b7f590d4ac32
ch_intro_to_data/figures/eoce/airports/data/cb_2013_us_state_20m/cb_2013_us_state_20m.prj	165	0b9041e921d9ebb43247d314608fe9e38a0b008ee793067fc1806199ea1fb9dd
ch_intro_to_data/figures/eoce/airports/data/cb_2013_us_state_20m/cb_2013_us_state_20m.shp	742616	905d4d5a3e896eb7dbe97da8390e05faa0bf633144cf191470f1d3324afb969c
ch_intro_to_data/figures/eoce/airports/data/cb_2013_us_state_20m/cb_2013_us_state_20m.shp.iso.xml	30571	a8f7407e045c657a5706f3072ab81cf8756c3b7e15f57750bc089e761d386739
ch_intro_to_data/figures/eoce/airports/data/cb_2013_us_state_20m/cb_2013_us_state_20m.shp.xml	17580	0d680d3bcfef870dc601f7db25acd8bd1669f4900fdbceee17f8dcd344ed9534
ch_intro_to_data/figures/eoce/airports/data/cb_2013_us_state_20m/cb_2013_us_state_20m.shx	516	50ee9b1997b1ba8d60292b5cf8833f3c13b07f2939bb930a8a60facf3b25b32b
ch_intro_to_data/figures/eoce/airports/data/cb_2013_us_state_20m/state_20m.ea.iso.xml	22584	081bf04d10568b8880235a337b5c998c9bf46d5f421c0fe568e1741757e5eba2
ch_intro_to_data/figures/eoce/airports/regenerate_id.py	13019	1c80fc440e6b36124acbd6b5ae292730974b77c3487fe9d51b27d7f710727367
ch_intro_to_data/figures/eoce/antibiotic_use_children/antibiotic_use_children.R	1349	e6e942b0c28de0486368265b8afd70c2c4d54b123bbe2c880b8fd2333f175873
ch_intro_to_data/figures/eoce/antibiotic_use_children/antibiotic_use_children_bar.pdf	4504	5b69fa4d80602151de88a14ee3e10c306b8ba1360da3062621bbc83ca859d4d0
ch_intro_to_data/figures/eoce/antibiotic_use_children/antibiotic_use_children_pie.pdf	6077	476db9b5e991426d4b081edf1a5a65727880731fbad6b32e2f798e7e90774d42
ch_intro_to_data/figures/eoce/association_plots/association_plots.R	1472	fb83a25c6463ee4577eeeed2a36d3ef02b8fcd9aeed8fc3569230d73d140a1fd
ch_intro_to_data/figures/eoce/association_plots/association_plots.pdf	7425	04635998fa497ea665bfffad99ed4a35f28ebd4d26cc96627b3b7a7d4bbe4b63
ch_intro_to_data/figures/eoce/cleveland_sacramento/cleveland_sacramento.R	1335	0ceb3d55f348a40efdbdd7119c02b17ab935c346b0778e9d03d1457c2aacf305
ch_intro_to_data/figures/eoce/cleveland_sacramento/cleveland_sacramento_hist.pdf	4867	6827e5f7f44613d2b7728297db9c12174a2cbefb1cdc1051c94832ab165ae464
ch_intro_to_data/figures/eoce/county_commute_times/countyMap.R	3124	c35720326cd8a2a84811c3d548e2fccf11d7700dbcf38d5c9fb8e8115c4b828a
ch_intro_to_data/figures/eoce/county_commute_times/county_commute_times.R	1023	2d15caa55055be504dfd066157c9c782948866643d2a77adcc5a7e817be4955c
ch_intro_to_data/figures/eoce/county_commute_times/county_commute_times_hist.pdf	5289	96c94eaf950c0e6cda1255a89431707f05e79af61bef50c314532394ce7e3867
ch_intro_to_data/figures/eoce/county_commute_times/county_commute_times_map.pdf	391930	7f83f6a566121ae26c31099846f26956fa5a8899832b9c977927f798d711ee3c
ch_intro_to_data/figures/eoce/county_hispanic_pop/countyMap.R	3124	c35720326cd8a2a84811c3d548e2fccf11d7700dbcf38d5c9fb8e8115c4b828a
ch_intro_to_data/figures/eoce/county_hispanic_pop/county_hispanic_pop.R	1286	d9c48b661bcf8c34c1a0a93375b7c6f8a7197a59b88ae4c8f952d3c52b8c008d
ch_intro_to_data/figures/eoce/county_hispanic_pop/county_hispanic_pop_hist.pdf	4825	128890d74c29650d2b01e7dcc3f07e2b061d385217502225f615bf4fa2f200b3
ch_intro_to_data/figures/eoce/county_hispanic_pop/county_hispanic_pop_log_hist.pdf	5260	64e2e7d94af2956fb50b45d8ccb552e6c934f3b0271259b148f299b356a356b1
ch_intro_to_data/figures/eoce/county_hispanic_pop/county_hispanic_pop_map.pdf	388755	9f04cd86c941db6100f00b7e9c03af214997600d0aefc19f6c05a85958faaa8c
ch_intro_to_data/figures/eoce/county_income_education/REPLAY_RECEIPT.json	5013	d5a4d40231a97a7bd85a4ba79756c0acfe593ada60635aeebd79767fa69a5779
ch_intro_to_data/figures/eoce/county_income_education/county_income_education.R	801	bfc70286124ce3edbd79e1e068e7964ce01fedc8740df6297896e463c76d4ab5
ch_intro_to_data/figures/eoce/county_income_education/county_income_education_scatterplot.pdf	355382	2d7ba784f714c8ea0789a33e4a37520e6d88266085032a40ae337894fac27b77
ch_intro_to_data/figures/eoce/county_income_education/localize_pdf.py	3447	d7039fcfee7103a1e6c10a79598b08b9354a70b4e23a357724f6f2ab5ec13443
ch_intro_to_data/figures/eoce/dream_act_mosaic/dream_act_mosaic.R	897	211764b3a529b414563b2f3dc4704952dbb7edb15028911382dcf344af0d1cc6
ch_intro_to_data/figures/eoce/dream_act_mosaic/dream_act_mosaic.pdf	4373	85a5464cd6f03a948b4d6e7686f2afbf6f519d6a298a086a27be72afdcb721e3
ch_intro_to_data/figures/eoce/estimate_mean_median_simple/estimate_mean_median_simple.R	602	56e6fe3daecd1c9234948143f7bb2dbb44c31a293f6fb6694550086e16876e75
ch_intro_to_data/figures/eoce/estimate_mean_median_simple/estimate_mean_median_simple.pdf	4746	858530cab1c2217139e7b6af69ede18e84a8da681445c2ea76d1b98c5af05a75
ch_intro_to_data/figures/eoce/fisher_irises/irisversicolor.jpg	247084	fe1818495d1e744706762a1b589f6274941a0114dcc5feaaacee6a91274a8839
ch_intro_to_data/figures/eoce/gpa_study_hours/gpa_study_hours.R	914	497277d436fc2caa77063b343bccb79bac7b18d550ce38cc7bc4742bf03b89f1
ch_intro_to_data/figures/eoce/gpa_study_hours/gpa_study_hours.csv	1422	eb0b889f9a8aee24f93bf77d292c9425ff1e1aee39c7623486657cb8e1671d8b
ch_intro_to_data/figures/eoce/gpa_study_hours/gpa_study_hours.rda	871	df3c8a2292d1be88c6ddb56b56afb03cecc2f686e716cbc86e55cf04828bcaaf
ch_intro_to_data/figures/eoce/gpa_study_hours/gpa_study_hours_scatterplot.pdf	14376	c3da281e6dbbe6602cdfc4340aa8bc27a74b03ff92fb7e7e18a76d7d37e3cad9
ch_intro_to_data/figures/eoce/hist_box_match/hist_box_match.R	966	7889dc8a35e3e27eb65852d445c4d51a800c0ae34069f3f47f8b0a676bf8cf99
ch_intro_to_data/figures/eoce/hist_box_match/hist_box_match.pdf	8060	86cc856f21fd5824fcc33481918abeab2abbdc608152f769d02de9a9d7d853d9
ch_intro_to_data/figures/eoce/hist_vs_box/hist_vs_box.R	697	88f9185bb9772e457b6480c6ebe314583de1246cdd4eb6976e51c4dc62a59b15
ch_intro_to_data/figures/eoce/hist_vs_box/hist_vs_box.pdf	5399	edae7d75617032265cdb78d1f938d69838255343407f51346902b14f3931e695
ch_intro_to_data/figures/eoce/income_coffee_shop/income_coffee_shop.R	1463	b91a34e60bfac4a3681dd64ddb44d1340f7742e91a625d76e284bd215aa7b87e
ch_intro_to_data/figures/eoce/income_coffee_shop/income_coffee_shop.pdf	7296	59de55aa1aea8968e22b5b0c31a5fc0c4b41da7efd23f73d8950ecb652d618b2
ch_intro_to_data/figures/eoce/infant_mortality_rel_freq/factbook.rda	10138	4843576c765049344074a81f258e33fd79fe3107fee7f026cebe469210253918
ch_intro_to_data/figures/eoce/infant_mortality_rel_freq/infant_mortality.R	2319	58b0c93b757d7ccddc82b8c2a55cd14264633b9a22eba6e3c0da5925c1d2d90c
ch_intro_to_data/figures/eoce/infant_mortality_rel_freq/infant_mortality_rel_freq_hist.pdf	4576	2eab0f770b3e2ea4fb8ce60b53cd6ad0bba66db3efdfafec191769ad06de4af1
ch_intro_to_data/figures/eoce/infant_mortality_rel_freq/infant_mortality_rel_freq_hist_soln.pdf	4718	c64fdde5af3807fc832daa7c9d226f2479a54cd1f61cee199fbb2080cc8e4a91
ch_intro_to_data/figures/eoce/internet_life_expactancy/factbook.rda	10138	4843576c765049344074a81f258e33fd79fe3107fee7f026cebe469210253918
ch_intro_to_data/figures/eoce/internet_life_expactancy/internet_life_expactancy.R	1045	4e2d43f33e744b3e063d850e074f347320de33a2163dc4846de577d2498a38a8
ch_intro_to_data/figures/eoce/internet_life_expactancy/internet_life_expactancy.pdf	17173	fad2e082ff380d1e8b1fe2e08cfab5694a368f907a8b407eeff5a474bb2d4f80
ch_intro_to_data/figures/eoce/internet_life_expectancy/factbook.rda	10138	4843576c765049344074a81f258e33fd79fe3107fee7f026cebe469210253918
ch_intro_to_data/figures/eoce/internet_life_expectancy/internet_life_expectancy.R	1198	e1f9722cd6f6298085ec36bd1f2e8049e6a30d38f130e72ce21e3ee8851105c1
ch_intro_to_data/figures/eoce/internet_life_expectancy/internet_life_expectancy.pdf	17201	5ba27b1942cf5c925dee05b40b8029e9507db9574c12dddead6275bc5398a80f
ch_intro_to_data/figures/eoce/mammal_life_spans/mammal_life_spans.R	751	abffdfd8d96bbd3017c8f05584a801da6eae0fc008de9994ec0f908ff275b1da
ch_intro_to_data/figures/eoce/mammal_life_spans/mammal_life_spans_scatterplot.pdf	4981	b13478ff6bd0d1b93d56b7c38664f3c5d99e2e76eaddd568f8187afb47b1dea5
ch_intro_to_data/figures/eoce/marathon_winners/marathon_winners.R	1997	49aa5ef3eafcbfdad387b1d4686ecba797e56c7406190d918315d551f53f7caf
ch_intro_to_data/figures/eoce/marathon_winners/marathon_winners_gender_box.pdf	5390	63631ae6f7d5812e60447ea263f3edbfd6f64d6023a18f5f7b1b91ee6e319d9f
ch_intro_to_data/figures/eoce/marathon_winners/marathon_winners_hist_box.pdf	5228	040871d0206811ae78530a75a7c6dbf1f8bad4b198637400bccd1ac170ff5924
ch_intro_to_data/figures/eoce/marathon_winners/marathon_winners_time_series.pdf	5564	759e134a9ed483b1fea6a1dd97a8987e040c21d2dfe14b25d860aa1e49117ee4
ch_intro_to_data/figures/eoce/migraine_and_acupuncture_intro/earacupuncture.pdf	78501	e3f5cf770982fa51b081f5f0a62d6fd4b2ea2823c595eec510319f238241040d
ch_intro_to_data/figures/eoce/office_productivity/office_productivity.R	396	5f620bdc933093fce4874e6bdf31f9adc657738ba70e3afc225fd9a1c83b7dd8
ch_intro_to_data/figures/eoce/office_productivity/office_productivity_sketch.pdf	4796	8cc207a59a2641e8d384c0d8d6eedd5768ef8adf588f4006b647685cb84e0cc4
ch_intro_to_data/figures/eoce/oscar_winners/oscar_winners.R	810	c71205891a885f8c7bf7f17af147b787811d3cc54399b0b8564cb645e27b7bd7
ch_intro_to_data/figures/eoce/oscar_winners/oscars_winners_hist.pdf	4817	38f00a2e835a45a2a24920cbdc7a26fceedccd44381ec54a3d40d1b4be8d6d30
ch_intro_to_data/figures/eoce/raise_taxes_mosaic/raise_taxes_mosaic.R	1412	8da2ff9bfaa84aaecfe7c10a44b7b39e26aefbceb8684804b0db56247c481c09
ch_intro_to_data/figures/eoce/raise_taxes_mosaic/raise_taxes_mosaic.pdf	4398	ce160a8aec7ed62a1c4ea5ef7cc3e9f30862eeafa1571a484a42035af44097b7
ch_intro_to_data/figures/eoce/randomization_avandia/randomization_avandia.R	895	427f3c6b28cbf711af6d83546fd0d0f638ac6a68d8e82d92ad7f76c82fad80ee
ch_intro_to_data/figures/eoce/randomization_avandia/randomization_avandia.pdf	4618	69202b9ba715bdeba6f61b886890dfec11f56d3275eedca1239d68c7cab20787
ch_intro_to_data/figures/eoce/randomization_heart_transplants/inference.RData	180341	ae8de46d6fb0cfb867e691f544d3799a6c6133e8a560642d4fce5d83af6d15e0
ch_intro_to_data/figures/eoce/randomization_heart_transplants/randomization_heart_transplants.R	1943	eadf3397a96a9c67f34a38ec23a4f63b6b9979e1c9b57a8e92d2b983320a2f48
ch_intro_to_data/figures/eoce/randomization_heart_transplants/randomization_heart_transplants_box.pdf	5143	2e6d2c68639e93a17565e2dc6ae461f7b34fab531018111418983418bbb2fd12
ch_intro_to_data/figures/eoce/randomization_heart_transplants/randomization_heart_transplants_mosaic.pdf	4233	a2c6053c9c0c95f3daaf3511f7090a39741a77b29c40db79e9fa4a654acd9e27
ch_intro_to_data/figures/eoce/randomization_heart_transplants/randomization_heart_transplants_rando.pdf	5742	49073cff552784f9fb67a9e6765c1ffddc9bb13aee7fd46e568043d0cc00288c
ch_intro_to_data/figures/eoce/reproducing_bacteria/reproducing_bacteria.R	396	a3362d3a98254f64aa73689380bd58f3ded766f583c6d8b197639a1253fc8393
ch_intro_to_data/figures/eoce/reproducing_bacteria/reproducing_bacteria_sketch.pdf	4811	c9dd44040db8aced77a84e3bcf58ff6879c58b3e2c55cddab9c8e6c9815bad0f
ch_intro_to_data/figures/eoce/seattle_pet_names/REPLAY_RECEIPT.json	7145	b4504ba5bf17eeaad3927cf5c2d6262c655180bb8253c3bafae717ed040418f9
ch_intro_to_data/figures/eoce/seattle_pet_names/localize_pdf.py	4102	3d04d6a709110fb29e6ebacd8b9737dfa3efcb17940dc16d49f152ebddc8143a
ch_intro_to_data/figures/eoce/seattle_pet_names/seattle_pet_names.R	1614	c0981e5e4019d02ad33351fecc82db09515fe322f997fd84d003e693b3662d6b
ch_intro_to_data/figures/eoce/seattle_pet_names/seattle_pet_names.pdf	690633	153b33c3bf5d7b893095af512e5290bec7abcc42c946cc21f0464fb7f695fd36
ch_intro_to_data/figures/eoce/stats_scores_box/stats_scores_box.R	659	25eb533a2a3a000b6bef8202af4d0be1a7236b32133449386099b7ede77e3629
ch_intro_to_data/figures/eoce/stats_scores_box/stats_scores_boxplot.pdf	4473	83a5404fbb7b624bc72df50b4201734c37d45c3ae18d6e5b8b0cd33f07c1654f
ch_intro_to_data/figures/eoce/unvotes/REPLAY_RECEIPT.json	2539	96eb6dd198903ae27404817535757bcda0070b6f34dda38477a048f9468d2eec
ch_intro_to_data/figures/eoce/unvotes/regenerate_id.py	9484	8aa5fb96d579eb2960ca0fd4f9688ad3a99629e4cd8de105e4f660f8c5ef5399
ch_intro_to_data/figures/eoce/unvotes/unvotes.R	2387	a59cefd80edd6d4e1da015799fce14566d951658a8c7c9863dc4f126d64cb112
ch_intro_to_data/figures/eoce/unvotes/unvotes.png	459690	b963bfaa0bbb0c01ab02d1fa529bc127acb212cc928692f13fe189dde550ee09
ch_intro_to_data/figures/expResp/expResp.R	278	7051e1676c0c7295b0f1f8c5b8fcb287c92daf1819655f3d893ae1f240c08336
ch_intro_to_data/figures/expResp/expResp.pdf	4792	077258b1ba0d597a870941989c3be0c21803acdb2f88baf9bc5101eee7fda3dc
ch_intro_to_data/figures/expResp/regenerate_id.py	3863	d2b9f009816375066147241c3f543be4b9c62d1b96c27fad23af66c6e5355775
ch_intro_to_data/figures/figureShowingBlocking/R011-B004_FIGURE_REPLAY.json	4174	85f82d7e8b527ed1da2625e7b9389f9698d91331b0401bca16f95de52a414817
ch_intro_to_data/figures/figureShowingBlocking/figureShowingBlocking.R	4293	bc895f4434582a15eb86a8b63dd481f717c940e64ea94708c5db8105b44d0f9b
ch_intro_to_data/figures/figureShowingBlocking/figureShowingBlocking.pdf	9637	e10e68124a2850d7f2de524817a172c534b399fa1813bc550e320c539702dca4
ch_intro_to_data/figures/figureShowingBlocking/replay_figureShowingBlocking_b004.py	21838	37c38b3e5cc442063826448ee5bb10170c3f8ce9ca16ec7ed9ec1183a59a497c
ch_intro_to_data/figures/interest_rate_vs_income/interest_rate_vs_income.pdf	16431	3e4f310c180427ab4120e993d7af1fcd19b979900e84548553f4dabd2bd6e193
ch_intro_to_data/figures/interest_rate_vs_income/interest_rate_vs_loan_amount.R	762	946fecf592affa39ed941a4413127d5ad7ee228bbc0b7d30c9febc569b562769
ch_intro_to_data/figures/interest_rate_vs_loan_amount/interest_rate_vs_loan_amount.R	707	6f06540b522b57573b5cc615fb648135df9d0359e08455a930d37149779c023f
ch_intro_to_data/figures/interest_rate_vs_loan_amount/interest_rate_vs_loan_amount.pdf	7536	66bf69e6b7370d869ceb539de1fb5fd55e2b66baefc1ff311f31356c90e3b61d
ch_intro_to_data/figures/interest_rate_vs_loan_income_ratio/interest_rate_vs_loan_income_ratio.R	766	93e2c509c15f0e69ac34b96b725e3e51e087e8842a10fcbf5d08c99fd9656cb0
ch_intro_to_data/figures/interest_rate_vs_loan_income_ratio/interest_rate_vs_loan_income_ratio.pdf	7891	03fb2a193256ef6eedb3d63fb65034a93f4d9912e02e523592fdd44f30b727bf
ch_intro_to_data/figures/loan_amount_vs_income/loan_amount_vs_income.R	719	6d0c08e63f7dbbf9ea18be11e1e69f8dd85393f1cb9ec8d0b863b7955947c027
ch_intro_to_data/figures/loan_amount_vs_income/loan_amount_vs_income.pdf	7780	80fec23cdbb4dc4490a4ce0ff4324eb0429d857fa22137721bb97c6acab3b5a3
ch_intro_to_data/figures/mnWinter/ReadMe.txt	92	fdb3e263e70ab3f5aa7f0a7bcb4a64b16f4fddd8e5be760901b309bd02ad8477
ch_intro_to_data/figures/mnWinter/mnWinter.JPG	840649	9d24c2bc4cef7b6240ecba5fc2b1b501521de8c6f6543405ee5cf8f41b7de728
ch_intro_to_data/figures/multiunitsVsOwnership/MHP.png	220798	cd7b93c467458d1717bb7d8e0ee091a1af7926a992f068c1b492dcacccc62135
ch_intro_to_data/figures/multiunitsVsOwnership/multiunitsVsOwnership.R	2222	347ad5ffe98737b190e1c5dab3609b2bfe6adf3589707f73573cbce961ebcdaf
ch_intro_to_data/figures/multiunitsVsOwnership/multiunitsVsOwnership.pdf	190772	07e339f8402c323850980fec35c8053db48e93d2c82cebebc1e25c8ea1606da4
ch_intro_to_data/figures/multiunitsVsOwnership/regenerate_id.py	4551	2f9dda5dd4cab037680ea2db58312f955885cd2a095e649a14ed182c376dfade
ch_intro_to_data/figures/popToSample/popToSampleGraduates.R	1104	d1a35a5596bea01da1fdb16a9f5055c8061c911953be083dbcd31ba9b197558b
ch_intro_to_data/figures/popToSample/popToSampleGraduates.pdf	20653	515a8fb940bc1d2cf3043c24378f3fbeabd62ea07ce3bbfd6b347f3450529213
ch_intro_to_data/figures/popToSample/popToSubSampleGraduates.R	1580	5b7976596024fb0330e43b82c775cb80120086a9241e0afa73cf24cce4c23266
ch_intro_to_data/figures/popToSample/popToSubSampleGraduates.pdf	21579	0991c2d6225bf65649a9f899cee262e4056ac20a3c3d2ce86c3410172e9de9b0
ch_intro_to_data/figures/popToSample/surveySample.R	1588	525a6cb45842cf809a3e467de8e7d30fe2c0c83207091128c6b4cfb9c1b23414
ch_intro_to_data/figures/popToSample/surveySample.pdf	21648	d2b5d512e9230ae6ab315e9a5c7edfbb598f5e9124eb0b361a4084882b957037
ch_intro_to_data/figures/pop_change_v_med_income/pop_change_v_med_income.R	961	aa50842df8346f72dac0231a0aac86d13e2ef2a584e2b53f130c25b6a004f216
ch_intro_to_data/figures/pop_change_v_med_income/pop_change_v_med_income.pdf	200436	fd75412ec6544aedaf4b52a7483ef9c085b17fd857ec67c5fbe4c659812d9ba9
ch_intro_to_data/figures/pop_change_v_med_income/regenerate_id.py	4635	eea7ab25bf73bec329b2c3fb5f443a24313e5ad72411d35b8093107cad0a3e21
ch_intro_to_data/figures/pop_change_v_per_capita_income/pop_change_v_per_capita_income.R	963	2d9c5435fefa6d04325c1a2141a9d1e0293daaa3420caf847c17345b8fc40aac
ch_intro_to_data/figures/pop_change_v_per_capita_income/pop_change_v_per_capita_income.pdf	201020	4201012d94ac1ab2d00549adcdca82e9f65aebb2822ba5ff8809db86ddf12355
ch_intro_to_data/figures/replay_b003_figures.py	11006	d57c081aaf96a32730073066e1bcbea8b33bc4f913cdcd7a987a2eb306a663eb
ch_intro_to_data/figures/samplingMethodsFigure/SamplingMethodsFunctions.R	5939	c639df2271231ce2ef973b6d8d611f6a18f3f2ce65436da0fe76a8ca39004e99
ch_intro_to_data/figures/samplingMethodsFigure/cluster_multistage.pdf	36262	7ef042eacb303fd4ca4fce1b2c8595d31cd16b8bb55c7bcf17dbed902343e003
ch_intro_to_data/figures/samplingMethodsFigure/samplingMethodsFigure.R	3280	5cddec2135c24838f1513fb6771eeefda3103106074687d40b9863ebe1bbde79
ch_intro_to_data/figures/samplingMethodsFigure/samplingMethodsFigure.pdf	17201	282c076fced00a85cdc5a77797137ce1a87a23527329867adb6098e278b1f02c
ch_intro_to_data/figures/samplingMethodsFigure/samplingMethodsFigures.R	633	ab3a4c5762c7e9cc940edef9a0a9deb0ec50d80da8942e7211b1d1a979d3fa44
ch_intro_to_data/figures/samplingMethodsFigure/simple_stratified.pdf	26428	f7c4d2227a46c054581c21ca49e1ecf17f963c4a17533af2392ab4a240d0329f
ch_intro_to_data/figures/samplingMethodsFigure/simple_systematic.pdf	6517	f0565527ea33934b7fc3d65fd74bf85a8a618f84d4dc2899377a10cb7d1fdd73
ch_intro_to_data/figures/samplingMethodsFigure/stratified_cluster_multistage.pdf	22625	9cca25bff31e56b0a0085b9ec92aa018b30a024237fdc5db6417c11da6fce6a8
ch_intro_to_data/figures/variables/regenerate_id.py	4218	a0672ce2a74d6d06c96623747bd01432699c7643e23e9d423e87261aa28bb4c1
ch_intro_to_data/figures/variables/sunCausesCancer.R	717	5e77b2cc0df3ed1facaa45aeffc03a85000018d97cc11f898c4b62140f18b9da
ch_intro_to_data/figures/variables/sunCausesCancer.pdf	4540	8828d8311bed32e3453f107f6b5a4d4f0eef723eca6e47b4876ae5e4000c4e9e
ch_intro_to_data/figures/variables/variables.R	1071	f7a471de3f5d2522e629aa730eb1f942835fb0a2961ca4317d655f820d1f028d
ch_intro_to_data/figures/variables/variables.pdf	5090	23398bc5ec26e119eb243f210041d5de850e528f047636902b7ee3b130d5469b
ch_probability/TeX/ch_probability.tex	136018	b95c5fccdee5bc4f4f11b5c56102e63af7d77be3a664c77d749b77252de75f25
ch_probability/TeX/conditional_probability.tex	11269	c8b01bd990e1808fb40c40e4c8b162884644d02f60c30c0177a7827af0ef050c
ch_probability/TeX/continuous_distributions.tex	2560	56b62ea8894708982731f0301e9c349bd39d8b78658567d9b115d0c5d7de42d4
ch_probability/TeX/defining_probability.tex	9637	81f19828db202e4ad2986d8798797ec9dad92e82606ac0e0c2f5007c3f5d467c
ch_probability/TeX/random_variables.tex	5606	0537aae7489691233d605a6c63cca1d73b6d345a1a2e06fcedde0354f32a21fe
ch_probability/TeX/review_exercises.tex	5827	5978940585a98cbd508bd24b9b83015ed9f9ba9143356f3dcaf940cf2135e9f2
ch_probability/TeX/sampling_from_a_small_population.tex	4492	38816f705909bd5959ed39520d5c9f01bd4fb3b41d255cc19dc0d1a799d12915
ch_probability/figures/BreastCancerTreeDiagram/BreastCancerTreeDiagram.R	417	d3d8c39fda20f77873b1cdccc25cc848cd9f568a9b8b460100d95617ef5d3e22
ch_probability/figures/BreastCancerTreeDiagram/BreastCancerTreeDiagram.pdf	4535	9a3f8b09b58046918bc5fc5788b0bd1cd4b6144949bf0805103384dc11af2aa6
ch_probability/figures/BreastCancerTreeDiagram/Mammogram Research.txt	1093	f9e6745d04ab99f05f48cf9d408a97dc573a38195c8e16c2ff021f7c3dbd9964
ch_probability/figures/bookCostDist/bookCostDist.R	1610	22dac3740786475b17d250fe43b74e5ae26a5f6ec1a80f8a6ba29e2a8c087b8b
ch_probability/figures/bookCostDist/bookCostDist.pdf	4769	b127e803ddb9c5b69c098eea2a0c6b7a8e4f92ed21188f73282053c23e0c6cd9
ch_probability/figures/bookWts/bookWts.R	890	9c3a398e001fe644d5607928e1fbd437c900586eb39ff5be624bec4836cca600
ch_probability/figures/bookWts/bookWts.pdf	4295	61d583f6f7659576f725161c04480e293d4f8d1eb9498dda8654e5fb6a5c9620
ch_probability/figures/cardsDiamondFaceVenn/.Rhistory	82793	73e558906e67e6a2360a61982a4408b9e0a96e4368886db463fc32394d9f3dda
ch_probability/figures/cardsDiamondFaceVenn/cardsDiamondFaceVenn.R	1060	9db4d14539e7249b572fb19939fba1b03bfd925d6d1bdae863b6554fd88fe190
ch_probability/figures/cardsDiamondFaceVenn/cardsDiamondFaceVenn.pdf	12396	2a04b57a93830ba35031f8efd7f6cecb7e5dd6028fbeca3ef45fb87bd83473ec
ch_probability/figures/changeInLeonardsStockPortfolioFor36Months/changeInLeonardsStockPortfolioFor36Months.pdf	7116	f92cdbe188a71d17b58b303aeeacebf5958f1a6b34a74adcb56cfcad230283b7
ch_probability/figures/changeInLeonardsStockPortfolioFor36Months/changeinleonardsstockportfoliofor36months.R	664	a947ef60b5a8ac932c293eb57599144209e24d80f257958f0c4c21d2983614f9
ch_probability/figures/complementOfD/.Rhistory	80803	137fa280a8da54970cc2394af473b4b0f8c4fe45d0a87fe716963ca516322739
ch_probability/figures/complementOfD/complementOfD.R	1762	591b574478ee25ca3810622dbd3bac22c11fb03a0e74a3139aa6f9a37790afba
ch_probability/figures/complementOfD/complementOfD.pdf	5369	4da53190e9771de3a86c21943e64ce514d9e39471b54a015be4baba490af68f7
ch_probability/figures/contBalance/contBalance.R	495	0f4de2ed0c6e1ae754311a715e98ebd0359cc345a0b91228fd13303672f24359
ch_probability/figures/contBalance/contBalance.pdf	25250	ddcbecb1e43d7f3dd0856bc99d86138eb78838beeb5262ce37cee23eecddddda
ch_probability/figures/diceSumDist/diceSumDist.R	1385	94754a137c2708c52c6c0ea2c27e390b86d827bf505646e2b152a04a0734ed61
ch_probability/figures/diceSumDist/diceSumDist.pdf	4610	ef2fd93c8d9f7f7e87087b156e18f082916ccb13b31bc9f361419f7703bae3f4
ch_probability/figures/dieProp/dieProp.R	907	8529f19e2b9a4d8c586c3b36e01d2eaaf016626cf5220f4b9cb991b756de6819
ch_probability/figures/dieProp/dieProp.pdf	9633	629a7ed0a032902291b9740957056468f63206b1120ab5957def8d842552ade2
ch_probability/figures/disjointSets/disjointSets.R	1077	8b66f3f1ac4ab379667f2fe36e3f7b7cdac50684ef8a44569ad28500a29f16f5
ch_probability/figures/disjointSets/disjointSets.pdf	5743	ed2fb35fdfdf2a3932bb7d39b0308bffef5dfd251fe3eab59fd1a353b6369d2b
ch_probability/figures/eoce/cat_weights/cat_weights.R	558	a75b51a6117a7f954dce45479b042d8f96477a7ae5c9c079f1048a6765757a0e
ch_probability/figures/eoce/cat_weights/cat_weights.pdf	6369	3c82c6315a08ddff27e2eca506c586ba7a52d6a52204d3767b02f0668bfc25fa
ch_probability/figures/eoce/poverty_language/poverty_language.R	664	526f94bc96b128a93a574a42cafe98ac6a4c09529c8e616296f7a64599977506
ch_probability/figures/eoce/poverty_language/poverty_language.pdf	21304	ac0a93a8873cd33d7b051315284100b16ff7dfaec53304ba0fd65463124880a6
ch_probability/figures/eoce/poverty_language/poverty_language.tiff	704206	fcfa50055383523c0b040abe7de55b6233a58e3dfc6548fc14f8b8438aab6e30
ch_probability/figures/eoce/roulette_wheel/roulette_wheel.jpg	352602	f11b51be0f3fb520238f1c299f3692a671fe9b3a8db65d20a4a74b820cf0c472
ch_probability/figures/eoce/swing_voters/swing_voters.R	659	0f5bc113d8e56354a0ebfede41b5d154e6571713b677abbb096b2ac83160df06
ch_probability/figures/eoce/swing_voters/swing_voters.pdf	27747	59d14e7f2eea95028ee48d5d787847eb7bf43745b1d4b3bbbe6d88bea49b739d
ch_probability/figures/eoce/swing_voters/swing_voters.tiff	923822	3665c78e093357d7b7d475f66abf6b54112327da2baace089f03282b0ad8e5eb
ch_probability/figures/eoce/tree_drawing_box_plots/tree_drawing_box_plots.R	347	21a230621e091583a83af660ea87912bf3eb5cfd64259bb11f11151cb99e0371
ch_probability/figures/eoce/tree_drawing_box_plots/tree_drawing_box_plots.pdf	4545	131619ded9f47c00680bf9e0a26ecac1be12c29fa63b43b005245d6cd1d7c694
ch_probability/figures/eoce/tree_exit_poll/tree_exit_poll.R	373	747fbf5173de278ea326e76600c85ac7c615311aebab7122563e7bb79b92a5e2
ch_probability/figures/eoce/tree_exit_poll/tree_exit_poll.pdf	4404	1a3f232a01158246ea7a641e200b887a9caf5fb07016a5d5201f035f576cb072
ch_probability/figures/eoce/tree_hiv_swaziland/tree_hiv_swaziland.R	454	0d8580618be7220d03f0d33c190568b04fb500d406613fbf47e3d71206cbf48f
ch_probability/figures/eoce/tree_hiv_swaziland/tree_hiv_swaziland.pdf	4439	aa8faf6f056edaf9cb269c20083034e46b07e1cc600353d2efe68e05a78646a3
ch_probability/figures/eoce/tree_lupus/tree_lupus.R	335	91fbbde93931f8f90b9d5ed39b9b78a6dac8bd777fafa05822ee2b78b283915c
ch_probability/figures/eoce/tree_lupus/tree_lupus.pdf	4514	597bfe0665e7058af2683df04dabece0d5477c14c00374291e22889fee5ad002
ch_probability/figures/eoce/tree_thrombosis/tree_thrombosis.R	442	529fe32fc8389ac9065be30d379853d3e2018bf1eab7f5af635126e906b92f5e
ch_probability/figures/eoce/tree_thrombosis/tree_thrombosis.pdf	4431	f56d401c4f25706afe14da03e187a250ee2861370e97e74652b3fb44a5a9b77f
ch_probability/figures/eoce/tree_twins/tree_twins.R	511	a009f1114dccd68c4edba88fd1d59b81e05a585a07c378f3aaaaf4e4bdac9e02
ch_probability/figures/eoce/tree_twins/tree_twins.pdf	4498	547c3fd46185b6309cf3b43f6f0da3b5047d4c006e7157b9a738bb759350ea05
ch_probability/figures/fdicHeightContDist/fdicHeightContDist.R	1962	6d5905c21c60139f66057bb989b029ada2dd8336d3ca5fcc79d6ab07edf8348e
ch_probability/figures/fdicHeightContDist/fdicHeightContDist.pdf	8599	d06edc5d3aa0971882361aa55b95e3d8cdc7bcb0ec6fc6d0a6520748b0afbfe3
ch_probability/figures/fdicHeightContDistFilled/fdicHeightContDistFilled.R	2723	5522ddf2732daa0decff71ae84b0cbf0170d15031312f22198f68ddeb8dbf397
ch_probability/figures/fdicHeightContDistFilled/fdicHeightContDistFilled.pdf	8879	6bec72771ef11af7184bd997f75b0537b5c355f66b3f95d0c77f10dec2f77932
ch_probability/figures/fdicHistograms/.Rhistory	33416	f5812af6e1563b196a9240302e0eeace93bf943d9dac6798ebd03595f3a0dc91
ch_probability/figures/fdicHistograms/fdicHistograms.R	2027	7449af21b034360dae797b277fd0e4b660dbd96db47243c5dd0b8ad70f69c277
ch_probability/figures/fdicHistograms/fdicHistograms.pdf	39317	4255f4f03f0e78ecdd001db3231de989bb34ade82835b137f8df56a09cb197ca
ch_probability/figures/fdicHistograms/fdicHistograms.rda	11759	38e9fd8b0af6c57b71b21e5c016f8ab5070d0d4172e58a32ff58be6e0c44ca3d
ch_probability/figures/indepForRollingTwo1s/indepForRollingTwo1s.R	819	bcd5dffb69b31ff3ecc8a47ca0a1a12cceefcc44e4aea3bb7267d6131248f388
ch_probability/figures/indepForRollingTwo1s/indepForRollingTwo1s.pdf	4631	4d157c19e2fb6ac1f0d32e4eee117659164ccdf8ecc343718c22301ce6c7e4ef
ch_probability/figures/loans_app_type_home_venn/loans_app_type_home_venn.R	1011	6185b3ba3e56c7da3c7b78c0c80421ff4eb17dadef3bee5d41e1c2996973048c
ch_probability/figures/loans_app_type_home_venn/loans_app_type_home_venn.pdf	5467	44221c5d513cb7f7b1d8d017b2cd0c3351e7497c60357ee241ad50f27169225e
ch_probability/figures/photoClassifyVenn/photoClassifyVenn.R	772	1e8f237197949da8918f179053e8bf254405e0e267a401d72baf18312b672262
ch_probability/figures/photoClassifyVenn/photoClassifyVenn.pdf	4915	20e66f0e77f992e6ef9f3f3ac27875b843abfee4762e3e71721e80e41c42b65e
ch_probability/figures/smallpoxTreeDiagram/smallpoxTreeDiagram.R	407	574ea7965fbbada2190fdd77f8359fc355ece782e9ab2c18d94aa070561cc5b1
ch_probability/figures/smallpoxTreeDiagram/smallpoxTreeDiagram.pdf	4545	f90336e19eeed6a84c7be89c3e5a315ddc994729402d68bdaef71548b80b3b67
ch_probability/figures/testTree/testTree.R	373	f743865b363fbaed2b1ac7242e47aafbd538f602dc15bbfe4918604c0db6cf85
ch_probability/figures/testTree/testTree.pdf	4507	98fcd70f217945178ca7b791932618a41f84ddaa568972da1f9659e141ccaad3
ch_probability/figures/treeDiagramAndPass/treeDiagramAndPass.R	423	87424b1ffd3fedbf3491b60420b6da6afc48f93988a5ee9e0d244d5dd0ee0a6f
ch_probability/figures/treeDiagramAndPass/treeDiagramAndPass.pdf	4566	779ab696fcaedab81cf93f1cac0e358b5d2718aee4c15f15811be25d8495c5f8
ch_probability/figures/treeDiagramGarage/treeDiagramGarage.R	458	5c9b9624236b6028cac0f121675d032f2b7a7a08c3c8bf9a5b001c15d0776962
ch_probability/figures/treeDiagramGarage/treeDiagramGarage.pdf	4660	8c3291a804fbe3af57bca026905fec1dc8ea04189b5994899c8153b6f5d85d3b
ch_probability/figures/usHeightsHist180185/usHeightsHist180185.R	2183	6df61ecabebe217529c78cba339182d529e9103dff71ea5f614aa11de3793509
ch_probability/figures/usHeightsHist180185/usHeightsHist180185.pdf	6055	70c184719b5d4f503efe5381db9d620631b0014946ea794a7714bd77de16f64b
ch_probability/figures/usHouseholdIncomeDistBar/.Rhistory	308	1bc527079b6322d0abf4ebb54e3c9ab6a70f21fb03268f687f75a9b3f680de0a
ch_probability/figures/usHouseholdIncomeDistBar/usHouseholdIncomeDistBar.R	365	309925858915316ef68f9ce87c0ac55daa0ffd02d98c3f7d8b09b89ac539354b
ch_probability/figures/usHouseholdIncomeDistBar/usHouseholdIncomeDistBar.pdf	4504	238b83b41fdf9b49ed05706f0407fade3ad6554c5be8b5b1f60b6d806057281f
ch_regr_mult_and_log/TeX/ch_regr_mult_and_log.tex	117565	8bb86a9b4a07f80ad0b6cfee204e08348d08c3a83a86a3417dd656ac7a95397a
ch_regr_mult_and_log/TeX/checking_model_assumptions_using_graphs.tex	6279	0f8934be7529158b69f420494b4634e69d6537ec8802f74bd908a5ca2b9cb28f
ch_regr_mult_and_log/TeX/introduction_to_logistic_regression.tex	10728	3a08d295005901f5bf66354c74f17ca81843c7920ed87da260809527a78b4455
ch_regr_mult_and_log/TeX/introduction_to_multiple_regression.tex	9444	7b928996855e98cc0974c1b9a8492ac7bf86b07877aa949c3149eec56fd8bb32
ch_regr_mult_and_log/TeX/model_selection.tex	5046	745b438719e8156105ad80070e0c256674848b7c0a052d81c208c17d1b459d59
ch_regr_mult_and_log/TeX/mult_regr_case_study.tex	85	fce8e73403e8e68d60a94382ab133c315e4d0b569c2033ffa99857b15f812da2
ch_regr_mult_and_log/TeX/review_exercises.tex	8381	80f6d18dacaef193e1cfbf04077620013d8e5cc1c89ceb81f817c67ea7a9c004
ch_regr_mult_and_log/figures/eoce/absent_from_school_mlr/absent_from_school_mlr.R	996	db30c1fb8f1d1ac471198a64d781691f6430840e8fc5d63c57063aea81e5cd4d
ch_regr_mult_and_log/figures/eoce/absent_from_school_model_select_backward/absent_from_school_model_select_backward.R	1392	12f2688ec79ceb13edafdc4308687e2eaff6951749a5920beb6256673fa0306f
ch_regr_mult_and_log/figures/eoce/absent_from_school_model_select_forward/absent_from_school_model_select_forward.R	1333	3c6d7962260339483a9a235aba10f52782b09430c509bc73545dedfd866c25f9
ch_regr_mult_and_log/figures/eoce/baby_weights_conds/babies.csv	32080	c9dfbdf245ae12a8fc4bd32bda0ee2453ff38fd2733442af4d8c9925f979e437
ch_regr_mult_and_log/figures/eoce/baby_weights_conds/baby_weights_conds.R	4513	a2390baebd5c9ec4b1b46dc4d31445160bb490d149c2b485b0a5ef754de5192a
ch_regr_mult_and_log/figures/eoce/baby_weights_conds/baby_weights_conds_abs_res_fitted.pdf	72703	44e86c657cc7cdf97138e091d2f33203d38734539ed83b4a315dc99661ddf478
ch_regr_mult_and_log/figures/eoce/baby_weights_conds/baby_weights_conds_normal_hist.pdf	4712	2e29a110fe9726a7e00a6bb76ea755075062b92b0d87bc647924bb7f9ba15d3e
ch_regr_mult_and_log/figures/eoce/baby_weights_conds/baby_weights_conds_normal_qq.pdf	73265	f59e6aff46f6b1013281470087f28d63776aec38c9dce5d674f55b4bfe445f07
ch_regr_mult_and_log/figures/eoce/baby_weights_conds/baby_weights_conds_res_gestation.pdf	69227	84796f126f383796b8755f04c2ab829b840b0ccbb7d04d59aedec0f2a8ea528d
ch_regr_mult_and_log/figures/eoce/baby_weights_conds/baby_weights_conds_res_height.pdf	66076	dea0c1103526a74756483e117adf5b873740ace519ca006fc2baea9cbb54f56a
ch_regr_mult_and_log/figures/eoce/baby_weights_conds/baby_weights_conds_res_order.pdf	71012	770dbae4939843fec35e5f371d94dc73ccf260457c6cd5bfd28315d341405edd
ch_regr_mult_and_log/figures/eoce/baby_weights_conds/baby_weights_conds_res_parity.pdf	58994	59357a4171dcc5b7630571b61e8a4b6c94dc77e831c4094c8c937d5e74af55c8
ch_regr_mult_and_log/figures/eoce/baby_weights_conds/baby_weights_conds_res_smoke.pdf	59824	927605af2b0b5705c058451cb739e88ddfbb486babaa687285a0b72bdf3646bb
ch_regr_mult_and_log/figures/eoce/baby_weights_conds/baby_weights_conds_res_weight.pdf	69560	9b96393a534d419693b3d8385ea0a49d6158a5da0316c3ddd7aaf5f239c40686
ch_regr_mult_and_log/figures/eoce/baby_weights_mlr/babies.csv	32080	c9dfbdf245ae12a8fc4bd32bda0ee2453ff38fd2733442af4d8c9925f979e437
ch_regr_mult_and_log/figures/eoce/baby_weights_mlr/baby_weights_mlr.R	569	cb08c6a59d94a372cbc3a13b694278412d110a76670591adf9e3fa2af50b2abe
ch_regr_mult_and_log/figures/eoce/baby_weights_model_select_backward/babies.csv	32080	c9dfbdf245ae12a8fc4bd32bda0ee2453ff38fd2733442af4d8c9925f979e437
ch_regr_mult_and_log/figures/eoce/baby_weights_model_select_backward/baby_weights_model_select_backward.R	1914	17fb415fc2a3bc1b79f19f9b0841279dabeb81fa21644b51970010e9289d15c2
ch_regr_mult_and_log/figures/eoce/baby_weights_model_select_forward/babies.csv	32080	c9dfbdf245ae12a8fc4bd32bda0ee2453ff38fd2733442af4d8c9925f979e437
ch_regr_mult_and_log/figures/eoce/baby_weights_model_select_forward/baby_weights_model_select_backward.R	1612	10abe24af1dd6299c2e9a68885aa48af69151a8dc50de65542e1f6c4c444ddfd
ch_regr_mult_and_log/figures/eoce/baby_weights_parity/babies.csv	32080	c9dfbdf245ae12a8fc4bd32bda0ee2453ff38fd2733442af4d8c9925f979e437
ch_regr_mult_and_log/figures/eoce/baby_weights_parity/baby_weights_parity.R	384	51ede6b39cf5931cadb3eba2d13c5f381459674494ee14f3028b3e66d2ec084d
ch_regr_mult_and_log/figures/eoce/baby_weights_smoke/babies.csv	32080	c9dfbdf245ae12a8fc4bd32bda0ee2453ff38fd2733442af4d8c9925f979e437
ch_regr_mult_and_log/figures/eoce/baby_weights_smoke/baby_weights_smoke.R	381	3e81627eceac6b5254d5faae8394c3a8aa378cb909ef4d93d688498cd877d177
ch_regr_mult_and_log/figures/eoce/challenger_disaster_predict/challenger_disaster_damage_temp.pdf	5863	4322c336e52702413e3a662d12671c941e765ddb2789a18ec4e4ace47ae29d6a
ch_regr_mult_and_log/figures/eoce/challenger_disaster_predict/challenger_disaster_pred_damage_temp.pdf	7355	26981622163e00e196a4d2e67c68a3d93a3a520f810d1642cddc6109edd64768
ch_regr_mult_and_log/figures/eoce/challenger_disaster_predict/challenger_disaster_predict.R	1792	7bc93524fcde0e4c845d3845b0b54c8a26d5712e7805fb08f4861cf4b6602e81
ch_regr_mult_and_log/figures/eoce/challenger_disaster_predict/orings.rda	265	f3e999676959fdf946ea2da130851796dc616a2a49e0cda9f8fb5d11d6e767a5
ch_regr_mult_and_log/figures/eoce/gpa/gpa.R	400	743c2c5fe06e8f0dd8b60ba9bcd6d38d24555d9ddc26eebffd574fef8854c2f0
ch_regr_mult_and_log/figures/eoce/gpa/gpa_survey.csv	1112	66e82de879f2dd770a6df90493cf401c068e9db05cd44d856b76b3f94c141eb6
ch_regr_mult_and_log/figures/eoce/gpa_iq_conds/gpa_iq.csv	1371	2cb7d630601e05107c411494ec8e35c3055856a2e359a55f1641ca17166064f2
ch_regr_mult_and_log/figures/eoce/gpa_iq_conds/gpa_iq_conds.R	2732	967bbfad1dcb1e50b6755ebc722c6f214a3799452981896e45a1334aae7467f2
ch_regr_mult_and_log/figures/eoce/gpa_iq_conds/gpa_iq_conds_abs_res_fitted.pdf	9408	ec74c6ca8662963626c6e47746fb074820d58417885c0e528a3404d4b7d1818b
ch_regr_mult_and_log/figures/eoce/gpa_iq_conds/gpa_iq_conds_normal_hist.pdf	4622	8270360d3a7903657f96ff36c7adb903903eb7323507b16223be2023ac434ba3
ch_regr_mult_and_log/figures/eoce/gpa_iq_conds/gpa_iq_conds_normal_qq.pdf	9518	2f11b30f31ec6ecce383d5fd5278f0a81942368fdcd0bc9744b4546c6c5b16e8
ch_regr_mult_and_log/figures/eoce/gpa_iq_conds/gpa_iq_conds_res_gender.pdf	8516	0764c126019479d93e6f11a44becf126501abdd8d7d3163a26f975ffaf8db416
ch_regr_mult_and_log/figures/eoce/gpa_iq_conds/gpa_iq_conds_res_iq.pdf	9199	0486d83594aecceba6f3898e61ad2a7c098d9be7228b9f18c3fdadca87ccee88
ch_regr_mult_and_log/figures/eoce/gpa_iq_conds/gpa_iq_conds_res_order.pdf	9400	794882676b4e882a6eb79d904ba5f21c88b72a9cf48ad35732cd35be56974b0f
ch_regr_mult_and_log/figures/eoce/log_regr_ex/log_regr_ex.R	844	302c7ad2ea2d5bcf6717c5b402da4ecb6904d0f2b1d1295e5fde62998a83ebd0
ch_regr_mult_and_log/figures/eoce/movie_returns_altogether/horror_movies_conds.R	3472	f74a20d6dd271e12dd5ee81224174908f18454b3389a3f66159d540dd8981097
ch_regr_mult_and_log/figures/eoce/movie_returns_altogether/horror_movies_conds_hist_res.pdf	4806	0717b373afeb332e74aa2c7a26362e116190d8d74b79bc3e83964ec55a258728
ch_regr_mult_and_log/figures/eoce/movie_returns_altogether/horror_movies_conds_res_genre.pdf	68286	75c0836fda6e5ccb76ee984955ea80fa93ac9ea888c6dcd4e5d66dec546c64bf
ch_regr_mult_and_log/figures/eoce/movie_returns_altogether/horror_movies_conds_res_genre_fitted.pdf	60773	acc5f666acd036bfeabe2e0b28b02c3aed6072a5ed3ca6d0f8c66e12c84b415f
ch_regr_mult_and_log/figures/eoce/movie_returns_altogether/horror_movies_conds_res_order.pdf	64243	4ea586c0e4d48b37b05d47f0b744230778d25c9552a31222374e8648a12fff21
ch_regr_mult_and_log/figures/eoce/movie_returns_altogether/horror_movies_conds_res_year.pdf	55602	2f23294feb7460dbbf6e22f5ca04bbb4431f8a3a77918094250e8f1b76eec6a6
ch_regr_mult_and_log/figures/eoce/movie_returns_altogether/movie_profit.csv	312621	c0e12dd39368dc097114a34dcabd8da1a5a7d8112cafdba9a48738659715ca03
ch_regr_mult_and_log/figures/eoce/movie_returns_by_genre/horror_movies_by_genre.pdf	58989	faf2cf191bcc76658e8a1086622ce22161bf6c434e7f766d3e4ed33fd9f8ae40
ch_regr_mult_and_log/figures/eoce/movie_returns_by_genre/horror_movies_conds.R	1688	28ca2cd444a5176145457fdbd940721479b4177fd959108a0e0c651b7349d4d8
ch_regr_mult_and_log/figures/eoce/movie_returns_by_genre/horror_movies_conds_hist_res.pdf	4806	0717b373afeb332e74aa2c7a26362e116190d8d74b79bc3e83964ec55a258728
ch_regr_mult_and_log/figures/eoce/movie_returns_by_genre/horror_movies_conds_res_genre.pdf	68286	75c0836fda6e5ccb76ee984955ea80fa93ac9ea888c6dcd4e5d66dec546c64bf
ch_regr_mult_and_log/figures/eoce/movie_returns_by_genre/horror_movies_conds_res_genre_fitted.pdf	60773	acc5f666acd036bfeabe2e0b28b02c3aed6072a5ed3ca6d0f8c66e12c84b415f
ch_regr_mult_and_log/figures/eoce/movie_returns_by_genre/horror_movies_conds_res_order.pdf	64243	4ea586c0e4d48b37b05d47f0b744230778d25c9552a31222374e8648a12fff21
ch_regr_mult_and_log/figures/eoce/movie_returns_by_genre/horror_movies_conds_res_year.pdf	55602	2f23294feb7460dbbf6e22f5ca04bbb4431f8a3a77918094250e8f1b76eec6a6
ch_regr_mult_and_log/figures/eoce/movie_returns_by_genre/movie_profit.csv	312621	c0e12dd39368dc097114a34dcabd8da1a5a7d8112cafdba9a48738659715ca03
ch_regr_mult_and_log/figures/eoce/possum_classification_model_select/possum_classification_model_select.R	2034	4609f39fd641218cef37df01d127bf8da921473b0f041d13331ac4f8d81c15e9
ch_regr_mult_and_log/figures/eoce/possum_classification_model_select/possum_variables.pdf	7594	f86bce57c9ae89ca5c68e0f6f699eb83396dd8b9a75ddaf3e1fb4ef523670444
ch_regr_mult_and_log/figures/eoce/spam_filtering_model_sel/spam_filtering_model_sel.R	869	dfb9916396dfa65a9dc08f8c825a1480872264b27ba7b3191ac059d0892a1cc8
ch_regr_mult_and_log/figures/eoce/spam_filtering_predict/spam_filtering_predict.R	677	520f631b03c78516d669e664bc6fd66f70b7a7ea3ca19cd1073bf972c4c689f1
ch_regr_mult_and_log/figures/loansDiagnostics/ignore-loansDiagInOrder.pdf	548961	b43955ebdd7392767a88e611ad1557203690b3ddee0ebb890b50c08cf8e56a6f
ch_regr_mult_and_log/figures/loansDiagnostics/loansDebtToIncomeHist.pdf	4866	a9e8e315ee61d123493d4295a2a932f6f0adf0629aa2cf69d5711beb685ea02f
ch_regr_mult_and_log/figures/loansDiagnostics/loansDiagEvsAbsF.pdf	620673	b8b64cd5aeb081c9d8115812b464c2f50a43a5352be5a1edc8b2606c6b149603
ch_regr_mult_and_log/figures/loansDiagnostics/loansDiagEvsF.pdf	652920	99deff3086efc14ca5645b25758511dfdfd863254e2d7810439113d418adeea3
ch_regr_mult_and_log/figures/loansDiagnostics/loansDiagEvsTransformDebtToIncome.pdf	1193068	9fb075c78bb3522dd05edf14208ff757adab5be4ccbb4d0a894f6152884dbfb1
ch_regr_mult_and_log/figures/loansDiagnostics/loansDiagEvsVariables.pdf	1814387	2dd8df4d975221cc0a31c055335c80ed6b2ac20604230c67e4753382ef8ee5a4
ch_regr_mult_and_log/figures/loansDiagnostics/loansDiagEvsVariables_1.pdf	590646	50c1da599f9d350d5da24f2816091447d4416b1e37d4dfd67574daa03b5a05c5
ch_regr_mult_and_log/figures/loansDiagnostics/loansDiagEvsVariables_2.pdf	612162	1e4036cdd372b60a3354b06e965e8355e59691893a6a0cfae392e35f2be5dad4
ch_regr_mult_and_log/figures/loansDiagnostics/loansDiagEvsVariables_3.pdf	514476	6b7946bdea497359da73ffe86e51f1b54f8ecd1e90ca0cd970adf2a05964f3a1
ch_regr_mult_and_log/figures/loansDiagnostics/loansDiagNormalHistogram.pdf	4833	90245f75f3f13f652d74474877fd3d9d2a541d31f9940906ae58a3ea66bb00a9
ch_regr_mult_and_log/figures/loansDiagnostics/loansDiagNormalQuantilePlot.pdf	580343	781736f0ca8030b0adcf3511fedb63e20a53d01ca61e807d5380e584cd394339
ch_regr_mult_and_log/figures/loansDiagnostics/loans_analysis.R	5438	f398b5df827e1f4905b3b9a4618f0e41d6bbaa9eba2756e94693822398ca2717
ch_regr_mult_and_log/figures/loansSingles/intRateVsPastBankrScatter.R	849	4c525dca143caeaeac0b5713558b3614d151ecdb24e9455ef10dedcdbc976aed
ch_regr_mult_and_log/figures/loansSingles/intRateVsPastBankrScatter.pdf	94705	86b1140b357719448bd6f4620664adb01c545aa2774ab39c4aff7c24152e389e
ch_regr_mult_and_log/figures/loansSingles/intRateVsVerIncomeScatter.R	964	8d3b8f85229c0c2fd0ca1fabb4203db590c87c644af72712870435a748a16271
ch_regr_mult_and_log/figures/logisticModel/logisticModel.R	6311	de400455b8bcd799cdcb34ee8be1c0549eb8b4775adf4a0e18bcacbaf54cf101
ch_regr_mult_and_log/figures/logisticModel/logisticModelBucketDiag.pdf	257779	d2be49e38a8306acaf9094e8f5dfa25d51a34637cfe2d871b11065d03295bbba
ch_regr_mult_and_log/figures/logisticModel/logisticModelBucketDiag.png	362954	073f6974e6b7b0ae9a644cf2630de5c4bb6d085335f98ea0bba905fc9cc68c4d
ch_regr_mult_and_log/figures/logisticModel/logisticModelPredict.pdf	261352	4c25cfaf75b0405ca12d5fcdef0784940b24f96a7375e123ea249cc2fed66f87
ch_regr_mult_and_log/figures/logisticModel/logisticModelPredict.png	268205	87d1bc2cea9b144cae9607b00ab60e6c91fcf8240890ad6093011b13a0c27f65
ch_regr_mult_and_log/figures/logisticModel/logisticModelResidual.pdf	85597	47f09b8ead8d408f588f384e4aa5b0464329b95fe9ec8ed736a04b1e566f45f5
ch_regr_mult_and_log/figures/logisticModel/logisticModelSpline.pdf	259356	b91eb9256236cf154d48a5b58b385ee56ec7f1dcceb93ee7a4290b93d59719c1
ch_regr_mult_and_log/figures/logisticModel/logisticModelSpline.png	394443	cc0aa7067fd67793570736b498b57a22a4d591b31ae8c84dcf8bead67f8b5b8a
ch_regr_mult_and_log/figures/logitTransformationFigureHoriz/logitTransformationFigureHoriz.R	1073	9e3b4bd225c66adc8462cd2ccb7bbf466ec80baa8d4a8c8eddadc265bfefc7dc
ch_regr_mult_and_log/figures/logitTransformationFigureHoriz/logitTransformationFigureHoriz.pdf	30189	49ab0e011e2cb15d6859b1bbbeb8a83bde97b157d598f0b00f549b1bed1299b3
ch_regr_mult_and_log/figures/marioKartDiagnostics/marioKartAnalysis.R	7321	cde7a647df6e4bb8a0a07690aed35929532f4f9106bd28bf02384b56ba481877
ch_regr_mult_and_log/figures/marioKartDiagnostics/mkDiagResHist.pdf	4743	37c14cc1a0b4801ba8671d577a8d53b852dc56a3a6b6e49afd3c87f475a6fc85
ch_regr_mult_and_log/figures/marioKartDiagnostics/mkDiagnosticEvsAbsF.pdf	12484	73c1c60e77b3288ee8e025f49ae724addc0e2a77191179e3d924d09ab43b6f5c
ch_regr_mult_and_log/figures/marioKartDiagnostics/mkDiagnosticEvsCond.pdf	33786	d16aaf5ca4a5b2a665f061674aa2f648ab7c7234bd864c12e5b29ea335452f16
ch_regr_mult_and_log/figures/marioKartDiagnostics/mkDiagnosticEvsF.pdf	12437	f9b3c3f606ef8c2f81a65f853f80230bf9d98923c8b6199b3f0418bdbb955bee
ch_regr_mult_and_log/figures/marioKartDiagnostics/mkDiagnosticEvsVariables.pdf	25220	0560e0fcc6aa8299d8a4fab0329b13977ebedf00fcb31c171468688677d4341c
ch_regr_mult_and_log/figures/marioKartDiagnostics/mkDiagnosticEvsWheel.pdf	40211	9772321741e9b8bba45a84554a36f97fca8e23b96399064edac397943f91abf9
ch_regr_mult_and_log/figures/marioKartDiagnostics/mkDiagnosticInOrder.pdf	14473	a388a37b9b3e54f27427417fa675d3963a71874c63e8b4d01286003075ea23f8
ch_regr_mult_and_log/figures/marioKartDiagnostics/mkDiagnosticNormalQuantilePlot.pdf	13223	9cb7d32a530ad2a6381c57d272024a0134d59fe418b23c9b7e4cc7820104eb5c
ch_regr_mult_and_log/figures/marioKartSingle/marioKartSingle.R	808	bd91cc3fe2d4d52dd5388cc329620ec6b09e5d9e4f8b6eb31285b424628ef7f9
ch_regr_mult_and_log/figures/marioKartSingle/marioKartSingle.pdf	9643	cf730f22470b470e5e792921a2fee8244ada838a5c196303805f0e137118d095
ch_regr_simple_linear/TeX/ch_regr_simple_linear.tex	78195	0007f2802de59ecc9f33a777214f7d44fd61d16fd38cabd7733f099cdeb6852e
ch_regr_simple_linear/TeX/fitting_a_line_by_least_squares_regression.tex	13017	e3ddfca25df91450f9994bd9d829b56e3a6b44f5a700fe91d1b9334f4b95b1a5
ch_regr_simple_linear/TeX/inference_for_linear_regression.tex	11062	376669d6ebd096ec1ad18e79c42bf7821dbfb9f939a25c76ed71cf9091be533e
ch_regr_simple_linear/TeX/line_fitting_residuals_and_correlation.tex	26319	5806569ba5c29d4addaa4a7ccfaf076448490c00a7f6d1938378764d226d013a
ch_regr_simple_linear/TeX/review_exercises.tex	15870	a7ca163bf6f2cefe5c348a58c23917809af184c9b1eb97de7426df50fcfbd8a0
ch_regr_simple_linear/TeX/types_of_outliers_in_linear_regression.tex	5752	782cd7bf220c1a3776bc6f7cfa184732959c3a67a96583165db5d8fa7e5acb2c
ch_regr_simple_linear/figures/brushtail_possum/ReadMe.txt	123	471414b55c4dce5fa5ac7b4a1a533bee7de0ef131eba0de3b44d731dd2124e36
ch_regr_simple_linear/figures/brushtail_possum/brushtail_possum.jpg	2256624	774131483247aed4c6dadc2ad1d555775b6bc588dd41834e33a6f6d32f8a7c38
ch_regr_simple_linear/figures/elmhurstPlots/elmhurstScatterW2Lines.R	1374	63ce4a353806510100ea25325eb428b74328ab4a29c61a7da94ff2c87ad9c844
ch_regr_simple_linear/figures/elmhurstPlots/elmhurstScatterW2Lines.pdf	7824	f231e9f6fa5279fc5e17647438f69e207d16aba0a37a53383ae1806c335ba469
ch_regr_simple_linear/figures/elmhurstPlots/elmhurstScatterWLSROnly.pdf	7804	9588628e6f6d57762d18f53184473c77cafaaf5f05b0a95f04eed99ed0de26b3
ch_regr_simple_linear/figures/eoce/beer_blood_alcohol_inf/beer_blood_alcohol.pdf	4590	5c97c579105e498381b6c4f0aaa3dba2c157a4b1e727d814454545a986ac5b2c
ch_regr_simple_linear/figures/eoce/beer_blood_alcohol_inf/beer_blood_alcohol.txt	169	3f0d5b5c56d912f33a987d22335155a234c2dce2260847b28a0e43d7ca3c2c1d
ch_regr_simple_linear/figures/eoce/beer_blood_alcohol_inf/beer_blood_alcohol_inf.R	744	29446657da332cabec63e3be2ab3ea7cd986df4b386366795ef9a980138484dc
ch_regr_simple_linear/figures/eoce/body_measurements_hip_weight_corr_units/body_measurements_hip_weight.R	302	6103e5bf52446d1206765afec09b40f83e3cade3395af7a6163848695bdcaa72
ch_regr_simple_linear/figures/eoce/body_measurements_hip_weight_corr_units/body_measurements_weight_hip_girth.pdf	33024	495300fb06a58532418fcda55da557567a7aa42785527c5ed7fb14075962ff3c
ch_regr_simple_linear/figures/eoce/body_measurements_shoulder_height_corr_units/body_measurements_height_shoulder_girth.pdf	32015	dac0fb88c3a6e1f7e3795059394647e21d5ac2e165d9018e1a82c78631525fec
ch_regr_simple_linear/figures/eoce/body_measurements_shoulder_height_corr_units/body_measurements_shoulder_height.R	690	0fdbffc9e6cc14b9c7f608f3d7abb5fc15d90a07d63faeb5a6e7d933a5ba04cf
ch_regr_simple_linear/figures/eoce/body_measurements_weight_height_inf/body_measurements_weight_height.pdf	31769	165da84965accf16c7e93171931037f20c0e5ae4df8b1eef3c54d4fcabe08bc7
ch_regr_simple_linear/figures/eoce/body_measurements_weight_height_inf/body_measurements_weight_height_inf.R	902	962feaa6d1e09ee18097925a05f284a19b2f7e0d2f2416f2b6cfaab468c313c0
ch_regr_simple_linear/figures/eoce/cat_body_heart_reg/cat_body_heart.pdf	11134	d13ae491f69b90b4fe62b5d19642df8a2be6e4976638f1c1405f17d088d1352d
ch_regr_simple_linear/figures/eoce/cat_body_heart_reg/cat_body_heart_reg.R	910	70a161660c370e938f5b3c0f3e57e8b8eca81777315f80fd816fc50f0d8864ac
ch_regr_simple_linear/figures/eoce/coast_starlight_corr_units/coast_starlight.R	689	f9894ab1497987017b6397278cd1bdb2547d74bbf253a3d1509789fce78ebb89
ch_regr_simple_linear/figures/eoce/coast_starlight_corr_units/coast_starlight.pdf	4680	4987c1acc5901d70ae399f62cada065651f06d2fcb6639ac5f51c947f02a4bd5
ch_regr_simple_linear/figures/eoce/coast_starlight_corr_units/coast_starlight.txt	1113	d1533c95d17a4f6d596622bf3bdc2524e4949cf4fbc4df9edeb8fbd1870cb849
ch_regr_simple_linear/figures/eoce/crawling_babies_corr_units/crawling_babies.R	750	b229e81cd2341db28a0a21cebf91b9888bc9f1eb50b14124cf8cb0098d3acebe
ch_regr_simple_linear/figures/eoce/crawling_babies_corr_units/crawling_babies.csv	345	6d0542cb021acf997d78729b33fef6e0d0ac6de6f961ab443df53539731dc2d9
ch_regr_simple_linear/figures/eoce/crawling_babies_corr_units/crawling_babies.pdf	4669	fd80c7ad025a03872e9557819afe0c721b06962ff1e45709c4e3db6ef73ff0f5
ch_regr_simple_linear/figures/eoce/exams_grades_correlation/exam_grades.txt	6911	cb85c275251d4c1d5dfa18bf9ae35d9db1f40520ec2dfb2a02fb5468e1d8dbb5
ch_regr_simple_linear/figures/eoce/exams_grades_correlation/exam_grades_1.pdf	18355	505be424e39584e76408df2516a8483057e4cfb05aea2f82f1da105a8755e877
ch_regr_simple_linear/figures/eoce/exams_grades_correlation/exam_grades_2.pdf	18373	e06e575a0f7fad12a0c5ef446bfc4a72e45b5acad74d8c2f7b0444952255264c
ch_regr_simple_linear/figures/eoce/exams_grades_correlation/exams_grades_correlation.R	1390	0f7df1c62083e6e631e24e4e4ecfa78ee246af284f9a086ba672a93c304ab053
ch_regr_simple_linear/figures/eoce/full_lin_regr_1/prof_evals_beauty.csv	99815	1e58b5639a1f84b0443bb8b705110dd7bdababe026ee1fed9bea9a009ef62842
ch_regr_simple_linear/figures/eoce/full_lin_regr_1/rate_my_prof.R	2619	45bc8f1649e47db82e19dfb7cde42fd5c5d7330ad478cc9d349bfc694929bcf3
ch_regr_simple_linear/figures/eoce/full_lin_regr_1/rate_my_prof_eval_beauty.pdf	24685	b413592343a31eebc1cbebb64e22de5931ee8ea1cce9363a62a453946a0dd2c5
ch_regr_simple_linear/figures/eoce/full_lin_regr_1/rate_my_prof_residuals.pdf	26342	e9ad1c8e6c4adfd4c8415c1afc3d1008d1702e433758d41689e467fb953f5e27
ch_regr_simple_linear/figures/eoce/full_lin_regr_1/rate_my_prof_residuals_hist.pdf	4369	fffe244d497d02455d94e8c0c9efceb1d2738f9efeba45cab181b4b445559d6d
ch_regr_simple_linear/figures/eoce/full_lin_regr_1/rate_my_prof_residuals_order.pdf	30045	597514ac36a7440c41f03b17ee8714e7f7727c99a756e654688a3295ae2720c5
ch_regr_simple_linear/figures/eoce/full_lin_regr_1/rate_my_prof_residuals_qq.pdf	31837	582c9b25771db8591e8aa08dd304a6ce6e3c3b81a34f6f65f63c247261c04dc2
ch_regr_simple_linear/figures/eoce/full_lin_regr_2/prof_evals_beauty.csv	99815	1e58b5639a1f84b0443bb8b705110dd7bdababe026ee1fed9bea9a009ef62842
ch_regr_simple_linear/figures/eoce/full_lin_regr_2/rate_my_prof.R	2619	45bc8f1649e47db82e19dfb7cde42fd5c5d7330ad478cc9d349bfc694929bcf3
ch_regr_simple_linear/figures/eoce/full_lin_regr_2/rate_my_prof_eval_beauty.pdf	24685	b413592343a31eebc1cbebb64e22de5931ee8ea1cce9363a62a453946a0dd2c5
ch_regr_simple_linear/figures/eoce/full_lin_regr_2/rate_my_prof_residuals.pdf	26342	e9ad1c8e6c4adfd4c8415c1afc3d1008d1702e433758d41689e467fb953f5e27
ch_regr_simple_linear/figures/eoce/full_lin_regr_2/rate_my_prof_residuals_hist.pdf	4369	fffe244d497d02455d94e8c0c9efceb1d2738f9efeba45cab181b4b445559d6d
ch_regr_simple_linear/figures/eoce/full_lin_regr_2/rate_my_prof_residuals_order.pdf	30045	597514ac36a7440c41f03b17ee8714e7f7727c99a756e654688a3295ae2720c5
ch_regr_simple_linear/figures/eoce/full_lin_regr_2/rate_my_prof_residuals_qq.pdf	31837	582c9b25771db8591e8aa08dd304a6ce6e3c3b81a34f6f65f63c247261c04dc2
ch_regr_simple_linear/figures/eoce/helmet_lunch/helmet_lunch.R	1189	572157698fd1e5d5edbf237607430bbf10077910b62a0802bd8d612cec282b5f
ch_regr_simple_linear/figures/eoce/helmet_lunch/helmet_lunch.pdf	4652	04565fbdc9485c515838b0a860098672b8e3d04dd89f311d60e0eb7bc76b3982
ch_regr_simple_linear/figures/eoce/husbands_wives_age_inf/husbands_wives.txt	5922	4927286acbaaf5f5c83e78fee1aba1b7324a8b1e0b0838917593e317c620416f
ch_regr_simple_linear/figures/eoce/husbands_wives_age_inf/husbands_wives_age.pdf	12347	6e33aebc23585682b4dca460c35f3f187678378d9142911772d04c981a1cfcb9
ch_regr_simple_linear/figures/eoce/husbands_wives_age_inf/husbands_wives_age_inf.R	1106	cb39512cc48c1d719ce97f802c036422e4dbdea5578e9757cb43b3cfd15b5513
ch_regr_simple_linear/figures/eoce/husbands_wives_correlation/husbands_wives.txt	5922	4927286acbaaf5f5c83e78fee1aba1b7324a8b1e0b0838917593e317c620416f
ch_regr_simple_linear/figures/eoce/husbands_wives_correlation/husbands_wives_age.pdf	12347	efad7fb9cca5bdec97117d6f7f01f08ae450b1b00ec74dfceff19ce8553a9ff9
ch_regr_simple_linear/figures/eoce/husbands_wives_correlation/husbands_wives_correlation.R	1468	42aad6e80ab4029c6df7e8b8271ecb646848ac058f4a6560e5daa334139616ab
ch_regr_simple_linear/figures/eoce/husbands_wives_correlation/husbands_wives_height.pdf	13795	1b02f5be6838ea62227c2e9961098823033470765f59464b7c8185f6d925b53b
ch_regr_simple_linear/figures/eoce/husbands_wives_height_inf/husbands_wives.txt	5922	4927286acbaaf5f5c83e78fee1aba1b7324a8b1e0b0838917593e317c620416f
ch_regr_simple_linear/figures/eoce/husbands_wives_height_inf/husbands_wives_height.pdf	13795	81c2193f58cddf59b2b8bcb225f6a852686b1d9f6c008be614f79c65bad5a513
ch_regr_simple_linear/figures/eoce/husbands_wives_height_inf/husbands_wives_height_inf.R	1133	38da6076c46dcbc367ba538e95364a1ec9332cdf593c902f108f8145e4c48da2
ch_regr_simple_linear/figures/eoce/husbands_wives_height_inf_2s/husbands_wives.txt	5922	4927286acbaaf5f5c83e78fee1aba1b7324a8b1e0b0838917593e317c620416f
ch_regr_simple_linear/figures/eoce/husbands_wives_height_inf_2s/husbands_wives_height_inf_2s.R	1140	5430464761b1c4a49342cde19a09f9bb76e91ec12ee0187e2edc1747e1d49ddc
ch_regr_simple_linear/figures/eoce/husbands_wives_height_inf_2s/husbands_wives_height_inf_2s.pdf	13795	81c2193f58cddf59b2b8bcb225f6a852686b1d9f6c008be614f79c65bad5a513
ch_regr_simple_linear/figures/eoce/identify_relationships_1/identify_relationships_1.R	2598	99acf168963cc4d99c8693ee40e5761d16f608e97fbac8fb8c9e4a340688c16f
ch_regr_simple_linear/figures/eoce/identify_relationships_1/identify_relationships_lin_neg_strong.pdf	5208	28351a8bd4fcb357ee2a7ecdfa7a92fe8f1a75cf6d5baa14121ed9d0d932ab59
ch_regr_simple_linear/figures/eoce/identify_relationships_1/identify_relationships_lin_pos_strong.pdf	5187	123d504534dfd5b07167d4cf7e67ba9b8583b83a9cc2cb8889def31448426e93
ch_regr_simple_linear/figures/eoce/identify_relationships_1/identify_relationships_lin_pos_weak.pdf	5216	4e54f67d44b967ca756cf213c72d5e0d88919fa234965ab16065607c0128d6b9
ch_regr_simple_linear/figures/eoce/identify_relationships_1/identify_relationships_n.pdf	5216	4527e8da75fd93bd42cf3f6804a750619ed74a421b2a05b698616bbbf4fedc39
ch_regr_simple_linear/figures/eoce/identify_relationships_1/identify_relationships_none.pdf	5203	0ef4361ffa0710ae7ab674a6fa9787fa1b7b6145f1364383c109671b2d5c4706
ch_regr_simple_linear/figures/eoce/identify_relationships_1/identify_relationships_u.pdf	5201	9693e4a31357ae7e829d6dfd904b2377a5cfc427634a48ab7f877e365aa92201
ch_regr_simple_linear/figures/eoce/identify_relationships_2/identify_relationships_2.R	2603	bbe4707cbd1e89a23a8eced229707763987fab640f8c13cf88fae3bac666d71b
ch_regr_simple_linear/figures/eoce/identify_relationships_2/identify_relationships_hockey_stick.pdf	5341	926262b86828beb9cf7865657f4c1e397f5c2238a83e8616ac2d0d619be6ed54
ch_regr_simple_linear/figures/eoce/identify_relationships_2/identify_relationships_neg_lin_weak.pdf	5358	7b9adeeb3e3b526e0c54f5b1c0aeb5cdcbf1bc9b3d038ce944643afb5dea9ecf
ch_regr_simple_linear/figures/eoce/identify_relationships_2/identify_relationships_pos_lin_strong.pdf	5367	911653f047f57b5199a6c5a3d3f5d86679d74255332bc4be83ef9050a5d15394
ch_regr_simple_linear/figures/eoce/identify_relationships_2/identify_relationships_pos_weak.pdf	5353	99efed1f6ecc7d1d96f67981f0b599bdf887d67d9cf6818b5d353e5c458f49f8
ch_regr_simple_linear/figures/eoce/identify_relationships_2/identify_relationships_pos_weaker.pdf	5359	6def0c2f1317a5a5293ad098b3ac56d5dcbd070094fa88918865dfb4ddcd5f62
ch_regr_simple_linear/figures/eoce/identify_relationships_2/identify_relationships_s.pdf	5339	276311265439cc224d00b1930ba3aaa9810db29c47100fb23aa3ea669da347ed
ch_regr_simple_linear/figures/eoce/match_corr_1/match_corr_1.R	1288	c139ff6cd1dc06b9670de3a33d72363d029b775bbd7cbe77d6b571215ba9487e
ch_regr_simple_linear/figures/eoce/match_corr_1/match_corr_1_u.pdf	11416	7a9ea24c83336fdcf0c2a24fae439bd07a96cbcc9453ac68b47db05a242347aa
ch_regr_simple_linear/figures/eoce/match_corr_1/match_corr_2_strong_pos.pdf	11461	97b340dd3539185f758c73df6ae68b37a985a35ad88cf417fd50f6d5331ea413
ch_regr_simple_linear/figures/eoce/match_corr_1/match_corr_3_weak_pos.pdf	11512	6701f3150479981a302d66a627e5dc6bc0ce7a820ac1e080f81d178b8ee25897
ch_regr_simple_linear/figures/eoce/match_corr_1/match_corr_4_weak_neg.pdf	11516	35a20ad6a1bfc8f32fd12f155461c6f52b03593c87f8e8514fe056d43565c39e
ch_regr_simple_linear/figures/eoce/match_corr_2/match_corr_1_strong_neg_curved.pdf	11471	c99bf2c896f4caba0b3acda9c0ef425b1e0d5fa0b5aaecf6bc24b94fcfbfba03
ch_regr_simple_linear/figures/eoce/match_corr_2/match_corr_2.R	1491	70ff1b4d2ea95ee53dee633b7aebcdcfcfa75a261cacc51bfb57b53f28957099
ch_regr_simple_linear/figures/eoce/match_corr_2/match_corr_2_weak_pos.pdf	11514	01e31e4d2a5fba920828cf07f5f41ee6e51ee196f8dddfd8a1e9e952aa6f8e15
ch_regr_simple_linear/figures/eoce/match_corr_2/match_corr_3_n.pdf	11536	35ba41c8d18e3bbd1b75590587acaa5e0ea5c3743027293e8c5cfb772ceb8d7f
ch_regr_simple_linear/figures/eoce/match_corr_2/match_corr_4_weak_neg.pdf	11519	d4f07f6f1fe5456ac562d36ff177cedd1931dd18c08ac0700239fd81fde22925
ch_regr_simple_linear/figures/eoce/match_corr_3/match_corr_1_strong_neg_curved.pdf	5203	c66962156bac2ef2bb0decd7d4be23bd0771be7a5811d207c313dd3924e074cb
ch_regr_simple_linear/figures/eoce/match_corr_3/match_corr_2.R	2016	23f0426fe4875da16a119f400517ff8afa122eeaf85e085dcef1fc05fcf2bccb
ch_regr_simple_linear/figures/eoce/match_corr_3/match_corr_2_weak_pos.pdf	5195	928c750657c33f657a5613d8518c78426ed9d906d4bf150338072cd16398bbf8
ch_regr_simple_linear/figures/eoce/match_corr_3/match_corr_3.R	1129	cb2993f7ecd2c0f603c22663d25a0603311c2a347f1b5c81d9e38f758a8dbede
ch_regr_simple_linear/figures/eoce/match_corr_3/match_corr_3_n.pdf	5197	fa9e4f32101582dd1715bd0e39dbb8019d7e43483a9ed5584f8018d3649d7d4e
ch_regr_simple_linear/figures/eoce/match_corr_3/match_corr_4_weak_neg.pdf	5199	1af383c3831b382331f4b7bca784765bdd91c44c6ad31fc305300b5bbafe8a1c
ch_regr_simple_linear/figures/eoce/match_corr_3/scatter_1.pdf	11060	701fb63de2549d2e12b0be411b2f591b8bd5b3b20b8406ec5828b0ede61efedc
ch_regr_simple_linear/figures/eoce/match_corr_3/scatter_2.pdf	11275	d49e9140e6ed48dae862456d3fd4e815f8f60761b3212ce5e8f5472b55b18e1f
ch_regr_simple_linear/figures/eoce/match_corr_3/scatter_3.pdf	8759	502c46ce9c18697aed5a2bb6c88d439dd62164e2851709e807e082a9bbd108f4
ch_regr_simple_linear/figures/eoce/match_corr_3/scatter_4.pdf	12119	d1a71e2b4ec702a6d4278c5f487b2e5eb7826b2e1c809c27be347368c7bd3fda
ch_regr_simple_linear/figures/eoce/murders_poverty_reg/murders.csv	474	14c17c3b2bd296b24745d491be91f4de57f35864af1b83a2c4a9b50dfcd60eda
ch_regr_simple_linear/figures/eoce/murders_poverty_reg/murders_poverty.R	1020	ef20f486bd09c7c5c09352af722a88ea4d80b61c900c019b66c4c7a90d259b82
ch_regr_simple_linear/figures/eoce/murders_poverty_reg/murders_poverty.pdf	4713	baae05b336f1f56e9c1264d2ea13c22a608c67b4b1e5828bd420e8b7c558c864
ch_regr_simple_linear/figures/eoce/outliers_1/outliers_1.R	1581	9d0acc0981b16a5ac643c9cfdc90e522dcc34a2f92af955eb6ef1570fe95b213
ch_regr_simple_linear/figures/eoce/outliers_1/outliers_1_influential.pdf	7378	e7be69c8a4d9a8283ba6adab5677bf6145605d16f0599f89c0d8f5f8801d78d6
ch_regr_simple_linear/figures/eoce/outliers_1/outliers_2_leverage.pdf	7345	e49577216468036732c7a9f33d6d8d95b6a8e793cf72db8e4259307ba98c7643
ch_regr_simple_linear/figures/eoce/outliers_1/outliers_3_outlier.pdf	7540	226dd1ed42428ad869838acc7876624cf52866822ce9c5e6bbbb048ff08a2d2a
ch_regr_simple_linear/figures/eoce/outliers_2/outliers_1_influential.pdf	7520	03f43aba70f4022886410867f2fb76cb87b0cf29cf957af1557fc4e7542fca53
ch_regr_simple_linear/figures/eoce/outliers_2/outliers_2.R	1598	8f04357881eb983d007e54d011c9f65e7e6481f7d2f476e1b301add80bb44bb4
ch_regr_simple_linear/figures/eoce/outliers_2/outliers_2_influential.pdf	7498	0dc3380a09133ff16217924994428534d4b88e15f5a77dc37069d9e309b120fe
ch_regr_simple_linear/figures/eoce/outliers_2/outliers_3_outlier.pdf	7577	1c84e1f971ad04bddfc45362ef5814c252f6b5a0cb72535acbf97da8c7953e05
ch_regr_simple_linear/figures/eoce/rate_my_prof/prof_evals_beauty.csv	99815	1e58b5639a1f84b0443bb8b705110dd7bdababe026ee1fed9bea9a009ef62842
ch_regr_simple_linear/figures/eoce/rate_my_prof/rate_my_prof.R	2619	45bc8f1649e47db82e19dfb7cde42fd5c5d7330ad478cc9d349bfc694929bcf3
ch_regr_simple_linear/figures/eoce/rate_my_prof/rate_my_prof_eval_beauty.pdf	24685	f09398284e3530a43e15e63a3406d496185167a840b49ae6eb28b9d6210e7885
ch_regr_simple_linear/figures/eoce/rate_my_prof/rate_my_prof_residuals.pdf	26342	e9ad1c8e6c4adfd4c8415c1afc3d1008d1702e433758d41689e467fb953f5e27
ch_regr_simple_linear/figures/eoce/rate_my_prof/rate_my_prof_residuals_hist.pdf	4369	fffe244d497d02455d94e8c0c9efceb1d2738f9efeba45cab181b4b445559d6d
ch_regr_simple_linear/figures/eoce/rate_my_prof/rate_my_prof_residuals_order.pdf	30045	597514ac36a7440c41f03b17ee8714e7f7727c99a756e654688a3295ae2720c5
ch_regr_simple_linear/figures/eoce/rate_my_prof/rate_my_prof_residuals_qq.pdf	31837	582c9b25771db8591e8aa08dd304a6ce6e3c3b81a34f6f65f63c247261c04dc2
ch_regr_simple_linear/figures/eoce/speed_height_gender/speed_height.pdf	40884	64866205a752ab1621ea3ca373ca9d5584fc76f7944c7fed7ac6f7427c6078f6
ch_regr_simple_linear/figures/eoce/speed_height_gender/speed_height_gender.R	1598	28d2abd43a6f9d5dfce9323ee09280bee5e6b4f0a807ecc47b9704e671f5520b
ch_regr_simple_linear/figures/eoce/speed_height_gender/speed_height_gender.pdf	14026	646f52e085b998c47328c695318efd36388a739e00d9b88e370db7c579da471d
ch_regr_simple_linear/figures/eoce/speed_height_gender/speed_survey.csv	19204	7a270293e99aa19f3801558cdc93ee3a015ab719a91239d8925aa75775ed2093
ch_regr_simple_linear/figures/eoce/starbucks_cals_carbos/starbucks.csv	3612	f28d76baefd3e8950e898ec021fe7fa270645d55e2fbd2f29ed2e73383ab90fa
ch_regr_simple_linear/figures/eoce/starbucks_cals_carbos/starbucks_cals_carbos.R	1652	4e846b10479f472898ff5fb73e13a0e66eb200cedaa18b5e787b240bbfd4e9b4
ch_regr_simple_linear/figures/eoce/starbucks_cals_carbos/starbucks_cals_carbos.pdf	8778	f9e36fed9ddc9f64e7577c198499edbac0b905d38f4060e4a5ecd101b8b6e433
ch_regr_simple_linear/figures/eoce/starbucks_cals_carbos/starbucks_cals_carbos_residuals.pdf	8902	0fb22045c8f9939500940a360ef16131bcaaece21deec7b100eaf0f8d368acba
ch_regr_simple_linear/figures/eoce/starbucks_cals_carbos/starbucks_cals_carbos_residuals_hist.pdf	4392	e1317a5ba354b473f9a151741456d0e257ae7d628ebd6ce9da4a1333a975a148
ch_regr_simple_linear/figures/eoce/starbucks_cals_protein/starbucks.csv	3612	f28d76baefd3e8950e898ec021fe7fa270645d55e2fbd2f29ed2e73383ab90fa
ch_regr_simple_linear/figures/eoce/starbucks_cals_protein/starbucks_cals_protein.R	600	5cf72d8b25da4cb6fd88107e0be8644ef03e6ac0f1df449ae516c0f2f8531d3d
ch_regr_simple_linear/figures/eoce/starbucks_cals_protein/starbucks_cals_protein.pdf	12205	5a6b986e96fd4a792afd6230c7683cf06f5a49bee31c0d41a707d227fb178e79
ch_regr_simple_linear/figures/eoce/tourism_spending_reg_conds/tourism_spending.csv	723	de1c96c3962926ecfeef7c329e2cb639b719df1ecbcf8b03ad9eca38fa78cf3a
ch_regr_simple_linear/figures/eoce/tourism_spending_reg_conds/tourism_spending_count.pdf	7583	e7fc1d14f51edd75c8d64b0aced9f76c4c4a950668108d524fdbb72977eae60a
ch_regr_simple_linear/figures/eoce/tourism_spending_reg_conds/tourism_spending_count_residuals.pdf	7590	3b0ceb6f07fc3ae45d574fc8fc283a68ba1a5cccaa42b3493a43b37eca91e54f
ch_regr_simple_linear/figures/eoce/tourism_spending_reg_conds/tourism_spending_count_residuals_hist.pdf	4366	273f8d148124ffe600a9959ed3cf25a4805c4b3b7054c52f3e7960f202aab12d
ch_regr_simple_linear/figures/eoce/tourism_spending_reg_conds/tourism_spending_reg_cond.R	1938	32f6167db939dca2de004b9bd34c0a61449dc1b55c57e65b18a6c2ebea8eb515
ch_regr_simple_linear/figures/eoce/trees_volume_height_diameter/trees_volume_diameter.pdf	4787	38b27442754efdca86e83b1f6416ecc5a14961a294bc45bbfcc026e2b6801fec
ch_regr_simple_linear/figures/eoce/trees_volume_height_diameter/trees_volume_height.pdf	4773	f5821f76b3ef98fac2419fe463c8622718100bfe30307d3278e72ac78f1902d3
ch_regr_simple_linear/figures/eoce/trees_volume_height_diameter/trees_volume_height_diameter.R	1118	094021a70a9c8ac7cc654d726c0e6b8f67c577f80bf6e00541bd0eaad7e0ad49
ch_regr_simple_linear/figures/eoce/trends_in_residuals/trends_in_residuals.R	1134	c3399b4e110ce677b774dc451afb2e716b9dc479b0ec6f82d5c4e59a48906ae1
ch_regr_simple_linear/figures/eoce/trends_in_residuals/trends_in_residuals_fan.pdf	6542	896b3b3bd345d4c3bc67379e9053b312fb19154249f8f82c6080b23f9f3d4c0a
ch_regr_simple_linear/figures/eoce/trends_in_residuals/trends_in_residuals_log.pdf	6561	ce7cf98ed4bed00fed59a3c4c03ab2471b233c42b99de349bb9b3bae50b3012d
ch_regr_simple_linear/figures/eoce/urban_homeowners_cond/urban_homeowners_cond.R	819	02214facc21cf8a81f639e8f4b8695eab9a54d00ffb35a960a48bf4dd37832fd
ch_regr_simple_linear/figures/eoce/urban_homeowners_cond/urban_homeowners_cond.pdf	11086	2ece8fc38a37242f3919f219d2ef214f7286f88da9aa44151bc8977f4d974edf
ch_regr_simple_linear/figures/eoce/urban_homeowners_cond/urban_state_data.csv	11503	7e7ae8d0c9402f3dcecc9f37af150418c2a3beda7fe44f19d9e8f627e0313813
ch_regr_simple_linear/figures/eoce/urban_homeowners_outlier/urban_homeowners_outlier.R	788	dc648f42f43fca5d1603eacda1226cf7a396dd343f9b4140b54b86b23227ce0f
ch_regr_simple_linear/figures/eoce/urban_homeowners_outlier/urban_homeowners_outlier.pdf	7863	975f9d0c09415b9ecb7acc7ea56ac6cec1bbd2fdb88b1cffa065c72d03627fa8
ch_regr_simple_linear/figures/eoce/urban_homeowners_outlier/urban_state_data.csv	11503	7e7ae8d0c9402f3dcecc9f37af150418c2a3beda7fe44f19d9e8f627e0313813
ch_regr_simple_linear/figures/eoce/visualize_residuals/visualize_residuals.R	1202	16d81c98a0323f3481391b13f980643172c3c35ee16bf25dc7584cea1e0da2f4
ch_regr_simple_linear/figures/eoce/visualize_residuals/visualize_residuals_fan_back.pdf	5169	34ab2949a239df5077037a4909e02f3426eee5625ca06a55d822d81e772bf163
ch_regr_simple_linear/figures/eoce/visualize_residuals/visualize_residuals_linear.pdf	5158	0f875d07680c2456e339fcdc5f01dd0925b77f9f39bfae54a2c860a498bb1fba
ch_regr_simple_linear/figures/identifyingInfluentialPoints/identifyingInfluentialPoints.R	625	d13258d2e5858a84d19b72646c36aa299342132a4c76f69ad038d38b0d82269b
ch_regr_simple_linear/figures/identifyingInfluentialPoints/identifyingInfluentialPoints.pdf	30353	0621594cb0d6541a16955989f2e046fff021717d8523dfbd2e2626f15cee8900
ch_regr_simple_linear/figures/imperfLinearModel/imperfLinearModel.R	625	67847a6c33482964f3099ec1d7e96d1d41544e608c759bf3af88942c90929ed1
ch_regr_simple_linear/figures/imperfLinearModel/imperfLinearModel.pdf	33711	d1ea05a52f2b63d1fd64b9620b0155a79a531f5b8339d0d75d048200e2096c06
ch_regr_simple_linear/figures/marioKartNewUsed/marioKartNewUsed.R	1052	9fcd6ed665b33b6d41fd8ab8298e26181af77e22d0ea1075ff78b57b78d24deb
ch_regr_simple_linear/figures/marioKartNewUsed/marioKartNewUsed.pdf	9881	55953d18f533140f11e1d7f132f3671470363800193d6d5e6df7598987723d2c
ch_regr_simple_linear/figures/notGoodAtAllForALinearModel/notGoodAtAllForALinearModel.R	580	a60f7268abbc5f18f783d325d39c194aabd35a41f01552937038bf3e808c48e5
ch_regr_simple_linear/figures/notGoodAtAllForALinearModel/notGoodAtAllForALinearModel.pdf	4841	2805775db58e7f7b7d1718ef1a6328c33dbe7cf36f0d9fe3a37bb828346183fb
ch_regr_simple_linear/figures/outlierPlots/outlierPlots.R	575	b738a3eab76e735c032ddc633e3de4c624d20c26ed484987bb955d17de68e278
ch_regr_simple_linear/figures/outlierPlots/outlierPlots.pdf	54901	5257504619546b0d1e1f67eb15c04eaf03a29bc3ee721c4a7a1ea95687f73b13
ch_regr_simple_linear/figures/pValueMidtermUnemp/pValueMidtermUnemp.R	223	93f890c59f1046b92e674ae2fc282c924c95a21e2e17ee5897dc2942de5fb2e8
ch_regr_simple_linear/figures/pValueMidtermUnemp/pValueMidtermUnemp.pdf	8619	1ad2d54fb3220fc296c6c6af6c517c74b619d67dfeba1a21956809909939e9af
ch_regr_simple_linear/figures/perfLinearModel/perfLinearModel.R	587	1ef1543985b3cc29ba27b8b4c8b41a9163f2521eb3180a786f122badd351316a
ch_regr_simple_linear/figures/perfLinearModel/perfLinearModel.pdf	4635	fbc15eeff104137698399cc586a9ebbb957d1bc442cfdc89612a5c2fe88b91aa
ch_regr_simple_linear/figures/posNegCorPlots/.Rhistory	133942	0352c450ee25d01720c3f7691da10dd0959be5a18c9b53c948d20a0b5a48c4fa
ch_regr_simple_linear/figures/posNegCorPlots/CorrelationPlot.R	293	241322b0599151022ffa59a7349a65cea7b75bd3d38643a67014b4d591abe35e
ch_regr_simple_linear/figures/posNegCorPlots/corForNonLinearPlots.R	646	cbdbf4b150126f535a78595042cb7abe445774a67756125e5d1156fbd48cb80a
ch_regr_simple_linear/figures/posNegCorPlots/corForNonLinearPlots.pdf	13732	8c5495f817fd6173400da24432cb92da3634484dd1007a7e29f2c673f4d744e2
ch_regr_simple_linear/figures/posNegCorPlots/posNegCorPlots.R	1591	60f3e40aa5d757242d1aebad39ccfd30906eb2e9da69954dd901d711dfd95a29
ch_regr_simple_linear/figures/posNegCorPlots/posNegCorPlots.pdf	28220	25d8f9ebb8a37a96d287d09d6f6910014f69f65b96ef6c3697a375fce0913ea2
ch_regr_simple_linear/figures/sampleLinesAndResPlots/sampleLinesAndResPlots.R	1413	3b1c9769a0ead90ecc37905a5c2c5f626a5e1885e438a376b5790c2a2d78b1b1
ch_regr_simple_linear/figures/sampleLinesAndResPlots/sampleLinesAndResPlots.pdf	24100	b4795cf13f50eaf9dc2f0c179961584d2d96075fa83c08c07d04296ad44bda24
ch_regr_simple_linear/figures/scattHeadLTotalL/scattHeadLTotalL.R	455	cab587c914cf605f91fd5bf5abd15696a97a3b67305f41ff9f723e69f225ffc6
ch_regr_simple_linear/figures/scattHeadLTotalL/scattHeadLTotalL.pdf	10585	11e096681995da76c1d8a0f0f19a296e2f0a2278622508052331f5b3fb8bb73d
ch_regr_simple_linear/figures/scattHeadLTotalLLine/scattHeadLTotalLLine.R	1070	74d9bdc9936be57f0d598bed4a2dd252d5e57b9af37cb5339e596359b856ab34
ch_regr_simple_linear/figures/scattHeadLTotalLLine/scattHeadLTotalLLine.pdf	10483	d77c45ab8a399685f2af4dbd41adf95e719070f68836b4715515ee512595d006
ch_regr_simple_linear/figures/scattHeadLTotalLLine/scattHeadLTotalLLineResiduals.pdf	10457	effa3008362829b8dab31a6a2d372cd5db2178199bc7c9a822e3cafc23d937a5
ch_regr_simple_linear/figures/scattHeadLTotalLResidualPlot/scattHeadLTotalLResidualPlot.R	650	c14458e702fc391c5eee1d3af3802b4def7b9b4aba0919893071fdbc67080bed
ch_regr_simple_linear/figures/scattHeadLTotalLResidualPlot/scattHeadLTotalLResidualPlot.pdf	10304	5cf9254760b8cb85dedabd61f016e496df5ac1fbe02c99d1d63858b8ee498370
ch_regr_simple_linear/figures/scattHeadLTotalLSex/scattHeadLTotalLSex.R	516	1d8306b68b6d328a7e4385fe7afd4007b80507b495842a29355fc26a4c1d9c70
ch_regr_simple_linear/figures/scattHeadLTotalLSex/scattHeadLTotalLSex.pdf	6183	8d984c21bfe74bfcafb6591550bb1914d2f977c7de3d5769c33a737408b27da4
ch_regr_simple_linear/figures/scattHeadLTotalLTube/.Rhistory	65110	bf04b57da96b3f26f2d93d96654647792061abb3198411375a4bc2ddb9487c76
ch_regr_simple_linear/figures/scattHeadLTotalLTube/scattHeadLTotalLTube.R	1391	dbf72b9b17873eaf4ed7c973f449eb9833c65aabda57cee508c8daa12a0e8c8f
ch_regr_simple_linear/figures/scattHeadLTotalLTube/scattHeadLTotalLTube.pdf	14157	967cbfe74a69757968083f712755f212d3c83980f0d1e037ae023c88ddedda8a
ch_regr_simple_linear/figures/unemploymentAndChangeInHouse/unemploymentAndChangeInHouse.R	1675	07582fd7a20ba542e625955b4ec6f15005d83c3dd7269a462c1790e896063a1a
ch_regr_simple_linear/figures/unemploymentAndChangeInHouse/unemploymentAndChangeInHouse.pdf	7079	96b7ecd08bb93f92ffed0bdb379b0a65f57c17ef7def577af43761308a61296c
ch_regr_simple_linear/figures/whatCanGoWrongWithLinearModel/makeTubeAdv.R	2262	d83ba38fb01dfb7b06d9583dc81b57153a0e958e45608ea5334874aa7a0db453
ch_regr_simple_linear/figures/whatCanGoWrongWithLinearModel/whatCanGoWrongWithLinearModel.R	2658	195dad9583b9168c99685fe2e94814702aba60deb77152584f975b03aa655353
ch_regr_simple_linear/figures/whatCanGoWrongWithLinearModel/whatCanGoWrongWithLinearModel.pdf	49544	f3ab2e2d76e71e1494e4be7447747753fe46e0b1ce118052f612258af866dd10
ch_summarizing_data/TeX/case_study_malaria_vaccine.tex	9638	4e5fc10a9b8e95ef020ee4ac1b61fd818c2c3a7be172fe219c646fb1e9f3af03
ch_summarizing_data/TeX/ch_summarizing_data.tex	114861	d549dce194bb297bfd04ee506b16919f8b5e7f30752e0e06f0e0cca4a579c355
ch_summarizing_data/TeX/considering_categorical_data.tex	6644	dd8f682d4188597869ec0e3bd873e04b0be3c6636de117788ff65101ba2241ab
ch_summarizing_data/TeX/examining_numerical_data.tex	22191	e02d13f2fd10a823fe42d8802f83bd8139546690771df2da35deee01c76ad1b2
ch_summarizing_data/TeX/review_exercises.tex	9363	91f393cf22afbace8f80626d50558809acc283417805e7aa814aecb2b0d32ae3
ch_summarizing_data/figures/b005_eoce_closure/FINAL_MANIFEST.tsv	3602	c7fbe119e10b59d7a759c07b796a26073aaa07eeb45c7a31e921a7d69cc74f78
ch_summarizing_data/figures/b005_eoce_closure/FINAL_RECEIPT.json	38815	d59d1e9f41ee14079ae8ef022d22921836e8aa3b0d906960ddd94b6715afef4d
ch_summarizing_data/figures/b005_eoce_closure/PROPOSED_ASSET_ROWS.tsv	4559	96465e04344cf03bc73a50af4262e50b2e9e7ac82ac65a5df38682a4af0579c3
ch_summarizing_data/figures/b005_eoce_closure/assemble_b005_eoce_closure.py	19746	f14595aba43c27d2bb6522cd48ad01d012856f41c020c9c7e774f28ed9e84583
ch_summarizing_data/figures/b005_eoce_replay_hispanic_bacteria/PARTIAL_RECEIPT.json	32294	e1f5e52f84e94367cde9e5ed3d9d00f7b3fc8c4b3abbb691007fc84a718bc673
ch_summarizing_data/figures/b005_eoce_replay_hispanic_bacteria/PROPOSED_ASSET_ROWS.tsv	3398	2fd43c602c304755878b66c49e8afca17bce4cc325e649e0022f4b7908d518be
ch_summarizing_data/figures/b005_eoce_replay_hispanic_bacteria/replay_a_manifest.json	5947	be292c4bce2ee4cd2e04faabadb05845d9e746596f56aeaf245cacf426b4e193
ch_summarizing_data/figures/b005_eoce_replay_hispanic_bacteria/replay_b005_eoce_hispanic_bacteria.py	10008	740d883565657b7fba7c617311576c291cf7f2bbb789c0f8a2d2831a2f8adddd
ch_summarizing_data/figures/b005_eoce_replay_hispanic_bacteria/replay_b_manifest.json	5947	be292c4bce2ee4cd2e04faabadb05845d9e746596f56aeaf245cacf426b4e193
ch_summarizing_data/figures/b005_eoce_replay_hispanic_bacteria/verify_b005_eoce_hispanic_bacteria.py	22874	e9c8039fc3d86f97eacf7b0357faea255a77e441b5b80707ad949a67ffe064ed
ch_summarizing_data/figures/b005_prefix_replay/FINAL_RECEIPT.json	41966	aade78b18ebdea04fc03395d2684c4f0305b048870f10d764a4c6574e72907a1
ch_summarizing_data/figures/b005_prefix_replay/PROPOSED_ASSET_ROWS.tsv	8471	efd3a4e240174e90975dfeafa6a5486b45221ea5bfed12a2fb585cf619cc9bc6
ch_summarizing_data/figures/b005_prefix_replay/replay_a_manifest.json	11029	1c99b76dd80d8dcfafb0560afd2c3282dca76d207881554b419c77893ecbd90d
ch_summarizing_data/figures/b005_prefix_replay/replay_b005_prefix_figures.py	21938	424a193e6526854e378297a41309ed4a2e4c14c6be334439d33556589d3e404f
ch_summarizing_data/figures/b005_prefix_replay/replay_b_manifest.json	11029	1c99b76dd80d8dcfafb0560afd2c3282dca76d207881554b419c77893ecbd90d
ch_summarizing_data/figures/b005_prefix_replay/verify_b005_prefix_figures.py	32271	8a484405cec8d3f55d442e7a066e8d09636b612d49c8235fc6809c08b6274cb2
ch_summarizing_data/figures/boxPlotLayoutNumVar/boxPlotLayoutNumVar.R	2343	e355f3f920a85ae046ff56c82268dc6e9e5a470cb91bcc35f2855f8b9d0c728b
ch_summarizing_data/figures/boxPlotLayoutNumVar/boxPlotLayoutNumVar.pdf	8653	6dc04dc077e3144e1c21f37fd8d15e7ee7be34b1f5bacfc55905b4e7bcbe25a1
ch_summarizing_data/figures/boxPlotLayoutNumVar/boxPlotNumVarSmall.pdf	4873	46f23317ec6dcebb355083195f6922a29033de6cfbf338a0ee18d27dc695d4ae
ch_summarizing_data/figures/carsPriceVsWeight/carsPriceVsWeight.R	513	7a32936579caf159fe25ca03deb29d8f862be013333e16555a6eb3250a6ff249
ch_summarizing_data/figures/carsPriceVsWeight/carsPriceVsWeight.pdf	8445	8b9b1fcdb19e5fd41a301175f1f06f77e4da20e835716acf54c7a36b5f244ea3
ch_summarizing_data/figures/countyIncomeSplitByPopGain/countyIncomeSplitByPopGain.R	2988	100875651cb8715c7c30111d39a3131f1bd38cb08d8483ed9e1a4eba76af62c3
ch_summarizing_data/figures/countyIncomeSplitByPopGain/countyIncomeSplitByPopGain.pdf	9517	ed1e257a20b628d38854a0b01e6c5a8603a813ea21ada439aa84d1fd56f59d2e
ch_summarizing_data/figures/countyIncomeSplitByPopGain/countyIncomeSplitByPopGain.source-en.pdf	9659	b21a6ce06070df7ddcef4310270a7ef93fff8b63bdad55f2271dd85d2c738bdb
ch_summarizing_data/figures/countyIntensityMaps/countyFedSpendMap.pdf	393850	707b7a47960ce5724de7d14f55726477f2cb4396755b1bc53bd7f30664b25b93
ch_summarizing_data/figures/countyIntensityMaps/countyHomeownershipMap.pdf	396545	8f3a77774654a1c8538b83fbd007bf71ee5f91d151d9a5be6eb0918d61ad224d
ch_summarizing_data/figures/countyIntensityMaps/countyIntensityMaps.R	1027	7ecd9e6264705dcddc2cfb0218d7777c6461f6ceaff8d712eaa65be6f7af48cf
ch_summarizing_data/figures/countyIntensityMaps/countyMap.R	3507	791e39aead0dec6422f724f072e1d31bae38f44cc2faff06a90bac4c35dd1346
ch_summarizing_data/figures/countyIntensityMaps/countyMedIncomeMap.pdf	396324	c40dcd847b72ff291be7f70bebea5aa15add0c7ff184ee42e187e4812943fbfc
ch_summarizing_data/figures/countyIntensityMaps/countyPopChangeMap.pdf	391694	b49e1a8be30401447118b6c1b155c16751948ca5604b49d9dc314a822df3098d
ch_summarizing_data/figures/countyIntensityMaps/countyPovertyMap.pdf	395858	3838cc6e231656bb80034ee7d3c63b4b0b2568735c6051cd1b3d1cb578fd6f6e
ch_summarizing_data/figures/countyIntensityMaps/countyUnemploymentRateMap.pdf	397142	64e369cd7acb86f7db0ed9f6487812fe20c1c08238d850c0a6051feaebeed680
ch_summarizing_data/figures/county_pop_change_v_pop_transform/county_pop_change_v_pop_transform.R	1169	76c8da299db77be031ee9368b8304709202d04e348b00702d493e5d025199646
ch_summarizing_data/figures/county_pop_change_v_pop_transform/county_pop_change_v_pop_transform_i.pdf	328430	2730ad2747e6d6c70d8754f0ff4475f2ce6cf799b5cb7f3db464cbd8e8aec9d6
ch_summarizing_data/figures/county_pop_change_v_pop_transform/county_pop_change_v_pop_transform_log.pdf	355322	789c1d612288cd29c2c7100e5ba64dca63765a0fcc36c88b883003030445dae4
ch_summarizing_data/figures/county_pop_transformed/county_pop_transformed.R	847	2afafca2e3ab052375583b9d95075dd4af680feee9bc3978e5020ee4086f8209
ch_summarizing_data/figures/county_pop_transformed/county_pop_transformed_i.pdf	4677	b05a6fcb6d1b3c7d14362914cbf40591c5f7bfb87159559de1b5d7d4cd8bc380
ch_summarizing_data/figures/county_pop_transformed/county_pop_transformed_log.pdf	4619	be148d3a9dc762a8981cd674c5be9758ae95c9d7a883625e1d4bb0ea11832975
ch_summarizing_data/figures/discRandDotPlot/discRandDotPlot.R	1370	0f00da1f84bb650ea4171365a099258534067fedbf06336114bd493cc280d177
ch_summarizing_data/figures/discRandDotPlot/discRandDotPlot.pdf	6138	a595f45f80d5add601ce812b293d1b54ac9f76ece6a85283e7a8ed3699496d83
ch_summarizing_data/figures/email50LinesCharacters/email50LinesCharacters.R	465	45776fb599d701deae95ea72bd98ec36da62384567f6147f8bb747e9d7e6e446
ch_summarizing_data/figures/email50LinesCharacters/email50LinesCharacters.pdf	8446	fc6bb5498ee37bcbff47e94a4ed138d8c61eb5c85fdfbb5b06f45919a5d5f294
ch_summarizing_data/figures/email50LinesCharactersMod/email50LinesCharactersMod.R	992	101cbf65bdbce450886634eb76ae9c8fa117aa1307346587340fb4551bd0ef49
ch_summarizing_data/figures/email50LinesCharactersMod/email50LinesCharactersMod.pdf	8350	f457054f7c6ffe13228f48bc1d501f6d02b654252f3171690d20a901e024e96e
ch_summarizing_data/figures/email50LinesCharactersMod/email50LinesCharactersModLog.pdf	8800	457a7d3851f81f4022f1676676d48e35eb095094b0ad4f9ec6996c982c4325be
ch_summarizing_data/figures/email50NumCharDotPlotRobustEx/email50NumCharDotPlotRobustEx.R	1282	02f0b56b2d2bdf5aa0e71ca462118d43da9600314fe01eb657bd7ce24a3454a6
ch_summarizing_data/figures/email50NumCharDotPlotRobustEx/email50NumCharDotPlotRobustEx.pdf	11484	fdffa1e97bc01b1de41d66143f29f0aebe0c25cf79dce158587805de2d323271
ch_summarizing_data/figures/email50NumCharHist/email50NumCharHist.R	605	e37da8a41d36a96dc797c8a689d631cda685f92415f4f4f8efa0b7c0bc1ef0e1
ch_summarizing_data/figures/email50NumCharHist/email50NumCharHist.pdf	4706	631724bcc73eb3323f9713f409068ef8d84c578aca0c3c24a1726fe80dbd1413
ch_summarizing_data/figures/emailCharactersDotPlot/emailCharactersDotPlot.R	1333	92cc9a21ca776d6a86b4bc86dcfbf842dd1cf62530901c3cc0ecc7bc08aae1ec
ch_summarizing_data/figures/emailCharactersDotPlot/emailCharactersDotPlot.pdf	7155	329ab59cf03141d37d138756283b076641a9e388bb1d407cf448d2b836261299
ch_summarizing_data/figures/emailCharactersDotPlot/emailCharactersDotPlotStacked.pdf	4766	88a1255fef0b92365f2be7cc89084fa9d732ed51b07a293bfb9e30273371687d
ch_summarizing_data/figures/emailNumberBarPlot/emailNumberBarPlot.R	741	82bc118cf83d88dc557b1ba490f8cc4a25b56b5233e0f17a2611e6d44d6d5fb7
ch_summarizing_data/figures/emailNumberBarPlot/emailNumberBarPlot.pdf	4567	fa39360c143303b2918405293f3892b8d45d40b82b3d37232ac4e2b11018707d
ch_summarizing_data/figures/emailNumberPieChart/emailNumberPieChart.R	451	00bbc46dc800dcaa82654a69fe8ef648275de0a009adf5882d47c192e49562f7
ch_summarizing_data/figures/emailNumberPieChart/emailNumberPieChart.pdf	5832	48001216159a5660514663cf0ce74f41359e81fb2eafd1ab988d64c8b7d85396
ch_summarizing_data/figures/emailSpamNumberMosaicPlot/emailNumberMosaic.pdf	4212	508c8f3d9586f262150f9a027be585b95fa7658818eb2d2bf30f13016cbcc68c
ch_summarizing_data/figures/emailSpamNumberMosaicPlot/emailSpamNumberMosaic.pdf	4253	d26c7860a854e2672fb1ae9ced1b6341fc611e1462bf689d7ba46a8bf9584ace
ch_summarizing_data/figures/emailSpamNumberMosaicPlot/emailSpamNumberMosaicPlot.R	957	91a9d6c0c15ac71b08fcda952627616a9c5e7884f657d4d73fb62e862cb322a7
ch_summarizing_data/figures/emailSpamNumberMosaicPlot/emailSpamNumberMosaicRev.pdf	4293	5c8317ddcc002833ba55bd1daabbb2ac79302684be8381a90de34827b0ff2ad2
ch_summarizing_data/figures/emailSpamNumberSegBar/emailSpamNumberSegBar.R	928	5c98b7b0357b809a640775f9b6c55d739c52c7206b2f5515e4713e1f5da5e2fc
ch_summarizing_data/figures/emailSpamNumberSegBar/emailSpamNumberSegBar.pdf	4404	d62866df71cf4a12878ff08e45520e64a431e410e0673c2972f0d78233012274
ch_summarizing_data/figures/emailSpamNumberSegBar/emailSpamNumberSegBarSta.pdf	4317	9e71112f80436620f9a1ad86e95c829338c2cd9ae6fe63ab92cada8d8a5ed9e6
ch_summarizing_data/figures/eoce/air_quality_durham/air_quality_durham.R	2155	8ce1352520e4031e50f9a24b857068c1492b681cb00ab1915439e918f2b68659
ch_summarizing_data/figures/eoce/air_quality_durham/air_quality_durham_rel_freq_hist.id-ID.receipt.json	5323	340451cd5f770588d5fef0fa2167402e64df8862f03bb6472a5c27e547abd0e6
ch_summarizing_data/figures/eoce/air_quality_durham/air_quality_durham_rel_freq_hist.pdf	4599	d2616fba9e528255ad3eeceba71a65564924bcd66fa12058185043f4872144cf
ch_summarizing_data/figures/eoce/air_quality_durham/air_quality_durham_rel_freq_hist_soln.pdf	4643	fe60eaf6acf34a5089998c2eb8858b8ada2c06f813febbc9d9fa130c1cb237a1
ch_summarizing_data/figures/eoce/air_quality_durham/localize_air_quality_durham_rel_freq_hist_id.py	1639	d94dcbe8ae74675934fc39c4fc4ba55eb16d7dbb077112c70f78770bf383224b
ch_summarizing_data/figures/eoce/air_quality_durham/pm25_2011_durham.csv	85096	c8e94654cae47b17daa306b8f306780e08a485ecf175812334d5185ce441ef69
ch_summarizing_data/figures/eoce/antibiotic_use_children/antibiotic_use_children.R	1348	ce7bc34dd9fb9bf60f945e5e1de066a80228cf9312510d87b4e9d0e1ec5cc2d2
ch_summarizing_data/figures/eoce/antibiotic_use_children/antibiotic_use_children_bar.pdf	4510	6bda18fdd33b98997717f09b87df5449897e5170c33fa2b15e7e108d02514fe1
ch_summarizing_data/figures/eoce/antibiotic_use_children/antibiotic_use_children_bar.source-en.pdf	4501	8dee9c620a17ce986dca44665bdec90e86c9e1c23d651fca75389b3e4a766363
ch_summarizing_data/figures/eoce/antibiotic_use_children/antibiotic_use_children_pie.pdf	6022	738884e12a829edc6ec055996299eb20a9bb4678e37ba11a35e7162d7429e8a8
ch_summarizing_data/figures/eoce/antibiotic_use_children/antibiotic_use_children_pie.source-en.pdf	6077	1d158b4c4da2a4cab7c9e1e60b8114743dd050a83c74ccdc5827529bc78e7330
ch_summarizing_data/figures/eoce/association_plots/association_plots.R	1460	29d1199dcbcf658345525fb6830b3ae10904ba7fc02c73eb185fcc0c02539461
ch_summarizing_data/figures/eoce/association_plots/association_plots.pdf	27751	f0346b81af9946622298aec8e8a118099b8f011ef57ab597c48f8c86a0a34ebb
ch_summarizing_data/figures/eoce/cleveland_sacramento/cleveland_sacramento.R	1335	0ceb3d55f348a40efdbdd7119c02b17ab935c346b0778e9d03d1457c2aacf305
ch_summarizing_data/figures/eoce/cleveland_sacramento/cleveland_sacramento_hist.pdf	4867	6827e5f7f44613d2b7728297db9c12174a2cbefb1cdc1051c94832ab165ae464
ch_summarizing_data/figures/eoce/county_commute_times/countyMap.R	3124	c35720326cd8a2a84811c3d548e2fccf11d7700dbcf38d5c9fb8e8115c4b828a
ch_summarizing_data/figures/eoce/county_commute_times/county_commute_times.R	1049	5fea9f007106792e60ff2e26c1ac888f50b5d6815f08476c11705d0285380efb
ch_summarizing_data/figures/eoce/county_commute_times/county_commute_times_hist.id-ID.receipt.json	5539	c354b2e30ba340b951a172c697a92f49374d3ca51a9709dbf5a6f87035eb92c5
ch_summarizing_data/figures/eoce/county_commute_times/county_commute_times_hist.pdf	5397	91a5e5764da725cf5bd93f3c74096f41c315799e06c89ea58fad18fe5b20bdbc
ch_summarizing_data/figures/eoce/county_commute_times/county_commute_times_map.pdf	391930	e2265a9bfa8e267edb11e12f8c0d2642529083ab136e303dff6eb3f86b632dfb
ch_summarizing_data/figures/eoce/county_commute_times/localize_county_commute_times_hist_id.py	1715	bab69abfc3d35fd6e839dc4c2d6fa3c2d6d12efa3a342402111f22c8da514121
ch_summarizing_data/figures/eoce/county_hispanic_pop/countyMap.R	3124	c35720326cd8a2a84811c3d548e2fccf11d7700dbcf38d5c9fb8e8115c4b828a
ch_summarizing_data/figures/eoce/county_hispanic_pop/county_hispanic_pop.R	1386	bb1d0e171735210b4055632196a56f507834698207375814549f31dbcd20f2d3
ch_summarizing_data/figures/eoce/county_hispanic_pop/county_hispanic_pop_hist.pdf	4968	d08dba1365476f2e938cf92dbe6d9ec1f86a99714642b463e805a075fe3781fd
ch_summarizing_data/figures/eoce/county_hispanic_pop/county_hispanic_pop_log_hist.pdf	5390	c55ad74651d354c07632c23a4d7cb9c955dfdd42a18f0012d7b9ca2d0cc69487
ch_summarizing_data/figures/eoce/county_hispanic_pop/county_hispanic_pop_map.pdf	388755	9f04cd86c941db6100f00b7e9c03af214997600d0aefc19f6c05a85958faaa8c
ch_summarizing_data/figures/eoce/dream_act_mosaic/dream_act_mosaic.R	897	211764b3a529b414563b2f3dc4704952dbb7edb15028911382dcf344af0d1cc6
ch_summarizing_data/figures/eoce/dream_act_mosaic/dream_act_mosaic.pdf	4362	84e57a05fc927317e27c34c936527ed7d3253b10af04e929118a05bc88467df6
ch_summarizing_data/figures/eoce/dream_act_mosaic/dream_act_mosaic.source-en.pdf	4373	85a5464cd6f03a948b4d6e7686f2afbf6f519d6a298a086a27be72afdcb721e3
ch_summarizing_data/figures/eoce/estimate_mean_median_simple/estimate_mean_median_simple.R	602	56e6fe3daecd1c9234948143f7bb2dbb44c31a293f6fb6694550086e16876e75
ch_summarizing_data/figures/eoce/estimate_mean_median_simple/estimate_mean_median_simple.pdf	4746	858530cab1c2217139e7b6af69ede18e84a8da681445c2ea76d1b98c5af05a75
ch_summarizing_data/figures/eoce/hist_box_match/hist_box_match.R	966	7889dc8a35e3e27eb65852d445c4d51a800c0ae34069f3f47f8b0a676bf8cf99
ch_summarizing_data/figures/eoce/hist_box_match/hist_box_match.pdf	8060	86cc856f21fd5824fcc33481918abeab2abbdc608152f769d02de9a9d7d853d9
ch_summarizing_data/figures/eoce/hist_vs_box/hist_vs_box.R	697	88f9185bb9772e457b6480c6ebe314583de1246cdd4eb6976e51c4dc62a59b15
ch_summarizing_data/figures/eoce/hist_vs_box/hist_vs_box.pdf	5399	edae7d75617032265cdb78d1f938d69838255343407f51346902b14f3931e695
ch_summarizing_data/figures/eoce/income_coffee_shop/income_coffee_shop.R	1451	4cc5b21edd97b952cc1f16adc031c4c18d2c5972f442326bfc4148aa116b657b
ch_summarizing_data/figures/eoce/income_coffee_shop/income_coffee_shop.pdf	7587	ba565257e64ff187c3b1f781f9b8c24adf1e7a6c592d318eee7f2b226d497465
ch_summarizing_data/figures/eoce/infant_mortality_rel_freq/factbook.rda	10138	4843576c765049344074a81f258e33fd79fe3107fee7f026cebe469210253918
ch_summarizing_data/figures/eoce/infant_mortality_rel_freq/infant_mortality.R	2403	afcda34cc631a0ca8c146320dc414ae56c0ee672941133501f168e1736b2e5e8
ch_summarizing_data/figures/eoce/infant_mortality_rel_freq/infant_mortality_rel_freq_hist.pdf	5461	08b260d84539ae79f620ae36eb06c7543e212f3be84fb2c63533ae6a8267d185
ch_summarizing_data/figures/eoce/infant_mortality_rel_freq/infant_mortality_rel_freq_hist.source-en.pdf	4646	6515c65ed4f60d918f7bce140b7cb1fb5345a1ae168f757cfaafb7f6cb7e354a
ch_summarizing_data/figures/eoce/infant_mortality_rel_freq/infant_mortality_rel_freq_hist_soln.pdf	4778	f70b0c59624024ecb70461b67ac77aa48b3d91c0f58100ce141c5ffce7d3853d
ch_summarizing_data/figures/eoce/mammal_life_spans/localize_mammal_life_spans_scatterplot_id.py	4005	51fb6acef884342423571d1e1e930f8e6890dc0b24a49093ac03eda24b375c6b
ch_summarizing_data/figures/eoce/mammal_life_spans/mammal_life_spans.R	760	911111724a2a95c97c18b0ef9e9fa3511d89180bfa4f76d728da399e8a9b27fd
ch_summarizing_data/figures/eoce/mammal_life_spans/mammal_life_spans_scatterplot.id-ID.receipt.json	6590	0a163108c5b29e2c32d340cbbc5f3dea97ae411b23f312c9b745ff6562fe1430
ch_summarizing_data/figures/eoce/mammal_life_spans/mammal_life_spans_scatterplot.pdf	8269	624084eff9263cd858d6246ced23694de2db43dd019a4a410473c5222e97a505
ch_summarizing_data/figures/eoce/marathon_winners/marathon_winners.R	2001	91eea072b1af15f3121745260a01e73702b88aea567b2faeccf49fec4c22c86a
ch_summarizing_data/figures/eoce/marathon_winners/marathon_winners_gender_box.pdf	6636	b554c0c57e6a5fb6baef9117bf35ebbb859986930f8e9aacc26ea16a71f76fd8
ch_summarizing_data/figures/eoce/marathon_winners/marathon_winners_gender_box.source-en.pdf	5390	63631ae6f7d5812e60447ea263f3edbfd6f64d6023a18f5f7b1b91ee6e319d9f
ch_summarizing_data/figures/eoce/marathon_winners/marathon_winners_hist_box.pdf	6300	a82a9e9ad392be34dfc5bc40cf789252b3b197853b0ca78edf65712a60589043
ch_summarizing_data/figures/eoce/marathon_winners/marathon_winners_hist_box.source-en.pdf	5228	040871d0206811ae78530a75a7c6dbf1f8bad4b198637400bccd1ac170ff5924
ch_summarizing_data/figures/eoce/marathon_winners/marathon_winners_time_series.pdf	7379	d5d89f87264594f957433e1064baa356d0f6a5c41f515fa98fc63722150aea5a
ch_summarizing_data/figures/eoce/marathon_winners/marathon_winners_time_series.source-en.pdf	5564	759e134a9ed483b1fea6a1dd97a8987e040c21d2dfe14b25d860aa1e49117ee4
ch_summarizing_data/figures/eoce/office_productivity/office_productivity.R	396	5f620bdc933093fce4874e6bdf31f9adc657738ba70e3afc225fd9a1c83b7dd8
ch_summarizing_data/figures/eoce/office_productivity/office_productivity_sketch.pdf	4796	8cc207a59a2641e8d384c0d8d6eedd5768ef8adf588f4006b647685cb84e0cc4
ch_summarizing_data/figures/eoce/oscar_winners/oscar_winners.R	933	30f1411b9298ef816a66af4265e49bff6356f2938cb834ed37d2382c5894dfbc
ch_summarizing_data/figures/eoce/oscar_winners/oscars_winners_hist.pdf	5784	284b832da5c0f2cff343435aa540b8f2c777fdb16b4e3652db9bc1291532d9ef
ch_summarizing_data/figures/eoce/oscar_winners/oscars_winners_hist.source-en.pdf	4797	f17b02171f7e255e82c2a77bfef853860be8d244b9f37ec6e04e94a37f3f99d8
ch_summarizing_data/figures/eoce/raise_taxes_mosaic/raise_taxes_mosaic.R	1412	8da2ff9bfaa84aaecfe7c10a44b7b39e26aefbceb8684804b0db56247c481c09
ch_summarizing_data/figures/eoce/raise_taxes_mosaic/raise_taxes_mosaic.pdf	3993	aa2fd82673c928deb41819721feb9b71a7cd893dea4e91eee95f12409d2432b4
ch_summarizing_data/figures/eoce/raise_taxes_mosaic/raise_taxes_mosaic.source-en.pdf	4398	ce160a8aec7ed62a1c4ea5ef7cc3e9f30862eeafa1571a484a42035af44097b7
ch_summarizing_data/figures/eoce/randomization_avandia/randomization_avandia.R	902	30198c57fdbdf1e59a94bdfe66dd6aed4a83ae12a56658d12ec3d6e9bdb3be0d
ch_summarizing_data/figures/eoce/randomization_avandia/randomization_avandia.pdf	1887	cdca456620c05f17f215149ac0fb62d2ac43dc3e2be49d6eaf7c45b0bb8f4247
ch_summarizing_data/figures/eoce/randomization_avandia/randomization_avandia.source-en.pdf	4618	69202b9ba715bdeba6f61b886890dfec11f56d3275eedca1239d68c7cab20787
ch_summarizing_data/figures/eoce/randomization_heart_transplants/inference.RData	180341	ae8de46d6fb0cfb867e691f544d3799a6c6133e8a560642d4fce5d83af6d15e0
ch_summarizing_data/figures/eoce/randomization_heart_transplants/randomization_heart_transplants.R	2197	09f1c91a858448c38dd8ce04263f085bbd2d74ed74b472e6ed40a202e3dd3704
ch_summarizing_data/figures/eoce/randomization_heart_transplants/randomization_heart_transplants_box.pdf	5094	7447161e002ec5301f971f136a654f45e52420b10b986619b1b422284b03fe3f
ch_summarizing_data/figures/eoce/randomization_heart_transplants/randomization_heart_transplants_box.source-en.pdf	5154	6173e5e80faa450b617fd495a5c0ddbf60aae28677af2f82269d0a4acdc7d8a5
ch_summarizing_data/figures/eoce/randomization_heart_transplants/randomization_heart_transplants_mosaic.pdf	3837	271c43cb22fd4329c31d19488f012a4e9165bb30546aff5b47e9fc8f077355da
ch_summarizing_data/figures/eoce/randomization_heart_transplants/randomization_heart_transplants_mosaic.source-en.pdf	4232	fade35f65205c0ca57b55382f03b68001552b50728100cdca9b79639feb4d9da
ch_summarizing_data/figures/eoce/randomization_heart_transplants/randomization_heart_transplants_rando.pdf	45948	3504d6e03fcd6fb59f62c199528479668b678813a103cb399a450b133b634f10
ch_summarizing_data/figures/eoce/randomization_heart_transplants/randomization_heart_transplants_rando.source-en.pdf	5748	fdbabbfc71cba4640572a3bf968fd5959e59bf61e67d77b2c6032609e1aed8a2
ch_summarizing_data/figures/eoce/reproducing_bacteria/reproducing_bacteria.R	392	b35e6fdec78f7762e667419ab7f195946aa32599029f577e592fd56d5dac15f8
ch_summarizing_data/figures/eoce/reproducing_bacteria/reproducing_bacteria_sketch.pdf	4919	e17abbf40e97906ce81b8ce14d5381571d001176ab278571800628ee5363eff3
ch_summarizing_data/figures/eoce/stats_scores_box/stats_scores_box.R	659	991241467c4bd11154d84848a98769fa41579708e91be60ca6c5ef65dbecbf21
ch_summarizing_data/figures/eoce/stats_scores_box/stats_scores_boxplot.pdf	5118	1de61b3686455aa98e89d296e947865c2ea3d829b07c00ca56729d22f707da4a
ch_summarizing_data/figures/eoce/stats_scores_box/stats_scores_boxplot.source-en.pdf	4473	83a5404fbb7b624bc72df50b4201734c37d45c3ae18d6e5b8b0cd33f07c1654f
ch_summarizing_data/figures/histMLBSalaries/histMLBSalaries.R	789	f2454b30b1b72fa0fcf0c9de2256bdb2767a440a1187e6ae999914fa7daae8ab
ch_summarizing_data/figures/histMLBSalaries/histMLBSalariesLog.pdf	4446	5eb5b94161b48709086c52a88065dc38eae354daef3af9a8af45a7dcace76549
ch_summarizing_data/figures/histMLBSalaries/histMLBSalariesReg.pdf	4453	2cebae0810479d883872ce9f32e3d00712c12b139e99d3523704de6e4688458f
ch_summarizing_data/figures/loan50IncomeHist/loan50IncomeHist.R	832	dedf5e359c45ca84165da3b5ae6ad53aca0a9456abeafc9f768d367f9c33f1ad
ch_summarizing_data/figures/loan50IncomeHist/loan50IncomeHist.pdf	4719	7ff0e7892a8ee520843cbb26713e2e2b52af0d362bc0d6228f436717f1cc7823
ch_summarizing_data/figures/loan50IntRateHist/loan50IntRateHist.R	912	c06c81f58267fce45d11b369cd8e215feba4faf7da765b78be5702e728c82467
ch_summarizing_data/figures/loan50IntRateHist/loan50IntRateHist.pdf	4693	c12d2512a2603dc7e61c49fb9cc6c5dc5c8703b42253ce3e02907a319fb34a11
ch_summarizing_data/figures/loan50LoanAmountHist/loan50LoanAmountHist.R	793	e5cb9dc3b17fecc6150da43005927df9164315c9abda6156458b5f585e2ada12
ch_summarizing_data/figures/loan50LoanAmountHist/loan50LoanAmountHist.pdf	4592	52ec4f17589fed949f46fbacefb1287b2583798757ddd113c06f828c3dda786d
ch_summarizing_data/figures/loan50_amt_vs_income/loan50_amt_vs_income.R	832	aab22adf82b464b2cc2f7c401a7c0046ebe56ec5e4004dd668f32800143e7bd3
ch_summarizing_data/figures/loan50_amt_vs_income/loan50_amt_vs_income.pdf	7851	9bd56b89f84cbb24546114c8fb07687885a266e5d8fb7d338abbe0d51890302b
ch_summarizing_data/figures/loan50_amt_vs_interest/loan50_amt_vs_interest.R	532	ff0cd507e2da1b1b163d462e0193440ef1d4866e18d3cc1c4a5abbec0e37080a
ch_summarizing_data/figures/loan50_amt_vs_interest/loan50_amt_vs_interest.pdf	24271	48b80f00ee4487651b7c12c4435123e91c26d1240226d8b6e70184edb7d98c19
ch_summarizing_data/figures/loan_amount_dot_plot/loan_amount_dot_plot.R	1357	544dfa4ce96258e68ffbff8bb3e6349dc6755ee1ad0006335afa1910327c4976
ch_summarizing_data/figures/loan_amount_dot_plot/loan_amount_dot_plot.pdf	6388	fd55d8c4c8d7c73d8c44a332f21a904c8e74a8c0154800227b96431295ace326
ch_summarizing_data/figures/loan_amount_dot_plot/loan_amount_dot_plot_stacked.pdf	23609	edce108a5cfa69a32b3e54d7d51f7412db5756b101c2c6c5bdd7ca07d9e0815e
ch_summarizing_data/figures/loan_app_type_home_mosaic_plot/loan_app_type_home_mosaic.pdf	3867	3378320d94464a738483db352a34659da5338378431862fa3ef804aa74fa5478
ch_summarizing_data/figures/loan_app_type_home_mosaic_plot/loan_app_type_home_mosaic.source-en.pdf	4269	a884f487abe26a4397b64d9f4192d8c600ead41fa89821734c90d110452e6984
ch_summarizing_data/figures/loan_app_type_home_mosaic_plot/loan_app_type_home_mosaic_plot.R	1641	be6dc0cc1ec5ecc14893f7a62f0b0b7a30f1c5a0975df294de1f26b4707e0c2f
ch_summarizing_data/figures/loan_app_type_home_mosaic_plot/loan_app_type_home_mosaic_rev.pdf	3912	3f82e2fea8e8c75f3ad829d2ed3a32b2b493e5d232a0ab334cd8e57b2fcd5d19
ch_summarizing_data/figures/loan_app_type_home_mosaic_plot/loan_app_type_home_mosaic_rev.source-en.pdf	4321	1e62de6ebe9977cb5da1ffddd33c1010120e611d356f29868bd704a7813acad3
ch_summarizing_data/figures/loan_app_type_home_mosaic_plot/loan_home_mosaic.pdf	3816	77d512e7d60bdc575ab460947471597295ef8fe41370944a2cd0cf1969ed2b3d
ch_summarizing_data/figures/loan_app_type_home_mosaic_plot/loan_home_mosaic.source-en.pdf	4234	00d7e759f5f4e012746a313c17c21bd5edd146a121a87a0e77c7c469e3c4e832
ch_summarizing_data/figures/loan_app_type_home_seg_bar/loan_app_type_home_sbs_bar.pdf	4432	de6f8fa304727a978ea53474d97e28bebc1b069e13956604915aa595eb499820
ch_summarizing_data/figures/loan_app_type_home_seg_bar/loan_app_type_home_sbs_bar.source-en.pdf	4450	f0d7cd25800d8ca6108ab9c7eeea08bc5ed751bb011d54cb6e1d1241f3a85705
ch_summarizing_data/figures/loan_app_type_home_seg_bar/loan_app_type_home_seg_bar.R	1531	69e9c8a39a251ee189cd0b31bd810fc085f096809c51b2aafae2586925e4655d
ch_summarizing_data/figures/loan_app_type_home_seg_bar/loan_app_type_home_seg_bar.pdf	4422	107bfe56c036488be19674cb0b2206f85bdd9bae06983694a612b8ad0428a791
ch_summarizing_data/figures/loan_app_type_home_seg_bar/loan_app_type_home_seg_bar.source-en.pdf	4446	11fc0a08b9c2b926e4ce7a7a4bed2c2e520cd65572d37c101e9ada4bcf8e7225
ch_summarizing_data/figures/loan_app_type_home_seg_bar/loan_app_type_home_seg_bar_standardized.pdf	4453	55c0344532978820fe8fd1849c3138f25c42dbe2d68d702d7ae29adc792a35bf
ch_summarizing_data/figures/loan_app_type_home_seg_bar/loan_app_type_home_seg_bar_standardized.source-en.pdf	4461	b680c464e1640352e0fba51ff9bab73bdb7384559ed18a2fc064fe963f99025d
ch_summarizing_data/figures/loan_homeownership_bar_plot/loan_homeownership_bar_plot.R	817	185868e8c4efbb4547988e4f9d2e96ac2ae626ef18f0bddb8cb317c9b5c91aef
ch_summarizing_data/figures/loan_homeownership_bar_plot/loan_homeownership_bar_plot.pdf	4565	612a7d9965df2bdd2be7a2afede60aa9ca7276e4f8b704e750e71fad4434f18d
ch_summarizing_data/figures/loan_homeownership_bar_plot/loan_homeownership_bar_plot.source-en.pdf	4560	1d69e133e8b0dda83f268f44ebb2ce608231f6dccdcc984f3935b0c3d3790859
ch_summarizing_data/figures/loan_homeownership_pie_chart/loan_homeownership_pie_chart.R	595	14b2e6daad543f91f855b20c7c98fdd37de1c25f0b4af2818a4d54b85bb6ba75
ch_summarizing_data/figures/loan_homeownership_pie_chart/loan_homeownership_pie_chart.pdf	5780	7f9ac0af6c97e5f5093688e6fcf5fa81ac334168c01d4cc82aa41859fd1b13ad
ch_summarizing_data/figures/loan_homeownership_pie_chart/loan_homeownership_pie_chart.source-en.pdf	5858	9b8e7960e6722bfcd965a8a6fe06877fb80355dcd1dceb1f5d26e8004e28565a
ch_summarizing_data/figures/loan_int_rate_box_plot_layout/loan_int_rate_box_plot_layout.R	2321	8865b02d5ba39f066908c75f64a126f2ffd261e395a8434140ac109fd3adbfa4
ch_summarizing_data/figures/loan_int_rate_box_plot_layout/loan_int_rate_box_plot_layout.pdf	8156	51faccd338bcffaf7152f8370962ea9036b0e0efa15e4e432b73e9f5ab00524e
ch_summarizing_data/figures/loan_int_rate_box_plot_layout/loan_int_rate_box_plot_layout_small.pdf	4754	190eac82705250b1f363592fe2c48f69a7e316387dc0940173ad16373ead5f18
ch_summarizing_data/figures/loan_int_rate_dot_plot/loan_int_rate_dot_plot.R	1367	0e104c8f2f8bcb8d5f49ce6c6a38bdb56e9aa0b31b4dc76cd99f8457fc3a44d2
ch_summarizing_data/figures/loan_int_rate_dot_plot/loan_int_rate_dot_plot.pdf	6223	14e891f8c9ab4290fc9bae7569a9ede7a86395bfc8620051aaae149b71138384
ch_summarizing_data/figures/loan_int_rate_dot_plot/loan_int_rate_dot_plot_stacked.pdf	7061	589bba7a1ee93768a849f3d07ae51393023a6f4ad4fc4041c88239f552767f1d
ch_summarizing_data/figures/loan_int_rate_robust_ex/loan_int_rate_robust_ex.R	1828	47d8d138e6a17734baf5d9b8159fd350348612b46093d66649e7bd4c22d1e9c9
ch_summarizing_data/figures/loan_int_rate_robust_ex/loan_int_rate_robust_ex.pdf	12329	e55fe7a9c70907eb6752430a3145e4eeae7a60c9dbb07eeae2456398daa4aff7
ch_summarizing_data/figures/malaria_rand_dot_plot/malaria_rand_dot_plot.R	1315	f27d1899fea24c182d74e8443afba8fb67eec4ee4ab7cdb1f763b8a9e78401f3
ch_summarizing_data/figures/malaria_rand_dot_plot/malaria_rand_dot_plot.pdf	11083	badb8d98c195c85c7e7800278c27283da6b93b47b34533d00e4eda9e1bd3b332
ch_summarizing_data/figures/malaria_rand_dot_plot/malaria_rand_dot_plot.source-en.pdf	4865	6e42bf561f3fa30f6b8f8b99e5bf098dcfaf48b2bb3ba08b8293e87b29c8f63d
ch_summarizing_data/figures/medianHHIncomePoverty/medianHHIncomePoverty.R	1362	b5945536b4877b89de46306a94945c53e6d1e34bafcb678976bee68041c02021
ch_summarizing_data/figures/medianHHIncomePoverty/medianHHIncomePoverty.pdf	197995	3c0e1084a100f991ccbce349b36d695aa415d1d11db0e2f21b06b284e878efe5
ch_summarizing_data/figures/sdAsRuleForEmailNumChar/sdAsRuleForEmailNumChar.R	1316	3c98c5d7824ccbcb4439907e04cae76fe5a24e833fc01c28779c061607d61f56
ch_summarizing_data/figures/sdAsRuleForEmailNumChar/sdAsRuleForEmailNumChar.pdf	7579	83fbe0caf5ab9c001cc867670675e69881f3c0c562f75fc19a23b7948a0a5057
ch_summarizing_data/figures/sdRuleForIncome/sdRuleForIncome.R	1259	300348a012fcbb58c51a7538bdc9c64a0ef1431dd9eac3a4d1500fbe13ec2739
ch_summarizing_data/figures/sdRuleForIncome/sdRuleForIncome.pdf	7189	8e89625834aad718fa318a65c636d9e36a7dfbd8a6450c706318df708caa5981
ch_summarizing_data/figures/sdRuleForIntRate/sdRuleForIntRate.R	1254	d9320e9f5a9dcaf72e2181cb6ac301a5c5b8c05848268a02e926b46db5eaa677
ch_summarizing_data/figures/sdRuleForIntRate/sdRuleForIntRate.pdf	6653	8634692b06562fcc6e307e86bbd9524682ea92d147636d24503242cda68674ba
ch_summarizing_data/figures/sdRuleForLoanAmount/sdRuleForLoanAmount.R	1261	aa94b76e7c76a0f53dd13b46c9597f2c4294a52f32ec14c7a31ab47b3e36983d
ch_summarizing_data/figures/sdRuleForLoanAmount/sdRuleForLoanAmount.pdf	6829	4f236b110a709f2b04c5df2e54617ae550e880df7801047d3ea1fed702ec010f
ch_summarizing_data/figures/severalDiffDistWithSdOf1/severalDiffDistWithSdOf1.R	2264	eb770f9fd72a54877c5ef479e9714b9b3792155991669edbe4478f2edaec8d51
ch_summarizing_data/figures/severalDiffDistWithSdOf1/severalDiffDistWithSdOf1.pdf	6924	9d12cbe2560f43394d67000841897ea961d8434b914ab0505284dc42c797448e
ch_summarizing_data/figures/singleBiMultiModalPlots/singleBiMultiModalPlots.R	570	2d094989872aa2e704e3b995e711114b396cbff10bfb71f93443979fdda09080
ch_summarizing_data/figures/singleBiMultiModalPlots/singleBiMultiModalPlots.pdf	5372	5ec9121bd46bf1583aaaf67b1783c03b34b27f9c4aa292104190c0d1dbbfa9b1
ch_summarizing_data/figures/total_income_dot_plot/total_income_dot_plot.R	1371	1b7335bf310c29ce6a251dbb2c9a5b5c663078acf11fcf721b174e0ff623c234
ch_summarizing_data/figures/total_income_dot_plot/total_income_dot_plot.pdf	6752	b338f9a4cf3cee7b93a02f58627fdcbb090c5e274c1a9ac2857c9dfbc0374e06
ch_summarizing_data/figures/total_income_dot_plot/total_income_dot_plot_stacked.pdf	4745	3ce77f3238061eea0abe443f4b0b363fc4276b91cc4f3872c6eb22cb173fab9b
eoce.bib	30378	33deaa77c8eda67b43412b1341ae542b23833006a6bd16e72432807ffd8ebb26
extraTeX/data/data.tex	26567	90b2299903583bb0c84f45be8a729a9031d25fa6bf7774a29c2fda11a976938b
extraTeX/eoceSolutions/eoceSolutions.tex	109657	d133c4b59aa13ed0e54f60c13f050d2c30b84b4631e95ff8fbf8d0aa508c6f3b
extraTeX/eoceSolutions/eoceSolutions_boundary_clean_b019.tex	38331	8caa4cf884ecb77d383c2c28122329d643623fc7f4b3e876fde0b6502a3a6824
extraTeX/eoceSolutions/eoceSolutions_boundary_clean_b020.tex	41593	19cfdb8ebd167100c927806c0a81b19a5537951ec6f2b4683f6f06e5b2979853
extraTeX/eoceSolutions/eoceSolutions_boundary_clean_b021.tex	45124	41d036c9bc28d8372bd967c5652e63cdb60252d90a303435aefacad4b7561e93
extraTeX/eoceSolutions/eoceSolutions_boundary_clean_b022.tex	50812	06fcffca1f403765df6606e98c12a342e942190e2c5157126050f34f553b1f93
extraTeX/eoceSolutions/eoceSolutions_boundary_clean_b023.tex	55857	045b4d06f36099145a5dd34d15305c356a07482e7bd01fee98437d4471a69045
extraTeX/eoceSolutions/eoceSolutions_boundary_clean_b024.tex	57121	35bd3617503f850871131577a9efe99e27459f5d79ab48375262d7236c135c92
extraTeX/eoceSolutions/eoceSolutions_boundary_clean_b025.tex	58870	cfa880914fec172b0359d74df3b60295f64531f13f10b752a115b7b42ffe6515
extraTeX/icons/example.png	29569	ad493e0e0b0c1139f06b59e48929b300b300c7c0656925a861e737a3d44b1081
extraTeX/icons/guided_practice.png	22818	501d81bf24444192abc3d57456dc4d34f03acd3319417b29a1faeacb9256ee4c
extraTeX/icons/labs_and_slides.png	3611	4d7da07eefc79b92c6be5c577389ed237642b613e9c8bcfeab61d8f316e4e232
extraTeX/icons/slides.png	2899	1fef2829ea6ca92722b3c2fbccc3594958fad0a088cfceaeaefb0b496cf0598b
extraTeX/icons/video_and_slides.png	18230	68aea0c137a7e07baa0b21f9e1537f19d915fa0071d5804bdfd222dfd467d7d9
extraTeX/icons/video_camera.png	11064	1ce8f89f3a22e07d50267d2727fb4cfddc5487f95118c84d3b4d01b5372dc978
extraTeX/index/index.tex	78	7a0b2c6a558aca920e0829aec00fb3f30f41187c71e4f5a9f69041697556a4d5
extraTeX/preamble/copyright.tex	798	791c881f117fcf252865d66e558ccefafa74bfaad958b24703ed2806a2677cbf
extraTeX/preamble/copyright_derivative.tex	1592	225e9e4c2209bbb80e98adbfdb5ff8fc8722607607d234f48073b2acbc504f1e
extraTeX/preamble/preface.tex	10080	e2d3dc856591ed58a4a46e5573f694fe92f9b7f65ef428da5997fa1b7a336fb9
extraTeX/preamble/review_copy.tex	9140	d699e7b9af01a0fadaae028d2938da2fd09927cf53126edef9ae80de78df1844
extraTeX/preamble/title.tex	408	57ff1c3082599dd1e0ce5b46209296a23b26f0bea54cfe6c6c6ca697a5e4da06
extraTeX/preamble/title_derivative.tex	548	1b5da4df4b12cf7428b1873143868082cc89df0336f480cff65b68e44424fc15
extraTeX/style/colorsV1.tex	1106	512c616d03f9289b14b6e1d1a357bb8a08e62da503eea0b5aad47dd2b0559f99
extraTeX/style/hardcover.tex	636	be59e8cfe1d9045cc60d9412600ee8f27745d1932afbd187b99422dd831f376c
extraTeX/style/headers.tex	4484	02e02141b2d0be4ca16d4c13b380b296dac3b93c22a5a36a0a6d7da56541e09a
extraTeX/style/headers_simple.tex	4074	a2652c65b186c5688275b1d94a717fab5e968e65710ec704ca9b62b0ed36c401
extraTeX/style/style.tex	15490	5c64acbfdf8093cc85154939df58de5d0cccee982c3135187734393c1418eb69
extraTeX/style/style_appendices.tex	489	86887908bf35c3b524428fda1a1126e03a6438a10723da982fec088f6c2bcb19
extraTeX/style/style_simple.tex	15715	291af7bc69e4a8fe96198248954fe376d6a41df24e91c0caa1c6d7b90ce68046
extraTeX/style/tablet.tex	696	965f642305bf1321f683d599df2f3c5dfe1a08f48459b4539e44f86b4dd81d66
extraTeX/style/video.tex	615	0134d3a35bad6ad064e9fbb4f55be5f13ffb13501cc3416f31ba10b066945bfc
extraTeX/tables/TeX/chiSquareTable.tex	12800	4be0620c156d3062d2694bf25cb1da73cecdbcde329529ea9fa2af7968f255a4
extraTeX/tables/TeX/tTable.tex	17739	17a496991b0d9c47d44fec7b982c16a3fc39c6b7cb75164fe71d23f904294aa2
extraTeX/tables/TeX/zTable.tex	28206	acde819498b56619be65c926c56d1fd79607cf8328cc0d7f534c8291cdd63b53
extraTeX/tables/code/chiSquareProbTable.R	339	1cc6a2fdbebe8d41d09edabcdf182b11356869ea8cca73c6939ae6f2ffa273a6
extraTeX/tables/code/normalProbTable.R	1101	4fd63fd05c3962bd6af37bd53b18f225c4c30a21b6520860370c5a078b40627c
extraTeX/tables/figures/chiSquareTail/chiSquareTail.R	381	f48c47a3b5ccce1338f58dde10b34f211592c782aebc5a64c2e2df8abbe91181
extraTeX/tables/figures/chiSquareTail/chiSquareTail.pdf	6348	491235b67c514e01a27aafc535c105a655a0463feacccfbd33afae1cbe28f373
extraTeX/tables/figures/normalTails/normalTailLeft.pdf	8319	f48f3dfe818ca2ddfdb5124b8715126a87dba761fbdc5c1381bed53cc35a1f37
extraTeX/tables/figures/normalTails/normalTailRight.pdf	8383	ccc0450b1d24b2192b00dac570d63a3b0cc9f4a3248f7a21ca3c3cd5f9b69f18
extraTeX/tables/figures/normalTails/normalTails.R	1120	027ef45abe77a9c4958753099dccadae42c9baadd8462cf1ac1b58e4ed0870e4
extraTeX/tables/figures/normalTails/normalTails.pdf	11446	b897623bb4fb51740de42d6e4e27cb77baf329864c92a0db013f809ac0971176
extraTeX/tables/figures/normalTails/subtractingArea/subtractingArea.R	1183	f8a475b52a1cc06766243f7b5ac71a6a42ca96d96b72924cf786db52838cb406
extraTeX/tables/figures/normalTails/subtractingArea/subtractingArea.pdf	20187	cbfe6032cf8c949c1fb64e1c9319dad3a220cdb1df3ed5ff4354f6dc9794109b
extraTeX/tables/figures/tTails/tTails.R	393	af67ee78d4002b43675af08708b4ff9fe2c2b2724daeafb832636e1922be5593
extraTeX/tables/figures/tTails/tTails.pdf	16428	9ad3e152063b041720a8b8c862dff255b75457d0c24231deb23dc0bf22f21255
fullminipage.sty	3786	bf77fe6e9632c2aa33965e53714589f3dd781c0f6cb23be3a92aa73ac37f97ce
main.tex	5540	dd47b5c534a2f7b88222b7070c96757f1558cd9529b09802d1fdd28222cc15a0
main_boundary_clean_b019.tex	6696	d6fa984c36fd7ae1e41bcb070055fa1b56fed5cd1ef193a6bbbab1db5c4e2f2e
main_boundary_clean_b020.tex	6881	d0184506313be8e42c6d2dc4523e765980adbeca8b54fa26f5424bd72f5d56fe
main_boundary_clean_b021.tex	6899	1bbea3a84424ef9a48192b0a7c10dbf62281971a3de2a71fb6ece59ac5e8b062
main_boundary_clean_b022.tex	6971	2c5a323c81c51a96741a91105568ce28e94376070f431e2545c73673d3eb8024
main_boundary_clean_b023.tex	7105	ba3cdef14264ec8fc49a53d27fc05774dae996ca63b23ca0d8046f321a19451f
main_boundary_clean_b024.tex	6972	ac6b480c39d6f652992e2b0b07221a846b37810da69e8adf6eef150fad8e027e
main_boundary_clean_b025.tex	6975	b78062e3c52b583d8fbc2f313d9306019c11a87571003f85427ee22001138163
openintro-statistics.Rproj	205	3a81ccc25a62f1a31c7d3404389935ced50831abea5e848408745ad1a1bf6126
