path,bytes,sha256,unix_mode,git_blob_sha1
.gitignore,306,3041df8d62c21aebdde143db8810b5e81ea945278dbdd59943064e8a3698ce15,100644,305895fa55a26533ab576f368ae2f95b14c3a6c7
LICENSE.md,2612,9bd77ff3e58e0b7f1331824b8195d4cf588851a6461cc3230d12410da7935223,100644,9423a0c6ee6133fc34c79c53851eb92d0899996e
README.md,2310,69d08163e03fc3731ba9f09e17b66068f01ea04aaa9a55b8468bcbcad87b6410,100644,4c170d5bb09d7c5984e86f994ece4ed8c676b072
ch_distributions/TeX/binomial_distribution.tex,8716,ac032b8749237e2fc3911cb1d007d5555a86d47ecba9ea9937e8f502f50348ff,100644,e28027c541d47918bb5339a3eed3b72f31f8741d
ch_distributions/TeX/ch_distributions.tex,91188,71e4985a1bf31e9dd6897ec2bd246b3b2f8cd62ab55524a5b1bfe791e613a3a9,100644,1fba46f504257c17fe34c69a5125029e8c8788e9
ch_distributions/TeX/geometric_distribution.tex,3658,3835748279ccb79db81952e9be9fdae4d2ddb677da57f885cbe781af74b4e448,100644,f92335f5a98132d78f005406eaddf5891cc1429b
ch_distributions/TeX/negative_binomial_distribution.tex,2860,4d6bf067db161507dbe9555a1d31ae0c220152d00ff8d1ac62800adafa7571a1,100644,ecf013472f50c06116f4e6f82fcab6f51a1ab9cc
ch_distributions/TeX/normal_distribution.tex,7466,c7d98aff4f421d290e4a6e117cdff4d4b7604ee9bbcc7a3e080928d3c963438e,100644,5852a4d6eb57ada3c799b1b527ad9963e29cbbc7
ch_distributions/TeX/poisson_distribution.tex,2890,80ac92c8d6c76af49085981478d03743f86ac2754ddc0dad004d5accadfb681d,100644,233730358d56a53caf31634d0b02db684d044081
ch_distributions/TeX/review_exercises.tex,9680,91a80896ccfd6d387ca5a6a14d53fe67f2d27e47b70cead2f16ddb5c0108c544,100644,f892a5f4e6f98cd60d47896d34f935dae3eacd32
ch_distributions/figures/6895997/6895997.R,1362,7a3788b69e0bb82e2f78faaa28f4a9e1c059047eb161d13d50295e8ae6f64025,100644,f77142d98c825614d2d63710c222a0e34ca0bac1
ch_distributions/figures/6895997/6895997.pdf,8496,78bbc6dabbc028c6d1a556875193cd415e63be5da3e9d8f4b2fd89fc0d73d833,100644,c97ee9a504d580badbb0152578b3985b1fccb481
ch_distributions/figures/amiIncidencesOver100Days/amiIncidencesOver100Days.R,526,717002c7d2fd3ed7a04919bb3d4644a51c33abecfa52873a0fb84517cfd38cc6,100644,3f478b1e36471225c4a235b27bc970ff846c66e8
ch_distributions/figures/amiIncidencesOver100Days/amiIncidencesOver100Days.pdf,4940,915e62e9c8927014c2d042ff0b0b8333088822f1b9aad061b0aa38a136acc0d5,100644,0b43452ae92fc4b49ec99c414692da32c7554a4c
ch_distributions/figures/between59And62/between59And62.R,297,6a2c6886365c6326cf89387f6f0197d9e5cca78f3a6dacd8b3cf4408a312c989,100644,f71e048b168741cec3253a632b69c97537ce42de
ch_distributions/figures/between59And62/between59And62.pdf,7430,a5dd0cb9a9f65588cf53effdf53df9266cb3fc5436ea8b72f805f9a748044587,100644,8a8eb54e9a2d0e2572fe063bbe75e64c1d5f8f10
ch_distributions/figures/eoce/GRE_intro/gre_intro.R,1784,0bb2f72bd44d29f16912b0fb076670f59a72f4dac48fb4e106231a20c86a3fe1,100644,2a2d0d992e8b23a4fc207bdd7379909900407882
ch_distributions/figures/eoce/GRE_intro/gre_intro.pdf,9443,8dd29755db67970f06bb33c61723727edf283b80c2f5f23530b8316eb65fb7e4,100644,3350b098fbcc92250ea05b60b0e27120556350c2
ch_distributions/figures/eoce/GRE_intro/gre_intro_QR.pdf,7922,d53783f7e2f3fd468cb15ac1d5db0131f44e9da5b09a6f6fd00c4776b91ad281,100644,9b492a8276e66fcb8a906f5e84e1840dafeeca3a
ch_distributions/figures/eoce/GRE_intro/gre_intro_VR.pdf,7949,ac0b241c5dd0e8d665c4da5c0f535c198898b5bf5fc463f15f2ab7b4ff298730,100644,59cd5f62ca140a1934304e44a365cd272875463f
ch_distributions/figures/eoce/area_under_curve_1/area_under_curve_1.R,1787,8dbb0740564df7476231b105c20fc623950a48cba8f72a2e16551e1dbee3a1fd,100644,bcc9d6dc7019f4205bd7eb8b11ef5ef92e2f4f7f
ch_distributions/figures/eoce/area_under_curve_1/zBet.pdf,7708,a8ed810fa5237c25a68f41155af879b3c1ceead83640f31b5c36e402670e4238,100644,341a97825be7518856b3f7b20f44a6e72a9b9c4f
ch_distributions/figures/eoce/area_under_curve_1/zgt8.pdf,7864,34fcbbe3bddf34f9533ec780374fc1dcceca5e7f28c24216e5aa5f2a403a0340,100644,433676e4ee66199eee714b38341697c09a4703ac
ch_distributions/figures/eoce/area_under_curve_1/zgtAbs.pdf,7776,63aee97f9c8ba68c4f0e7e9f55e7ff454919ac7e43de4621cc2f5bcebe086881,100644,7ef2cda623760fcfe2106dabdbad04daa90cbcdc
ch_distributions/figures/eoce/area_under_curve_1/zgtNeg.pdf,9249,587119797c2dd9096cfa31ae167efa29d926cfe48b1cd6cdbf8b0a9ec0e30203,100644,56331099e948d0e65938d3cb6cb20da813b4d26f
ch_distributions/figures/eoce/area_under_curve_1/zgtPos.pdf,7727,45355ae53de31831d554c198e1b2e5790b172ec42c433abe1022e32d3ca3bd0e,100644,694110b86c436676cebcd3000dc55e7e46a160ba
ch_distributions/figures/eoce/area_under_curve_1/zltAbs.pdf,9146,95338de59aa5c2da21fa95cb402b7281e6acbd8d6518474fd0bb3d4f2f17f3ee,100644,c7ed5f84c0a86ac23d0789f50f9bf788b71ef6aa
ch_distributions/figures/eoce/area_under_curve_1/zltNeg.pdf,7731,d02689771a306ea65295e46722dc61d71e4e31cf4c7ea42d5b8a8031a8c5d54b,100644,2121eb8e169e86567607c6c292876fb17ec309be
ch_distributions/figures/eoce/area_under_curve_1/zltPos.pdf,9178,bb0e5c8cf45001a3d4d3f18697e5b10091cfd6e195d507ba1bf1c2da6a86b445,100644,778faa105b56c85d72c9309ea4831a3888769588
ch_distributions/figures/eoce/area_under_curve_2/area_under_curve_2.R,1807,e4a21a5a5c322b782b0d89cbe7aa135436a19ea2a2fb98eb4b6dcad373caf591,100644,149955ea50b612fd24eb3a0f5616d3322b3c63e8
ch_distributions/figures/eoce/area_under_curve_2/zBet.pdf,9166,c6d6c3d1231b2214bf6549902953fcdcb35125fcf9c9ad4d990ed6593e344116,100644,7a63f66ea884f859988fa67b569e70c20f004efe
ch_distributions/figures/eoce/area_under_curve_2/zgt8.pdf,7633,4a946bf30c12ea16f1f0d864c81d7ee1c93f0807407ee5a639edef16df55a01e,100644,6c954facad89b289d56826128865bdc318f92456
ch_distributions/figures/eoce/area_under_curve_2/zgtAbs.pdf,7689,648289af567b9e347b791f1a011e6e685856e01a352a0efc59d01821e598e27a,100644,8a09c9aa888948217800a771104cf25c223ee64d
ch_distributions/figures/eoce/area_under_curve_2/zgtNeg.pdf,7768,d785e542d46e310ca87cfabaab45bb0158c6be525593072df279f31b15379863,100644,216ed73e893d86760e8037aab06ce390f2cae1c1
ch_distributions/figures/eoce/area_under_curve_2/zgtPos.pdf,9146,ebd12e6d563ab4654479f9d18b4d7e0bc55865071d9a983eabd55d7ff52457ab,100644,c38b96bb54429e3de914957fe037abd67fb58939
ch_distributions/figures/eoce/area_under_curve_2/zltAbs.pdf,9146,95338de59aa5c2da21fa95cb402b7281e6acbd8d6518474fd0bb3d4f2f17f3ee,100644,c7ed5f84c0a86ac23d0789f50f9bf788b71ef6aa
ch_distributions/figures/eoce/area_under_curve_2/zltNeg.pdf,9163,7d2836a20c3ed908776bcb8d40f8bdc4e0b658524066ac5ab5e3115363f80b8b,100644,f59ff91b8e3e676ef523f7f6de2f1d2e3fafa2ef
ch_distributions/figures/eoce/area_under_curve_2/zltPos.pdf,7739,3342620d841206c5eb1489423424eb40e37813c1289ad4aaa98a6157cee8ee51,100644,849368a7e2e907e15cdea65199acbeff574d2f5e
ch_distributions/figures/eoce/college_fem_heights/college_fem_heights.R,1298,1d4d3c07a0bf81be6e08221d2a52751247bcfcf7ea846febf761c4efafddd8e0,100644,b6d33127ee990128b5c513d4b026d6a043081e8c
ch_distributions/figures/eoce/college_fem_heights/college_fem_heights_hist.pdf,7030,a51ffba382870758de014933f43cda4fceaffccbb1582e7beef1d9a810e02341,100644,21210f158ac9662e816716a7bab7d8a733060400
ch_distributions/figures/eoce/college_fem_heights/college_fem_heights_qq.pdf,4788,84e6a98d7325194ea0b90cc0e0609c7d50305173ae63fc9c9605551687c19d37,100644,e2b0493673d41794664e937965be6abc888b1f4a
ch_distributions/figures/eoce/college_fem_heights/heightsFcoll_hist.pdf,7029,ccae44eb0daddb794628273874193a3c2dcb59f8e56d44b1c31c3397e709c0b8,100644,abb1e6189990ea1477a2ba271caf5767ff72ed27
ch_distributions/figures/eoce/college_fem_heights/heightsFcoll_qq.pdf,4699,2ebd1c139d8200c9dcf85775fb108bb25706b73acc45a64bf61ac2bb3fcf6b30,100644,daa0c7bbf50d3a4f0756e5455fce355300186f60
ch_distributions/figures/eoce/dreidel/dreidel.jpg,377280,4f86ab4609fa8e8e484095449da09fb344c88578de1ebc61b3e19e7eb3e30099,100644,83f5d4775643ccf8f615103a8712a500996207e2
ch_distributions/figures/eoce/stats_scores/scores_hist.pdf,6931,ed99731c2529eb79b97d6dadcbdb3ac1052a1402038211daa371ccd050cd2b55,100644,df1f525659b4279ad84e3b084ad6a6b00d4c7ae2
ch_distributions/figures/eoce/stats_scores/scores_qq.pdf,4676,70c48ccdb8ead451d86c465288aee8c8c07f2ef1b7594673a37660494ad03bb2,100644,79c87371927b7e7aaad485b438209eb5debf00f8
ch_distributions/figures/eoce/stats_scores/stats_scores.R,1314,e45d21e1b54eb0be8e8cb45acc567e0b4586a1ab6ed6865e511afaee2013a57a,100644,95e5d7eafe73e6bdb8adf3b7ce9c9319cba8e0d6
ch_distributions/figures/eoce/stats_scores/stats_scores_hist.pdf,6932,b8d41679d8d1456e67abbfb659d10a8c4234172b83a9e7ddd550f27a3aa9d063,100644,865ee8a60391c22b6149c568f7f02ff7506370be
ch_distributions/figures/eoce/stats_scores/stats_scores_qq.pdf,4764,3df2f66c755ec3f198eb12c2fbda6de5fadac9f5f8b9031185fa53e140e6cb98,100644,16454017fb04ad740ab2ddbe9aa0818258c78b3f
ch_distributions/figures/fcidMHeights/fcidMHeights-helpers.R,696,58a2b72b3f6dc8e33d16a1218b3311cd43d14c8b354cc71c17548b4331ea9b10,100644,a25ea06695edd2e00f6803f19e9af665e6b86258
ch_distributions/figures/fcidMHeights/fcidMHeights.R,478,e7b0ba5d87a2ba086421234f344d589ed0f0f8d9ce2f77d6a536bdddfcbaf049,100644,c07ed69c7feaa04699106a32c88ed6e7c3fb61b5
ch_distributions/figures/fcidMHeights/fcidMHeights.pdf,16278,843a742234cdd92c9e9b91825b7b98d5de5a0e8a463c3668c205e7e475a45875,100644,e1f810e4fcd4c71f95e58022f0ea813de02585ba
ch_distributions/figures/fourBinomialModelsShowingApproxToNormal/fourBinomialModelsShowingApproxToNormal.R,728,3c059f39a129735450b44215c52e31452ed30800a61f405f95701771499b110e,100644,81c5b9c72e8dd65d413b56f08b9b8e0115f5ac15
ch_distributions/figures/fourBinomialModelsShowingApproxToNormal/fourBinomialModelsShowingApproxToNormal.pdf,5957,a8224e53f7961fd869932d050902cbb081e03b74746f4f839af6b466912a9736,100644,b5953e78e742f611c122e49f0b7fd9db6103cf42
ch_distributions/figures/geometricDist35/geometricDist35.R,576,7efdea8d7a4efea7ea0d2129f10cc9f3ec3a0f96151e6c2736ad9b261ed6708c,100644,85e35b94a4582527978d6bd3034c34124d17cafe
ch_distributions/figures/geometricDist35/geometricDist35.pdf,4527,b5a1637c29c6829c8ae1d638b849d7874e8475243fb3dff1236a2ac0a73a003c,100644,ec4fc199eb3701cb83accb2b7af45462deadbc97
ch_distributions/figures/geometricDist70/geometricDist70.R,663,ba8886023f545cacb04c2eaccc8d2bfe3b83c79a0425df05b6c1266181384825,100644,edf01b244c2bf4cc53c02f16150075ecc35e374b
ch_distributions/figures/geometricDist70/geometricDist70.pdf,4578,41fcdce79ef9b593c6c834b79d19099fee5c8d3a7ba5b6df259e1c3d73b3fd3e,100644,09bb29fa95cfd217238f8924844c44520d71a582
ch_distributions/figures/height40Perc/height40Perc.R,561,e1ba6f67e7dac2bba5fd74f60eea96e903f84127ea69557771a4a6efc695b383,100644,8846e7e9ccedfdc05b38bd043026aca2d567437a
ch_distributions/figures/height40Perc/height40Perc.pdf,7764,78a0803720398880f1ca841415c847d0fc85f89133ea337e97382abb92212fd2,100644,2a7e267531d430a01d5eac47a942bf57f9b57007
ch_distributions/figures/height82Perc/height82Perc.R,645,8e60dbe4bf56535668150ee10a9232bc31a88332f283d9ae1dab57707178a6e5,100644,883d6328687dde5d073f7652226cefc2936ec7e4
ch_distributions/figures/height82Perc/height82Perc.pdf,8158,be46cf9e12fcee1230d258e18900cf48ffb3e82d7cfc8d9f01281f1dda54524c,100644,7eaa554c58c903fec67b674590f564fdee94e374
ch_distributions/figures/mikeAndJosePercentiles/height82Perc.pdf,8203,3809e42f3b8c6f898181a19ed87fec95aee61f4133943f39cb4ce84aa0358521,100644,fca0f7ae6936fadec12a435e8a87f5cbfc336a88
ch_distributions/figures/mikeAndJosePercentiles/mikeAndJosePercentiles.R,553,1a90ff8b3dd103426cb95ec96cee0a8255e82303c66638eafbc713279dc866e5,100644,0e752dec7b2e2afb6dfa98833b5fff8085a4ecf0
ch_distributions/figures/mikeAndJosePercentiles/mikeAndJosePercentiles.pdf,13094,c3a25a921cb7c3e56c60b7e40cc67536af51f2db2c45b67a29c156a2fbc132fa,100644,654cb19775ce96ae7ab4ce6a61118f555105325c
ch_distributions/figures/nbaNormal/nbaNormal-helpers.R,679,64636b5cfd86e7acf6b211855bb29cbef7370b4d47c2fc3ab1d978225499db1b,100644,63ad59c1b87ddd350256c9508873b4ba4de4e43a
ch_distributions/figures/nbaNormal/nbaNormal.R,420,564503de0bf4b7fa2d4eafc68aa371d918eb65707cd9d635755198f9de6e328f,100644,1f3c0b7fba40b5b542f3550881f7808a83177a48
ch_distributions/figures/nbaNormal/nbaNormal.pdf,18739,b073c4ffd8e296c009e30427b2af8115774e5b5a40993de72c6709d89c6fca16,100644,e661f6f901b21be79cbd303758f13f447f7139ea
ch_distributions/figures/normApproxToBinomFail/normApproxToBinomFail.R,761,a846b551d5441d4f05d3c29971a3c4ab0318e9e80fde921a66c415ad63f7669b,100644,9029e822bb3ad545d8dd7f61ded31e8321dff6d6
ch_distributions/figures/normApproxToBinomFail/normApproxToBinomFail.pdf,29317,a9eb12774094b1e7e30a16ac69539b56af6d8a0bc803104637babf44b275af03,100644,17af3eda687444332aca8768eeec7a15dbcc1288
ch_distributions/figures/normalExamples/normalExamples-helpers.R,700,6f61ec244a5eddd3a02512f40eee9b85996fa6451829f60686e09181825823b9,100644,c845fd3101ebefa2aebcff22047f0c61f538eb59
ch_distributions/figures/normalExamples/normalExamples.R,760,6d4ddd32abe7a06a5fcd2fcc3215196fa1585840782a9669a9c21ac954298dae,100644,4d62ec574d463a3e7136c06a069d23cfc48239c6
ch_distributions/figures/normalExamples/normalExamples.pdf,23192,b06e25e571ea35c4fb13dc7b70cb968ab2273d49d1d03cd13250790427dca90e,100644,d33f2f479e4ba86d9d2cf7851b3bbb4450b285fb
ch_distributions/figures/normalQuantileExer/QQNorm.R,363,83c7a78d0b8a15557324b9909c55e64526958804ca09637a97e119c4d409872b,100644,8d37291ec4b28169133b1db262fa3829a26a7b13
ch_distributions/figures/normalQuantileExer/normalQuantileExer-data.R,0,e3b0c44298fc1c149afbf4c8996fb92427ae41e4649b934ca495991b7852b855,100644,e69de29bb2d1d6434b8b29ae775ad8c2e48c5391
ch_distributions/figures/normalQuantileExer/normalQuantileExer.R,433,bbe297f99a992ca01dac6f47ee8a6e6752d14efc09e074c8284f8dae12a03f61,100644,9afc54c5a7dfc7ca69030fa9d6c4e1d541603f6a
ch_distributions/figures/normalQuantileExer/normalQuantileExer.pdf,10163,6cbf887557c5e67c98d77d3023f394b3dc6658797fd41a26f6d7d5cfbeb31055,100644,8fa9c9332ea385cf91f01d0a1c558179678aea77
ch_distributions/figures/normalQuantileExer/normalQuantileExerAdditional.R,337,2239091fb8d58515c851df3355c32a13dbb9048d1dec95de04c7c7be8dcb888e,100644,60625d9e9a6467703583a0c11bf387c10f7d7b27
ch_distributions/figures/normalQuantileExer/normalQuantileExerAdditional.pdf,5347,d025553db6d22e110cdf33255f8dc980ed1bbb54a1e313cfe0069829b083baf5,100644,18e8572da2abc83afbe2cf9ec0ea565fe64d2af9
ch_distributions/figures/normalTails/normalTails.R,726,37773562792854864031064dca4c09e011608a82723e00b42688601b1270996b,100644,70c366c6fd765a15caa8e1a2c5618dd6a222de7d
ch_distributions/figures/normalTails/normalTails.pdf,12623,66573842c43b73b18352e24b0c60a499d78f0f1cfb0990fc89eeaa054fc8eca1,100644,ecfaa29fbcbcc3a50cb1f4c7caa17559631e7d5b
ch_distributions/figures/pokerNormal/pokerNormal.R,1184,bc3532b243ae5c08dc7307d87dd9aca210640fbb566a12f5d2d84da5558ee032,100644,918defd80ebc94cbdc573355634d194b4b7f2126
ch_distributions/figures/pokerNormal/pokerNormal.pdf,39049,bc4f7ffe9242f4ee65f78fb870301e055d04fe07e58fee9ca2171695df396133,100644,7307b226c6a9bde5ce1e2dee9bbde485aba8ae8c
ch_distributions/figures/satAbove1190/satAbove1190.R,269,92c6adef70e80dbf67e2f7fb5febce1d8497bc1f3d4c3387370501b7908a091e,100644,0e0a908e1ee5a64708f5ce0b455fece55c72779d
ch_distributions/figures/satAbove1190/satAbove1190.pdf,7742,848d3ed11bdfc6380e83237d4e153116e2cdb8910eb15955e3bec1472b1f2222,100644,7b2c0ebfe77f64cd06a77f3293d266161a76e8e2
ch_distributions/figures/satActNormals/satActNormals.R,1157,6f0b311a86eb57d801cec7acab165c0e10c57db96538b0b56e0cecf4dc547c4c,100644,ce29f73cc4c8be9452469c17cfe5b1e7cb9e36ad
ch_distributions/figures/satActNormals/satActNormals.pdf,10196,2a79966bff9668107ebc7cecad5625bd6c236c062f5d7431f254f555fcf7a0bb,100644,90edf6a033b521641c79136b1b4ed9e25e75407c
ch_distributions/figures/satBelow1030/satAbove1030.pdf,8364,ef3e52f6c092a16c5cff3247dde39a82fd83c48831d2e959d166f25db1aee58c,100644,ed4dcbb34cfa9223219de040b8d5f138b1a7342f
ch_distributions/figures/satBelow1030/satBelow1030.R,456,7754d9a2e774ceddd72893e1bb52c0f3efe3fbe99d04a2f426b2bb1d3d134bf3,100755,61d4b0cfab779cdcbb4197ceb74645f865e0a987
ch_distributions/figures/satBelow1030/satBelow1030.pdf,7902,a1542abc232f609d9e753c537abce291da2aa366a92e5c20b6e4605f011edf73,100644,411508bd64194c22f9dedbaadead6da02256af39
ch_distributions/figures/satBelow1300/satBelow1300.R,235,94e50ae8f632616bf06ea467ce21641565327ccb68f8c85fc6420c7e78e58f43,100644,c5a24d530c0a6c45fbd6d4c81b307760b4bed53d
ch_distributions/figures/satBelow1300/satBelow1300.pdf,7949,a0d5226fc9353c087656a05972f71f92889ff9d0f75a2020ef9c689562be2602,100644,a430b2f3c79ce28209925b3186a4e32cb25cd13f
ch_distributions/figures/simpleNormal/simpleNormal.R,296,47071348af194131146052e54386ba6e61038f37b9cc574308904e937ae39350,100644,342b818e30786f3a34077c621f21cb15c184f177
ch_distributions/figures/simpleNormal/simpleNormal.pdf,8355,a1a52aa35f16298786595757d8615594ceaebe405b58095d7f5fbb895392ca01,100644,2e52f0d4b184c5dcf5f5b592b6226a8eeb44f2be
ch_distributions/figures/smallNormalTails/smallNormalTails.R,968,2d139747bcc7a6ed914d4acb0ad11733ee35a32a2d5a795ed7b6a74e8b720030,100644,05882543281b359a9cf02a0d14a9c82c2b234b3c
ch_distributions/figures/smallNormalTails/smallNormalTails.pdf,12595,237fd86d7e2e7181c587f99c1d9d11de949f548755dfab2922c5357f745bf41c,100644,17536692f2748ea016406f00c18b9e0064c7c7ed
ch_distributions/figures/standardNormal/standardNormal.R,493,6f8a1cb025b40e6c4ccded50c0839ed563fd62f46499d6f1535f5817adc74191,100644,bae1793ab5f50d42608207197005818a2e4675ce
ch_distributions/figures/standardNormal/standardNormal.pdf,8833,aa1fd71208a90d8fb2b9fec00a1bbb8213fc7de413710460607c2cc3150282e9,100644,7d4339f5e9b822945f83b3dafb8f412c595ddfcd
ch_distributions/figures/subtracting2Areas/subtracting2Areas.R,1345,1bdfe26b70c79f98513669ccce026589332907e1bbfafdf4b0d32991a12abd6f,100644,bdc2cb9de287dee56247213721537beb888fa7b9
ch_distributions/figures/subtracting2Areas/subtracting2Areas.pdf,25123,92874654a03e3432c98b09c1cdf8a4654a0d69713eb433897a97f919c30a8e23,100644,640def497e1668fd1bdef39f56b7c63fbf3867a5
ch_distributions/figures/subtractingArea/.Rhistory,92101,b8e2d2c57daf85a070de284c13235979aad3b08e8352833a24a852b80ce3e9d2,100644,9ebade9affcbd2706363d1d4b8d73a52ec9f4c4b
ch_distributions/figures/subtractingArea/subtracted.pdf,8343,b3cb07620167543eb7564bec710ca4a26f00bdfd79e00146cbe43eb66e1d129b,100644,32f52d2bf4ff4bcf76c71adca3132e1517ef796a
ch_distributions/figures/subtractingArea/subtractingArea.R,1359,431881bab4f269f2c7b023b5bebae3df733aa01869ea36a6dfc4f108c389687a,100644,5984b782f8d72a80c2a445b55530db6852ae2bfd
ch_distributions/figures/subtractingArea/subtractingArea.pdf,19730,cc4099b6a02b4338675a2258113735753e763f4fbd896d2f6ed3bbf3098a6567,100644,2194751d529bbb1ae6bc4a6c53003af471c1c3f0
ch_distributions/figures/twoSampleNormals/twoSampleNormals.R,955,1ec24b69d74cdd2caff304b1cb24c6392acfc506639876d04836e528b215e0f2,100644,264cbb14440c9694b20bf0d00d93847b4e7a7e9b
ch_distributions/figures/twoSampleNormals/twoSampleNormals.pdf,38739,b9b745d2cdcf72d9c3ceedd1fb73d089fa1179739c90aaddee15264bf384f265,100644,39aa8bd2715e231afe5951a77ca34aed0abf3848
ch_distributions/figures/twoSampleNormalsStacked/twoSampleNormalsStacked.R,418,143642f1ece38b40a7e9277c987b9205f4a7a2b61f523960ddfb0811193057fc,100644,70294d8c2706feb5eb05bff723c38e24f8f447e1
ch_distributions/figures/twoSampleNormalsStacked/twoSampleNormalsStacked.pdf,21843,e84678c71bb71e880afbe3cc53afedc01b2866752f37397ed64620f572994b7f,100644,ec0fb88df07f716d5ca87d4a728481c43566f3b6
ch_foundations_for_inf/TeX/ch_foundations_for_inf.tex,118798,03f758a772f24f4ba3a96157eba2a4fcf43e70a2cda3c6d788a14b54e577999b,100644,f7120575c52c36510bf38115b3b0f443bfbc75a8
ch_foundations_for_inf/TeX/confidence_intervals.tex,6823,c711d4f2c09071ea95ed0c447429a994e66212b60a3e3b55fdafa934ee7b723c,100644,89aecb8ade137e6858dcf261fef08211d18f45b0
ch_foundations_for_inf/TeX/hypothesis_testing.tex,8296,21c7878b600db0dceee4b6872fbac66aef6695742e315cad8dadd8750664fef5,100644,30fd704b2ac75478f83fedd8ee4316b5521ecc62
ch_foundations_for_inf/TeX/one_sided_tests.tex,9226,c6794b28872e007e26ef261b9b889c84948c1d23c3528a326f39f2667be36804,100644,f1352ba9d8d3bdb2423b85cd522f3e507eb23ea2
ch_foundations_for_inf/TeX/review_exercises.tex,6773,c749e03e76c4d8321374da0431734d453d3b8a2f89c5d5626f5bea3df0fc0bdd,100644,e0fe4f66952283c2540223459e81b85762f41e15
ch_foundations_for_inf/TeX/variability_in_estimates.tex,6712,b45878e1275235792ba83027bdb2b66d03a813578f02f41fda491382cf4baa1f,100644,c809ed1a67eb63acabb0e5a67fc2b08225b05a68
ch_foundations_for_inf/figures/95PercentConfidenceInterval/95PercentConfidenceInterval.R,1068,85baa53e4a2a8ccf55ac724eedd0731b77a17bac7281fb85eac9c16ed1661a97,100644,c935342d41fb1ca445b982bc24569644b710bca4
ch_foundations_for_inf/figures/95PercentConfidenceInterval/95PercentConfidenceInterval.pdf,5194,07142295bb6eff0da46e39f448f91d592906afc4087c8288931dceadcf0f0c4b,100644,0e9f97271a097fac63cf37a4a0e0c36a40cbab3b
ch_foundations_for_inf/figures/ARCHIVE/sampling_10k_prop_56p/sampling_10k_prop_56p.R,674,8d3434790dac671279a0b645554870a4a413b638a9b2b49f85dbcb477e611a89,100644,43b9a08e0c3b6405e7ccca9d3d2628f36856c993
ch_foundations_for_inf/figures/ARCHIVE/sampling_10k_prop_56p/sampling_10k_prop_56p.pdf,5063,b017e68f0c4e607323a1b9b94ae4ef25a696a2994cc94d779f5aadb5601667a1,100644,97136adfcc3eb0a0c52b921079ff06509b084e2b
ch_foundations_for_inf/figures/arrayOfFigureAreasForChiSquareDistribution/chiSquareAreaAbove10WithDF4/chiSquareAreaAbove10WithDF4.R,229,8d74a23d20c698fb38d58f84d2ff57d5601fd11c8ad7d21a4fa547f5cbdc9faa,100644,071b07f63a82448666e3f554498c34b0434759cb
ch_foundations_for_inf/figures/arrayOfFigureAreasForChiSquareDistribution/chiSquareAreaAbove10WithDF4/chiSquareAreaAbove10WithDF4.pdf,5940,7c09a33946a9bac71fbb605ffe8410e8ace43f722a8170a3857a27f6ebffc26f,100644,412e134327554ccb36775c70ebfd7734215b8cb0
ch_foundations_for_inf/figures/arrayOfFigureAreasForChiSquareDistribution/chiSquareAreaAbove11Point7WithDF7/chiSquareAreaAbove11Point7WithDF7.R,237,e37cb42dbce8975ab9d1ba3ebe3942b999ca5cd7dff78823e359432673c7ea22,100644,159a17250fe1f879cba46986e0d968407ad5d5bf
ch_foundations_for_inf/figures/arrayOfFigureAreasForChiSquareDistribution/chiSquareAreaAbove11Point7WithDF7/chiSquareAreaAbove11Point7WithDF7.pdf,6132,03597db6f1a5d718dc9bbaf9d0d82c30b9ba07b2bb68d7d3ab22f759d741f19b,100644,d97380c83be69e07a9db5d932790f52dae01b4ba
ch_foundations_for_inf/figures/arrayOfFigureAreasForChiSquareDistribution/chiSquareAreaAbove4Point3WithDF2/chiSquareAreaAbove4Point3WithDF2.pdf,5744,ffcacb3cde7dcf56834d8d9751836f145a531a8de645f6b02e73acf7866b7fe0,100644,34806b686ee6e2740b5de962cdc5dff392eded86
ch_foundations_for_inf/figures/arrayOfFigureAreasForChiSquareDistribution/chiSquareAreaAbove4Point3WithDF2/chiSquareAreaAbove4WithDF2.R,235,af9b42c5e17a1f377007c20ccef1b76376625b89d2c7555d48da7a1f6e71f313,100644,8e74a38718f34bfffe9e6c46e815181fe7b8e559
ch_foundations_for_inf/figures/arrayOfFigureAreasForChiSquareDistribution/chiSquareAreaAbove5Point1WithDF5/chiSquareAreaAbove5Point1WithDF5.R,235,4347f8e2ac1c54a5b1adcd8e074ed721dacd9e6dff9e7d26514d85c9c75aa502,100644,15226dc991e1d789440cb7284a5af9a707ce40d2
ch_foundations_for_inf/figures/arrayOfFigureAreasForChiSquareDistribution/chiSquareAreaAbove5Point1WithDF5/chiSquareAreaAbove5Point1WithDF5.pdf,6062,55358cb9df18dd9226c90ba8bf51782a603b7ac9a5ea65b2bfe72fb9d6e0398f,100644,62e4c5bd5fbd5fecb054a76e9538ba07881465b0
ch_foundations_for_inf/figures/arrayOfFigureAreasForChiSquareDistribution/chiSquareAreaAbove6Point25WithDF3/chiSquareAreaAbove6Point25WithDF3.R,237,ef64ad7126fd30b039154d75cde8d73f0dd709eea770ef5aa5cb583578778fbe,100644,fdc61e8d30a7ee4ca23f8d690b8fed115fbb1f5f
ch_foundations_for_inf/figures/arrayOfFigureAreasForChiSquareDistribution/chiSquareAreaAbove6Point25WithDF3/chiSquareAreaAbove6Point25WithDF3.pdf,5842,1966f87fb2dc6a80e1e7513c02bc248f1dc9dd952a7373f1c9e2d9772cb19b29,100644,cdefde1c9cf843ca6c2a481f97020a8a20e97230
ch_foundations_for_inf/figures/arrayOfFigureAreasForChiSquareDistribution/chiSquareAreaAbove9Point21WithDF3/chiSquareAreaAbove9Point21WithDF3.R,237,eea02ee66eacfa2e7eade07613af50451eb1cffdf547abe77e15fd6433dea39e,100644,05b2d76f738f68d121bcc2d56a78058a26a3f8e3
ch_foundations_for_inf/figures/arrayOfFigureAreasForChiSquareDistribution/chiSquareAreaAbove9Point21WithDF3/chiSquareAreaAbove9Point21WithDF3.pdf,5833,100a244874e4fe4c2a66467fb540443215f54b0179549005c1b0fd634c4b1dd6,100644,f18c115826351206c4adece0f907d384b72546ba
ch_foundations_for_inf/figures/bladesTwoSampleHTPValueQC/bladesTwoSampleHTPValueQC.R,509,f0abcd556a7118f28829a72179b14c6ecf5d07c1cc55049b1b4e7b91b2f27c3d,100644,da0d1a29b30132499394df1c3f8c6a613b1ec41d
ch_foundations_for_inf/figures/bladesTwoSampleHTPValueQC/bladesTwoSampleHTPValueQC.pdf,7920,662f3558bc1d24d40b57a6aa6ec264dbf8032facb26dedc565c7ad24eca4a6a6,100644,47e6c2980acd11772fd69f55a9334f10ed7c089c
ch_foundations_for_inf/figures/business_one_sided_20_21-p_value/business_one_sided_20_21-p_value.R,323,a829a5c72de889e77ef80e715cdf1dc9f7c71a2da83e15945a95746c9212efdd,100644,768e64d8494e2e9831551f7a1ba3a5c4b624237f
ch_foundations_for_inf/figures/business_one_sided_20_21-p_value/business_one_sided_20_21-p_value.pdf,7856,600eab1069a0295a7c6e2c4648fef9fbf2f4dfa2ee8e5efc8115595251182400,100644,52b5b01153048c6a4db460dd01fdaf04dcaa9225
ch_foundations_for_inf/figures/chiSquareDistributionWithInceasingDF/chiSquareDistributionWithInceasingDF.R,741,fdb1620322a3e0aa737f5b980211f3097cc59501b0f91ec10316dd010ad44c2a,100644,6080bd4de81e0a9e47b7c4f4e97f3fe62ccf01af
ch_foundations_for_inf/figures/chiSquareDistributionWithInceasingDF/chiSquareDistributionWithInceasingDF.pdf,11998,78ca28a7f9c8c0584ac3d72cc6f848a197e85304c34630854ee1bb4543bc0698,100644,65dec53bed56484a21dacc3165df569fc73cb702
ch_foundations_for_inf/figures/choosingZForCI/choosingZForCI.R,945,171d1f1792bc7d6adda335f2c6a5f9a85009bb3cc3261553a236527859bdd7f1,100644,4b7920627e9ad1f1d08df2e6836d8d267fe2b8c7
ch_foundations_for_inf/figures/choosingZForCI/choosingZForCI.pdf,10682,24cc2db0eaab3983f96dc00e82e565f4fe79032fe4a59c872265e3aaacd1233e,100644,b1469b9e4f825bfff0f71a73b7ccfc02b3167750
ch_foundations_for_inf/figures/clt_prop_grid/clt_prop_grid.R,1650,9993c201048e1bb93fe7d40b15d2043e86c763d364f33767cb5892502af3c031,100644,149af4e22d3e3d5b1d35f6d2d9def1b5a780c696
ch_foundations_for_inf/figures/clt_prop_grid/clt_prop_grid_1.pdf,6447,96d993aeeda432bafb617082a2e00779afa867fcbe631351bc3730329f1fca98,100644,cddbf12402434680d7d8cf0f5fc37f98ff6c1422
ch_foundations_for_inf/figures/clt_prop_grid/clt_prop_grid_2.pdf,14802,ed9dad8e9519651e5d4e2ca77467f8bfdb347037532265eff762d8b3db3e4bde,100644,bb3b1486048dddaaaa51c960b52dbe3f90292a15
ch_foundations_for_inf/figures/communityCollegeClaimedHousingExpenseDistribution/communityCollegeClaimedHousingExpenseDistribution.R,506,a4100712f0502250de02f3a013a36b236960d05dcf3d6912b2493bee758f2758,100644,716a90d9cb5bf062ba8f475b54d5d22d1bd15c8d
ch_foundations_for_inf/figures/communityCollegeClaimedHousingExpenseDistribution/communityCollegeClaimedHousingExpenseDistribution.pdf,4824,2077a41db4906189cd72c60517fc82cde8e39e716c5766705a463818b565987d,100644,1b2a51c9062ab0c71cde0cc435f50581111cca79
ch_foundations_for_inf/figures/eoce/adult_heights/adult_heights.R,436,ebc25dba238a931e444157fbffffb6063f33864f6cc197a68671496af64713b2,100644,83eb38b93567e5bd8d49c617491739b78f94cb87
ch_foundations_for_inf/figures/eoce/adult_heights/adult_heights_hist.pdf,4674,486ef0179721127302ebc7f43d240a3c1918ab4411d20a780191b0a14e523da5,100644,f0427d7f0a56e75d4fb15f13b63cb166c3f36f81
ch_foundations_for_inf/figures/eoce/age_at_first_marriage_intro/age_at_first_marriage_intro.R,470,52a0c9392e4e2040de0d02b91aab073728756bf2560d8a6f48dfa5a0fa2d0516,100644,ac8f9f2b550491a1b7b174188d647817f0fcebb6
ch_foundations_for_inf/figures/eoce/age_at_first_marriage_intro/age_at_first_marriage_intro_hist.pdf,4884,0b50afe16b75182744c919a5681dc585e6f2ca72956aa392da082eae5e04dcb9,100644,4e1b8c97b3f65429b0818c0810337bd861fe5481
ch_foundations_for_inf/figures/eoce/assisted_reproduction_one_sample_randomization/assisted_reproduction_one_sample_randomization.R,1525,854ecb17d03d9ca3e5445f811a5f035d8f55051efd9c4205a5cb2dd2323b8d2d,100644,47dc5cccc6b2dd605dc9b4f94cd3dcfe42a6e274
ch_foundations_for_inf/figures/eoce/assisted_reproduction_one_sample_randomization/assisted_reproduction_one_sample_randomization.pdf,5467,f0bf933d1e8d4b6a7f78c4af56a77a910572f888834f8de76f76e519d0dcf3ea,100644,a9436800df2429b43a09b6456054d399af55330d
ch_foundations_for_inf/figures/eoce/assisted_reproduction_one_sample_randomization/assisted_reproduction_one_sample_randomization_soln.pdf,5654,cc16dcf971b4b76d5b0af92dd2a0d407368847393cd0ff65f9744407beb13acc,100644,d9b8a5a59c2ce2dda7644dce982348ca6219257c
ch_foundations_for_inf/figures/eoce/barking_deer_chisq_GOF/barking_deer.jpg,154665,45a8a8ad1f2ed33250329ac2c4846d16c2ad49e67d7a442f29584c83a2b4ee22,100755,86c52b9ccb568159e644c52537dcd1fbb8e8dfa2
ch_foundations_for_inf/figures/eoce/cflbs/cflbs.R,961,cb6836b6e47afbc94d0ddc63b237713afc4a76a2b642386c802cda521c5e5736,100644,a0e2d85024c7e256a92be25516ba259a103ee0c1
ch_foundations_for_inf/figures/eoce/cflbs/cflbs_sketch.pdf,57858,fdb89f089cb0f212d22ac4cc7d458185a463147ad1d3858a64b28471acbd8ea3,100644,ef2ca9a23774a240db519228dccbfdef726a13fc
ch_foundations_for_inf/figures/eoce/college_credits/college_credits.R,453,abde622cda737d44dcdf8b7b1c63f4a55148d3e8c1670d4261c6a073e05ebdc7,100644,1944b830f5d14bf0d616bd5f488ae90ba1412d0c
ch_foundations_for_inf/figures/eoce/college_credits/college_credits_hist.pdf,4598,b6f0c492bef17d455364351123884d4336380b7d5077c30a775f442928b6e223,100644,7bee048383db8fe2f1bda329fc5e97a66e38bbba
ch_foundations_for_inf/figures/eoce/egypt_revolution_one_sample_randomization/egypt_revolution_one_sample_randomization.R,1501,5ab57c2c64ffa2fad2680f063c43bcf7d9dc9b5f98129cbc5fccf94abcdbffe4,100644,1dab1757b97a4e7950fafac8f9f08e1bd1cb5f5b
ch_foundations_for_inf/figures/eoce/egypt_revolution_one_sample_randomization/egypt_revolution_one_sample_randomization.pdf,5321,bd5ff4d30fc8726b15bea94180f57741f8c2e47a7b79696579a0f7693d49f7e3,100644,dbac3713b212724d5710d4d3ce11f5e88cb498bb
ch_foundations_for_inf/figures/eoce/egypt_revolution_one_sample_randomization/egypt_revolution_one_sample_randomization_soln.pdf,5578,8f47bab7bbfe78781ab246b40776aa830b30794cb7951c7584d2fea3ac850c49,100644,5e323a722575a70a5bf13f91e419c6444e1bd5c2
ch_foundations_for_inf/figures/eoce/exclusive_relationships/exclusive_relationships.R,662,d2be877fb271cbb2a22f995c4d66d383c4b1be2fd7008bad6b0c49d44c5c4a89,100644,ffeef780772882cae20a5a485c460301dca87308
ch_foundations_for_inf/figures/eoce/exclusive_relationships/exclusive_relationships_rel_hist.pdf,4632,22d0b254f0f4f359535a9467eb57b1fa5a3746507f75bbb3a40e981f8a06efa4,100644,bd073d056ba54bc775be9bee3a1ba2cdd2a12d9e
ch_foundations_for_inf/figures/eoce/exclusive_relationships/survey.csv,468,c846ae68c0eb0c4fcdb1f0aec36883e407b20976ab259edfd2f5e9a7fcd30351,100644,373a523ce7544c519ffb3370c20f63ede680d6e8
ch_foundations_for_inf/figures/eoce/gifted_children_ht/gifted_children_ht.R,516,aa924af6f97c745d13ba7b32acb04346a5287960c889569e60760044caec40ae,100644,a730b17a23cbd211625c8fa0731694860f530401
ch_foundations_for_inf/figures/eoce/gifted_children_ht/gifted_children_ht_momIQ_hist.pdf,4526,e9c6677069dbebfa23c486ff8c757cf9c58cb8fcdea8d64ccd13a84fcf2dd123,100644,f0a1f1f98482364ae40fb0faccc79a63849fab0d
ch_foundations_for_inf/figures/eoce/gifted_children_intro/gifted_children_ht_count_hist.pdf,36282,3fd98786dd466b2d3346f25756ddeb37e14c22a89b6fed306da5dea174100d9f,100644,7716bd7552103d61274f07d3fe9262e98467106e
ch_foundations_for_inf/figures/eoce/gifted_children_intro/gifted_children_intro.R,550,e3061b3912ab4e2f48a279a6a8b3ad7552f4f490155f7369b7e68b0709a4f8fb,100644,f4afd62443c20caa96d008a1d85798fbdacb54a0
ch_foundations_for_inf/figures/eoce/identify_dist_ls_pop/identify_dist_ls_pop.R,1841,bf903d8ead341475e4367e0bfa00db9e2b2f94c0653872e582545eb13f4f7f54,100644,bc2ccee1e8c099e9cbe0c6fccbee5df4b804f787
ch_foundations_for_inf/figures/eoce/identify_dist_ls_pop/identify_dist_ls_pop.pdf,8274,d0237580c58ca8c32f3ebba2b3f5b4ef96d149bcd61b457e0a625e22b34e7614,100644,d5c381aa72d4c98f4601dc004fd1c7cd66fc59aa
ch_foundations_for_inf/figures/eoce/identify_dist_ls_pop/identify_dist_ls_samp.pdf,4355,67daa3f74de4a0c8da049a5c1805c071f333c2c8337e6d503736a5fef9481126,100644,aae5222c1b55a998a67a32dab747f9ac75e15e12
ch_foundations_for_inf/figures/eoce/identify_dist_ls_pop/identify_dist_ls_sampling_n18.pdf,4373,a6fd7c99d3f7e6a9d54edff1037a6eb1dc9f6f21c7423bb60bafa41a995b7dc3,100644,fba04f38155a98af4616f08ae85883313b1a00f6
ch_foundations_for_inf/figures/eoce/identify_dist_ls_pop/identify_dist_ls_sampling_n81.pdf,4367,bd1ae7af427b27bc1f62f2d87c36b65bcb81cc8bd091eed3c02d0e3013afcd47,100644,bd455c3c0d90f6b5a357da15c91ccd344b0d9a4c
ch_foundations_for_inf/figures/eoce/identify_dist_symm_pop/identify_dist_symm_pop.R,1967,2007d4a1d3626547192ceee5e2e1503f39fa1cca2b731a09f0c9763351263383,100644,f101b790ec8dbac4fe31c7581fab37bd4567caac
ch_foundations_for_inf/figures/eoce/identify_dist_symm_pop/identify_dist_symm_pop.pdf,8552,7a775afc2e7c40a39cef14b87597751fbd3877878982cc0a429460cd0a0453a4,100644,e069b7af8ed8728fa40360b9063b211a6f94ef23
ch_foundations_for_inf/figures/eoce/identify_dist_symm_pop/identify_dist_symm_samp.pdf,4308,4ee7963af1a8897bc9d476de970204c207ccf225a95b4f251d35a215573e56e9,100644,77b73657306c220705a5deddba674b0390498356
ch_foundations_for_inf/figures/eoce/identify_dist_symm_pop/identify_dist_symm_sampling_n25.pdf,4286,a680f717db33592abb81b439cb97c36665d20506b888c0d8daa30917fa8afce4,100644,f627a4460825efc4e588134f10b8282a215156db
ch_foundations_for_inf/figures/eoce/identify_dist_symm_pop/identify_dist_symm_sampling_n5.pdf,4379,fc5cb61cdf58881d4a821cc3b0ce806ac10cc5edc2d071d83b86ebbc577ff98c,100644,0c718bc1cfc89d3634b16895b9f8388f8bf8b2f8
ch_foundations_for_inf/figures/eoce/pennies_ages/penniesAges.Rda,409,d60b828ec6a208faf2ae1553f3ed62e106b7800e42b10b1fae89a48f55d68517,100644,f543d56ca2c7a46429baa9824da63b0641427c1e
ch_foundations_for_inf/figures/eoce/pennies_ages/pennies_ages.R,1939,1d3a2691ab94ad1e87a4310f28004e55d8720a70294bf9bee759f906c95c80ae,100644,08f9334912348e80f933fa7d3a50b7574fc15f41
ch_foundations_for_inf/figures/eoce/pennies_ages/pennies_ages_pop.pdf,4507,89286ebbb9c6c6b9bd5afb761783f3d0ffc60a510339733c60f5b4872a77a33d,100644,a62addb5acee9c9345143f9dc04b842727cdce4c
ch_foundations_for_inf/figures/eoce/pennies_ages/pennies_ages_sampling_n100.pdf,4636,0c9523376f5acdadb92231306a833f2a7ff73d457d1ebce76c71d3692482c2ff,100644,9f451852a60c594ddfea355769ba78fc93f2749f
ch_foundations_for_inf/figures/eoce/pennies_ages/pennies_ages_sampling_n30.pdf,4621,e44da506bf44c5a9c98211bc6168f9fca0f5b8be391e398b65797403e37176f8,100644,70fa8dde2c105b383b335d1e66b8b7fd83beafc9
ch_foundations_for_inf/figures/eoce/pennies_ages/pennies_ages_sampling_n5.pdf,4676,8d1b4b7764d1012bfbbfadeb87fd75936511b0837f5721caa226606731f316b4,100644,3180579eacf8eae18628f19dcde129754ff8b3a4
ch_foundations_for_inf/figures/eoce/penny_weights/penny_weights.R,984,66bb385caabd32844b5a536b2c7c50ec9a61f5aeb973ce1ad7bd9113a04df11f,100644,74e47101ccb0b931074df15249c79e9edc2d18f3
ch_foundations_for_inf/figures/eoce/penny_weights/penny_weights_sketch.pdf,6273,152a582a120110b0002453bfaa664029cce83e1bf1dea256994f79dfcaef0eba,100644,9cf795fac055606d3fe65f214dd2bc02db8acfdd
ch_foundations_for_inf/figures/eoce/social_experiment_two_sample_randomization/social_experiment_two_sample_randomization.R,1933,0f020d9726a1c662320599d2fd6c367ab9349576887a4127594bfd7dac2d45b7,100644,fe183ac296df46b674f74601f5c9eb3bcdce1209
ch_foundations_for_inf/figures/eoce/social_experiment_two_sample_randomization/social_experiment_two_sample_randomization.pdf,5433,cb385158a065206cae6fc9d9a3a0f137d17b40c627562b99319d153802e054c5,100644,c45adc5704ae56af4e02d2249011754b18067266
ch_foundations_for_inf/figures/eoce/social_experiment_two_sample_randomization/social_experiment_two_sample_randomization_soln.pdf,5618,efef2d958c647018260e77db57b11712d45bf25044dce98a9ce97d3ca51d6c03,100644,1046405440f0ff662dfb3d7b7d8434ef5576df45
ch_foundations_for_inf/figures/eoce/songs_on_ipod/songs_on_ipod.R,462,81b9d4e478b082a2b0a00c868796e929384212c720a5d4a757c1cfeebba7150f,100644,4c9f75a0534700ef212f0aee609b80774578a1e1
ch_foundations_for_inf/figures/eoce/songs_on_ipod/songs_on_ipod_pop_hist.pdf,4590,f4104b299c892e754e93291acfb9aa23471aafad94b49149455120c45c9b45b9,100644,ce7c82b5543d448f76a193c3adf958df75ffb418
ch_foundations_for_inf/figures/eoce/thanksgiving_spending_intro/thanksgiving_spending_intro.R,480,9367f3575738841cf44a62903bf0cb244155f6b54e55a2ec4dd4ba1ca02203d6,100644,93ddc10b2a5654d88fa546a83f4dd501b6c56c0a
ch_foundations_for_inf/figures/eoce/thanksgiving_spending_intro/thanksgiving_spending_intro_pop_hist.pdf,4743,7db85265092d303194abb2377ec7c523e60e91abeb910dbcb19ad09c897b1932,100644,3116ad8a1ddccbe040a3b678e4cdcc9af77b13cc
ch_foundations_for_inf/figures/eoce/yawning_two_sample_randomization/yawning_two_sample_randomization.R,1722,d4bacc6f893c246cefa0e6c955562e4f130232249a6e0462772c38d9e93f6892,100644,5286fae23e4fd70348994025d5902c71f6af36d1
ch_foundations_for_inf/figures/eoce/yawning_two_sample_randomization/yawning_two_sample_randomization.pdf,5889,18431d2e7a976b4bd8c08feab03ac808307dafffee3bf9fafe60148255d4daa2,100644,ffc4881146a977172fee18fd711f5b0eb6ebcd81
ch_foundations_for_inf/figures/eoce/yawning_two_sample_randomization/yawning_two_sample_randomization_soln.pdf,6056,157666bd5de0ffde5a14e99ca9b9ddd77db35e09dbda37d814f3b7962a978d9c,100644,d2262439bfb9ffecb458562facd1668cdd74a9d6
ch_foundations_for_inf/figures/geomFitEvaluationForSP500For1990To2011/geomFitEvaluationForSP500For1990To2011.R,1134,d996d8f647070884fcf49974f183bc66719a0a732821eac8c63eec4b4dd6c7b1,100644,31ba0c838bcfde6e4120f096a9981505e6031adc
ch_foundations_for_inf/figures/geomFitEvaluationForSP500For1990To2011/geomFitEvaluationForSP500For1990To2011.pdf,5347,e408ffadeaa74b3940167f0065f528825568586985887ba75718f674088c2a8e,100644,8997970982f9371008cc970bc3a93fc5123c6348
ch_foundations_for_inf/figures/geomFitPValueForSP500For1990To2011/geomFitPValueForSP500For1990To2011.R,426,490b19b9ab246d6f16861a7f630b0113a3dc496f56674ae5d84c9bfff782372b,100644,989acfb7f5e49b5afd33f5c217909f7fb8eee1fc
ch_foundations_for_inf/figures/geomFitPValueForSP500For1990To2011/geomFitPValueForSP500For1990To2011.pdf,6215,6c83a02f6795cd5fdc23dffe3af6f6cccf3c6546d45e5c18dbb5c6f627a6b9f3,100644,bcc3658b0a2b058bf6851972f5876e57240358bf
ch_foundations_for_inf/figures/googleHTForDiffAlgPerformancePValue/googleHTForDiffAlgPerformancePValue.R,234,53002649a7a6569996aae5f1304117373702fc7268bb7ad62e272358402a9be2,100644,2581e4da218db1975936f4c58756966674c5466e
ch_foundations_for_inf/figures/googleHTForDiffAlgPerformancePValue/googleHTForDiffAlgPerformancePValue.pdf,5825,1aaa9aa6bae005f7aa739390d1678347f30d215ab989c6edddc26d55c16b788a,100644,89335dd0cd4f95a0a8b30c95debc0f44516c4fd2
ch_foundations_for_inf/figures/helpers.R,1208,32a70d2e171a53ce94489aa7b2f8236e16bb41613e243836f614505630d0d0c2,100644,c552a4e77c6d09b515df2c6fdf2a996fca1cd03d
ch_foundations_for_inf/figures/jurorHTPValueShown/jurorHTPValueShown.R,232,9b4f367cf73168f06fd06e99a262e0cdc9d3ddfa40931330c8332ae45d322990,100644,3b02b8b1f9189bca8715c7bf4729a632dadaf2dd
ch_foundations_for_inf/figures/jurorHTPValueShown/jurorHTPValueShown.pdf,10328,9d645e951758c79ca59f49ef08056420a12a98b491b6b345de24bb12cc64651d,100644,d90343291eb6431400e818352c8123d8ecaab0db
ch_foundations_for_inf/figures/mammograms/mammogramPValue.pdf,7879,afb58f46da385a6cde4f434aa46a1329ac8113753fbd79d1b3b6e5b023f719cd,100644,3747f1ddb306fd250e5871d608c7400c00a5bd12
ch_foundations_for_inf/figures/mammograms/mammograms.R,396,513719c186f5119b9b0ece7a22cb76db728d826f8c1833ee02ee9fa14baa28a9,100644,e151a571842f726935c398e8348b733068658baa
ch_foundations_for_inf/figures/normal_dist_mean_500_se_016/normal_dist_mean_500_se_016.R,1447,f91e2ddcc5f826945538948ccfc2d221c434a31aa5aab59381f223fa5e471d91,100644,3523cae7459179ad151d6062351ee31d7929323f
ch_foundations_for_inf/figures/normal_dist_mean_500_se_016/normal_dist_mean_500_se_016.pdf,6676,d3ad60a1656975da2ae2b8684f18b03bc5271490cda6401b729b1798463b4240,100644,5229fad7a16840d74a1210c8bbc06ebc202751fe
ch_foundations_for_inf/figures/normal_dist_mean_500_se_016/normal_dist_mean_500_se_016_with_upper.pdf,6830,19349836997d32e7f845e7c05fe8f1bb7687a72fe83a2a67ac6aa7600def5210,100644,667530df935d36c8a2329cb61d45605f0fb16680
ch_foundations_for_inf/figures/nuclearArmsReduction/nuclearArmsReduction.R,736,1118b030df6cea82c4ebea4f91cbf483fc0328f32bcf3b935e7870657aa4da1b,100644,7e61574598a101aa59df76af88140a244aa2c1ad
ch_foundations_for_inf/figures/nuclearArmsReduction/nuclearArmsReductionPValue.pdf,7608,c93408f63b60ff1cebb4130826c3e330394f5b20bf2b38f81aa74d1217273390,100644,cbd80407bf37e9d4d81db13849ed1be89713d04d
ch_foundations_for_inf/figures/p-hat_from_53_and_59-not-used/p-hat_from_53_and_59.R,322,5b257ada9796879e8e2142cff750128c4a4544114a7f5725910a045bc6abfac9,100644,434e31ee9eac2c260f5d265f6a14c703d2064adb
ch_foundations_for_inf/figures/p-hat_from_53_and_59-not-used/p-hat_from_53_and_59.pdf,7875,645b5e34205759b2bf74e79d5ca734b7a477f3531f4bbca6df341ac8c2199787,100644,35d2a7d690e4934d025535989f09042b7ae45d8b
ch_foundations_for_inf/figures/p-hat_from_53_and_59_computation/NormTailsCalc.R,1475,606742c5c93fd346ad4ac4414b882e457cf7ba0000e335c121057acf2b640dbd,100644,ee44a68e1bc9f0daaad011b772f6559408478ef3
ch_foundations_for_inf/figures/p-hat_from_53_and_59_computation/p-hat_from_53_and_59_computation.R,1360,814b2f46b310522e79fabc81edec0bcae89319211d0581f26ce6205c3c286fd6,100644,04cbb27c5e5ed39003fed7ec8ccac138f27a4a65
ch_foundations_for_inf/figures/p-hat_from_53_and_59_computation/p-hat_from_53_and_59_computation.pdf,25123,92874654a03e3432c98b09c1cdf8a4654a0d69713eb433897a97f919c30a8e23,100644,640def497e1668fd1bdef39f56b7c63fbf3867a5
ch_foundations_for_inf/figures/p-hat_from_867_and_907-not-used/p-hat_from_867_and_907.R,330,e82300bf4ef596bd20c786c2f87368c13f20a900b6adf2f373d3d0caeb60abbb,100644,88735e8d694d0d9b5e99ef2f8041a2481b5fa7e6
ch_foundations_for_inf/figures/p-hat_from_867_and_907-not-used/p-hat_from_867_and_907.pdf,7873,0ca6224ab40ef15ff749a69b07376832ccb884046a5d51c1b36540e681aeb443,100644,a45b32f28f41de030b2cbfaefb19857b07244284
ch_foundations_for_inf/figures/p-hat_from_86_and_90/p-hat_from_86_and_90.R,322,39d4ba73325ca03a94ac3a776d02997e74b84b4b6510dbe26a7447d556a99c1b,100644,b6b0fb0429b4739158227b66c13382d704c9b5ff
ch_foundations_for_inf/figures/p-hat_from_86_and_90/p-hat_from_86_and_90.pdf,7871,0d236cdc14789744a57f015db098d034cc0cc7b2183f1738fff2a39535e365af,100644,e171484f2df6644cf3253c9bb27c3ba1797770fd
ch_foundations_for_inf/figures/quadcopter/quadcopter_attribution.txt,96,accf369aa9891991cc3799edf7011b5a53e4e8bf4f069ee33313e146f5d51199,100644,b1a8e7ab9d0069c5e11976db1e3184c811f52e47
ch_foundations_for_inf/figures/quadcopter/quadcopter_david_j.jpg,1493656,1db88d4694e0dbefe6187ea3f671000bf90928466d0fb8268524b2172cb0d260,100644,6dc2a04713e53a534cabb6f7ca2d5e630a4fe4de
ch_foundations_for_inf/figures/sampling_100_prop_X/sampling_100_prop_X.R,1173,775117e6f7a253bad15c595fa2f72bcfb227714b86de71a568767c80d71cf5fa,100644,ecfd233ff5e65a44dd76cbb03b34c33ad60b0acf
ch_foundations_for_inf/figures/sampling_100_prop_X/sampling_100_prop_X_12.pdf,7347,be50a34576ab14a7e1c6c1eb2b228b51da943895af7845da85b31c9fc4467b57,100644,3184a3af0e09dee5765ef036086962d568d9ef59
ch_foundations_for_inf/figures/sampling_100_prop_X/sampling_100_prop_X_3.pdf,6347,8e59e126decf50ce7fb9cb9bab6fe6cb8e37c411f69bc18c228193477b1956d4,100644,dd6260213337446721e54cff22cb6ab8a4bcdd53
ch_foundations_for_inf/figures/sampling_100_prop_X/sampling_100_prop_X_45.pdf,7334,017f2c886a7d977570643a8c16958379f188145f1c1fcf5fe79721eaae5fb7d3,100644,9b39587447d6636631885e004a10f3fdf78c38f1
ch_foundations_for_inf/figures/sampling_10_prop_25p/sampling_10_prop_25p - one figure.R,862,e1aeb0d940bea23c7b17314e29bd3a772089527aa2ae143e8c980f37d17181fd,100644,20ccd39253356d1e67c541877e4e04acfb60e4ea
ch_foundations_for_inf/figures/sampling_10_prop_25p/sampling_10_prop_25p.R,1054,02c223b93fda9039560080d3aae76f4bcc0871a61bab657b096a3bdee38ad774,100644,53e1f1eb719ace746cd9ce4e9ff5be39aa72e072
ch_foundations_for_inf/figures/sampling_10_prop_25p/sampling_10_prop_25p.pdf,9533,92139d96df6b812c51d19b6d8b42813ee19fdebb68fed3a417f6a5b01b1653ba,100644,fe8f74bb1362c262c14f56d4605ea96863fc34db
ch_foundations_for_inf/figures/sampling_10k_prop_887p/sampling_10k_prop_887p.R,739,6c2c20060f24f20206857438c626588bc02da0f0ae6af2c6cee425176e394a8c,100644,7e47d0c92f6f0a37fc142afe5f11b8522f12777e
ch_foundations_for_inf/figures/sampling_10k_prop_887p/sampling_10k_prop_887p.pdf,5342,5beab1232ead257c5b9d1b1b9b7659c82dc28f82a4be1b2f131b7f28423af6c4,100644,6d750e2502fe3e2126b3b376a0c195d90de6cc89
ch_foundations_for_inf/figures/sampling_10k_prop_88p/sampling_10k_prop_88p.R,737,c79fb3ac64855157cf98499e6671e8c4ed863a75ead728ea8911d5b2783e5731,100644,1abeac629d0e8795f87e44d32ce8e1d5a8ef6082
ch_foundations_for_inf/figures/sampling_10k_prop_88p/sampling_10k_prop_88p.pdf,5341,f0bd27ae232b6976c59f50d92ea9aa9424b3d4be7d6f4c308ed7f5a5b6c8ef88,100644,98d744e1ab41cbf4d0658487e40a3c11f7646693
ch_foundations_for_inf/figures/sampling_5k_prop_50p/sampling_5k_prop_50p.R,751,757446f81fbcd99d449fd09b75c4d1f27f8c7f5bd14d5cd9bf07eea11c7daa03,100644,4c624af999eba161a4bfdd4a2b1abc5fdadada3a
ch_foundations_for_inf/figures/sampling_5k_prop_50p/sampling_5k_prop_50p.pdf,5914,6fb5b53213c57527cf37dd365347d4f3773904b4c0847e82dca9f0ce328a3ea5,100644,ed91150332fcc19cedcb7034c46f6da5e6f5d3f9
ch_foundations_for_inf/figures/sampling_X_prop_56p/sampling_X_prop_56p.R,510,f9934d31df46805ee0401bf6c4c18fff1f9ff93f690dbc4064191e85072d40e8,100644,04db381877bc43d5cf07edecbfad3ae51948bdd7
ch_foundations_for_inf/figures/sampling_X_prop_56p/sampling_X_prop_56p.pdf,9948,1ec1afaad8d37226a9325e96284e5f55afe90f27de1c3964b60d0dccde4de6d2,100644,84d50a1606bc446c81610582728978422646186b
ch_foundations_for_inf/figures/sulphStudyFindPValueUsingNormalApprox/sulphStudyFindPValueUsingNormalApprox.R,625,46803d77c4dc9eb2c9b85059964433a58e0f04968ef66c1a2244daea2d80015f,100644,b78dac9b0e8149aed8525591386ec57f088e4804
ch_foundations_for_inf/figures/sulphStudyFindPValueUsingNormalApprox/sulphStudyFindPValueUsingNormalApprox.pdf,8494,f234777d7a91060bdda1bac0ca35b8c22887287129f745d9c7b21c0faf1a5195,100644,0b44d4887eb8115ad4e07f4767be75eb2655789d
ch_foundations_for_inf/figures/whyWeWantPValue/whyWeWantPValue.R,1116,fa0dfe4bffd201c6194b542dd4a98f50d39138068b5fd137d1a5e72ae8d56954,100644,f765d7023532aea33250ec28dc404ee029b74ef4
ch_foundations_for_inf/figures/whyWeWantPValue/whyWeWantPValue.pdf,8853,18c600dd59d282ed9e40e44a769a2cb7d1a6c058425869a3fc0afbb07c183b89,100644,8ab9374dae32a78cf5f20838e19465f8ac7f895c
ch_foundations_for_inf/figures/whyWeWantPValue/whyWeWantPValueProp.pdf,8863,81376ae3f1126e7dde6c743e8d2eebf979350612cbfd7bc427589a060ea8fbdb,100644,d55f2687e6d346a7741eb85371f646b023349305
ch_inference_for_means/TeX/ch_inference_for_means.tex,141389,d818b24b8e8d0582f8e603972e87764082d8470d91ddcbeaa794c295a1d37bec,100644,db184c7d26e9130700ca05671a9d88b6cef85e55
ch_inference_for_means/TeX/comparing_many_means_with_anova.tex,17937,4361fa16e8b837de264474973d2d1e8b5f4b479c3a60de522f80db3044eaadc8,100644,e2670faa5488c22e520246eb6fefe3bda2f37b4a
ch_inference_for_means/TeX/difference_of_two_means.tex,15611,a4f52c1062a71800611c136b7008216a4822ce6fd6758a89786ee46fe589f9b3,100644,0662e8370191a8be2c7c5ec719343448e97a24dc
ch_inference_for_means/TeX/one-sample_means_with_the_t-distribution.tex,10225,5d41cfe653f9da3e3b78885c23b3b2d30cd698a11087424fca1abc104de451ae,100644,57499aa43b8d7b6e193b96acca20ac88f94ee291
ch_inference_for_means/TeX/paired_data.tex,8958,dab4aa293fc09c9bf51c21f1d5c19efa229099c3b5ed62bd3ebc71be937917c8,100644,39dc110fcf5a0fb6f61cd25c2a59eb7d731726e5
ch_inference_for_means/TeX/power_calculations_for_a_difference_of_means.tex,1548,b0d6b9e02d9a5c067b59602638358b18f11947fb86d344b824e0a5a37e754b51,100644,16484c46a6479b3261aceaf2d4e851bcbf035915
ch_inference_for_means/TeX/review_exercises.tex,14946,2b07c9b78c7cc7f1553e28c19fbfaeb7a6a7c68a6cf9298b97f5fd4ed42780df,100644,6afbbd14ba06d121e9ee82fa1e819d74709e4a81
ch_inference_for_means/figures/babySmokePlotOfTwoGroupsToExamineSkew/.Rhistory,6382,44aed26779215dac152d3cfe8e17ffdab426c464a9509affcb52bb33a59bca5f,100644,a131ce08e1f55014fe0329e3344a3ba29dc4c262
ch_inference_for_means/figures/babySmokePlotOfTwoGroupsToExamineSkew/babySmokePlotOfTwoGroupsToExamineSkew.R,666,b1dcd3623459da068582d1a0abd4a877d09cac605c6a349d04136de290f275a5,100644,2034d78e9ecdf858dcb7b9b1237dbe8b8b29f9ab
ch_inference_for_means/figures/babySmokePlotOfTwoGroupsToExamineSkew/babySmokePlotOfTwoGroupsToExamineSkew.pdf,5064,9814d15a18ef16589c2de760e9df7f4526bc85e2e55bcad7cdd2934a625d2d40,100644,cc33bd5582116e78e440dde5d11952f6b11183c5
ch_inference_for_means/figures/cbrRunTimesMenWomen/.Rhistory,5360,9bae3b1c543213602b76c3b14a15ddefbe55eb21e0ac1770bd14bde9539116ba,100644,61a23bbcdb26268caba2b9577db3a65f477ebe4c
ch_inference_for_means/figures/cbrRunTimesMenWomen/cbrRunTimesMenWomen.R,679,d851f16da2c93f2195c00e3f372385b235be46d4a950e6303623e961871cbd25,100644,f1e0a535d16eb5ff9fb5c8bd7e2b1e13685ec364
ch_inference_for_means/figures/cbrRunTimesMenWomen/cbrRunTimesMenWomen.pdf,5095,15cfd99fd6dc422d091f3b8496a18dfcc446f121d27bef144af81a50f13627f5,100644,7a08848d8ed72dd8023f4543657b25a72e2ef3d2
ch_inference_for_means/figures/classData/classData.R,686,5a5b6222df0b5b0eb5610a62f1b8f3df3da94ad29e9006b02cc0c70b8ca827aa,100644,325dcf1a6d7d3edc5a4fdd1b284474e9a12d2120
ch_inference_for_means/figures/classData/classDataSBSBoxPlot.pdf,4517,8fadc346905ea2346e0b38488c35af8d8d0ae2d87e4159fec6ad0edf005e138d,100644,64defe51bd1c4833d7b68e69cb0e3896adda2b9a
ch_inference_for_means/figures/distOfDiffOfSampleMeansForBWOfBabySmokeData/.Rhistory,11942,f7331ac8849b6f7ac78f02823161fb3f50ed6c8b2a9ff8012f187d7f5dc70f4e,100644,2576026d5459997939ed02f36fde6ee1c60b0893
ch_inference_for_means/figures/distOfDiffOfSampleMeansForBWOfBabySmokeData/distOfDiffOfSampleMeansForBWOfBabySmokeData.R,446,7b5d5ffa98b2660bf98eaac1b80019edf60c8e53afe62f13bf1ff6f9aab13d34,100644,f068d369f7c25f7d18e0ec972132480faa963223
ch_inference_for_means/figures/distOfDiffOfSampleMeansForBWOfBabySmokeData/distOfDiffOfSampleMeansForBWOfBabySmokeData.pdf,8175,60070cac611447d438ca0d5e7ceb4207834ed9c8fac36bc65026f63ffcbaf7ce,100644,f6718d495ad1086f56866862c86839204124318b
ch_inference_for_means/figures/eoce/adult_heights/adult_heights.R,436,ebc25dba238a931e444157fbffffb6063f33864f6cc197a68671496af64713b2,100644,83eb38b93567e5bd8d49c617491739b78f94cb87
ch_inference_for_means/figures/eoce/adult_heights/adult_heights_hist.pdf,4674,486ef0179721127302ebc7f43d240a3c1918ab4411d20a780191b0a14e523da5,100644,f0427d7f0a56e75d4fb15f13b63cb166c3f36f81
ch_inference_for_means/figures/eoce/age_at_first_marriage_intro/age_at_first_marriage_intro.R,470,52a0c9392e4e2040de0d02b91aab073728756bf2560d8a6f48dfa5a0fa2d0516,100644,ac8f9f2b550491a1b7b174188d647817f0fcebb6
ch_inference_for_means/figures/eoce/age_at_first_marriage_intro/age_at_first_marriage_intro_hist.pdf,4884,0b50afe16b75182744c919a5681dc585e6f2ca72956aa392da082eae5e04dcb9,100644,4e1b8c97b3f65429b0818c0810337bd861fe5481
ch_inference_for_means/figures/eoce/anova_exercise_1/anova_exercise_1.R,434,cc15673b28d1ccb9c0c0fa420636e58903ebdd284753278bc9aa68e87f7308f2,100644,a554b115c7346ee59d128929754f52976f48b567
ch_inference_for_means/figures/eoce/anova_exercise_1/torque_on_rusty_bolt_dot_plot.pdf,6695,ec197b9cdd3a95a552b80f9043117b2755bc574d249fc58e4abf121f2e9049db,100644,2cc53bec00405944fa72131f55e9cccb20ca6c6a
ch_inference_for_means/figures/eoce/chick_wts_anova/chick_wts.R,805,c546d3e685c1aa1caa83fdaf18596711fd1226bd308ec90f72c1db9a13feb0cd,100644,f7fd37729014a1ed6e9e528706f93302a7b76573
ch_inference_for_means/figures/eoce/chick_wts_anova/chick_wts_box.pdf,5010,71d23cd033ad065cfc29b022371dae0a87e30986e16f961d565950d33bde7da1,100644,0c89a6c5263fe850ba8675daba17778c487c2b86
ch_inference_for_means/figures/eoce/chick_wts_linseed_horsebean/chick_wts.R,784,f70d373de65ff298bb6561d8c8595ee46905005092a3f6236f3c762292c9c3ed,100644,a5cb09a0e735133f12c3d891bf8c25eefe0a44de
ch_inference_for_means/figures/eoce/chick_wts_linseed_horsebean/chick_wts_box.pdf,5010,71d23cd033ad065cfc29b022371dae0a87e30986e16f961d565950d33bde7da1,100644,0c89a6c5263fe850ba8675daba17778c487c2b86
ch_inference_for_means/figures/eoce/child_care_hours/child_care_hours.R,1601,8513dcb4be30c53981a36dd72c5729e1c82b71097b91053dfd9c9bc0c883f7a8,100755,43cfd86ecbd2dc74aa115a5dc134ba035c672ec0
ch_inference_for_means/figures/eoce/child_care_hours/child_care_hours.pdf,6875,7780aa44dae071600bc637df56b5108290007420f8f439f9ba98ff2d49950d7e,100644,8ee5b55137c2b559594551a5012c7e480fa5c6f9
ch_inference_for_means/figures/eoce/child_care_hours/china.csv,70863,06ec6d709436b11c2490db899969cc286e604bac93aebb00ab68f5aa2e140d09,100644,ff8e66b55cbc9aaab27eec5829249aeec183fe88
ch_inference_for_means/figures/eoce/cleveland_sacramento/cleveland_sacramento.R,1335,0ceb3d55f348a40efdbdd7119c02b17ab935c346b0778e9d03d1457c2aacf305,100644,5b0c61482135d8b196fd8a620b82074cd1319dfa
ch_inference_for_means/figures/eoce/cleveland_sacramento/cleveland_sacramento_hist.pdf,4867,6827e5f7f44613d2b7728297db9c12174a2cbefb1cdc1051c94832ab165ae464,100644,306bf339650f4d56e5328d8458899287468d3ad1
ch_inference_for_means/figures/eoce/college_credits/college_credits.R,522,c9319212143ef8ec1e19c5a3791b77b40f58f572b16788c532e92b117257758e,100644,05a798351681f510d96b079c2534f7a0e3c6cd80
ch_inference_for_means/figures/eoce/college_credits/college_credits_hist.pdf,4587,080f8f2e61623839828c43b8c7f31f23a5bf884f6f90eba445356d680a857845,100644,cf71f335c4907f039eaf5a69ebf330e7679a4c19
ch_inference_for_means/figures/eoce/diamonds_1/diamonds.R,1272,0b4cc303d8d1da284bfd3808edd0d2ef9fc6d4a81e2de5849e35878f15966365,100644,b96f2ff35a2a26dedb638f9acc880aecb38e4478
ch_inference_for_means/figures/eoce/diamonds_1/diamonds_box.pdf,4430,4ad24db93a56475fc713c9c0ae300da8755c863193b5aefb2a0663a889953693,100644,9f6d58026f3760dab3c7338faa325cb618819251
ch_inference_for_means/figures/eoce/exclusive_relationships/exclusive_relationships.R,672,e1c05a73d62ce6588b128d38c153c9088187e948585fb893c6b92e7dad9abcae,100644,86fe780af351c3ff9d009930443415e690eed04f
ch_inference_for_means/figures/eoce/exclusive_relationships/exclusive_relationships_rel_hist.pdf,4638,688070ebbdd6c33016642f98fccceda51a16c416399769c560fca99922e02e37,100644,a3614f3d96fb2f8e3e2aa2e3b5f92df37024883c
ch_inference_for_means/figures/eoce/exclusive_relationships/survey.csv,468,c846ae68c0eb0c4fcdb1f0aec36883e407b20976ab259edfd2f5e9a7fcd30351,100644,373a523ce7544c519ffb3370c20f63ede680d6e8
ch_inference_for_means/figures/eoce/friday_13th_accident/friday_13th_accident.R,811,c035eb34c74b1b03bc770c0187cf7ef7d4d1c5b5399334f9de122b948b70c46d,100644,b4898f76acb64cea4b0ed51a8d3d9f4d4b0dc88d
ch_inference_for_means/figures/eoce/friday_13th_accident/friday_13th_accident_diff_qq.pdf,4714,9f017ad5145c4b8dd815ad1184b6d2769ac3e1bb6071800213a9e41b4e4c661b,100644,8d76622616841681f3a2605b569d3087143ad74f
ch_inference_for_means/figures/eoce/friday_13th_accident/friday_13th_accident_hist.pdf,4605,8fb4ade456a03db154e90eae3447dacce0df6eafe23a1fa444210caa9f0d03e4,100644,3f0c91b1cf4b436d77507cd0e1432394d090e22e
ch_inference_for_means/figures/eoce/friday_13th_accident/friday_13th_accident_hist_diff.pdf,4281,aeacab13555d1895c27d6e3f104c7de1c0a96522d319c575f0d46ae2971f8661,100644,c641450ba91d7dbf766c8cb107793a72a55a2eb9
ch_inference_for_means/figures/eoce/friday_13th_accident/friday_13th_accident_qq.pdf,5149,1f1b091a38b86eddb231d383893b6e77d4dcb636e3a3202ffb05ec3e1930824e,100644,a6a87ed128e1a73f372fac48511c36b1bd6b5ef2
ch_inference_for_means/figures/eoce/friday_13th_traffic/friday_13th_traffic.R,891,d5681494c4cf7d174b4f81ae94e0bae56758bbc533dcf4901c9c79ccc578a418,100644,afb4a7cb590a767f278e56baf82f0811270605f4
ch_inference_for_means/figures/eoce/friday_13th_traffic/friday_13th_traffic_hist.pdf,4749,2716479cafb6f1de7a45326714f9078b06f21fa3e185fd619d1032c9c58e6185,100644,9d8b1a6a4dcf08640e98ca1f522adb89be11b5b4
ch_inference_for_means/figures/eoce/friday_13th_traffic/friday_13th_traffic_qq.pdf,4749,5fad4fd5601283618e6b6786149b598747228f2cab70f54bb73c24b5a91d730b,100644,70f1ae44272c35574b93b53e40184af259ce0f94
ch_inference_for_means/figures/eoce/fuel_eff_city/fuel_eff.csv,238855,e7bfc8fa13132c4784d15aad7bae43e0739e0c61078f1baacbdd491dbec0e977,100644,7ab6461075201d0d365ebb42922e411fddc0392c
ch_inference_for_means/figures/eoce/fuel_eff_city/fuel_eff_city.R,1086,04654072282384edd518c9d428e9f9ba35155b022997279be395473b7067cfc0,100644,6b1c32662af6f7192dc9e3582d0efd3f069c6102
ch_inference_for_means/figures/eoce/fuel_eff_city/fuel_eff_city_box.pdf,4389,322e02aabb8e0a589ea0d36e842d073f7f62d6257113d7c03c5e5e190a7ca435,100644,15a143e91a259b6bd7dd06f246ae805194a5773f
ch_inference_for_means/figures/eoce/fuel_eff_hway/fuel_eff.csv,238855,e7bfc8fa13132c4784d15aad7bae43e0739e0c61078f1baacbdd491dbec0e977,100644,7ab6461075201d0d365ebb42922e411fddc0392c
ch_inference_for_means/figures/eoce/fuel_eff_hway/fuel_eff_hway.R,1086,8dddaeffd7c8e2b81d245d099de8829bdc6ba1824d15d11ae6ce20cc73f0d504,100644,89c2412ee7eebefc0b980e24fa1faa995b14df22
ch_inference_for_means/figures/eoce/fuel_eff_hway/fuel_eff_hway_box.pdf,4389,481ed1eed268afc07f4bf2f12064d68707ad79b2b515dc2225b223c6b667d521,100644,507ae5b44a869b4d0e21535b3b68dec354ae0aaf
ch_inference_for_means/figures/eoce/gifted_children/gifted_children.R,974,496e2805f586e621664a386634d6c24f6010dff145aad9f7e52020a5062f276a,100644,4510a8149033c0b7644a4c654fe9b0dd6c95d188
ch_inference_for_means/figures/eoce/gifted_children/gifted_children_IQ_hist.pdf,5138,8fab4b5c2c486f7a5ff76ce66cf90187df25639d9b737baa8b6b9634d5365c45,100644,d74e88f8738861b87e9c1a1e1847e3e0f05ed75e
ch_inference_for_means/figures/eoce/gifted_children_ht/gifted_children_ht.R,516,aa924af6f97c745d13ba7b32acb04346a5287960c889569e60760044caec40ae,100644,a730b17a23cbd211625c8fa0731694860f530401
ch_inference_for_means/figures/eoce/gifted_children_ht/gifted_children_ht_momIQ_hist.pdf,4526,e9c6677069dbebfa23c486ff8c757cf9c58cb8fcdea8d64ccd13a84fcf2dd123,100644,f0a1f1f98482364ae40fb0faccc79a63849fab0d
ch_inference_for_means/figures/eoce/gifted_children_intro/gifted_children_ht_count_hist.pdf,36282,3fd98786dd466b2d3346f25756ddeb37e14c22a89b6fed306da5dea174100d9f,100644,7716bd7552103d61274f07d3fe9262e98467106e
ch_inference_for_means/figures/eoce/gifted_children_intro/gifted_children_intro.R,550,e3061b3912ab4e2f48a279a6a8b3ad7552f4f490155f7369b7e68b0709a4f8fb,100644,f4afd62443c20caa96d008a1d85798fbdacb54a0
ch_inference_for_means/figures/eoce/global_warming_v2_1/global_warming_v2_1.R,281,4604e01c885730010361ffb379026888564d2db729b5f56c96c289f0f44e23f5,100644,14ce49793aa255db61b65aba9f311c6fc07badad
ch_inference_for_means/figures/eoce/global_warming_v2_1/global_warming_v2_1_diffs.pdf,4736,c56c12fd2ce966b10441d8024327d11848bc4087a37354249a677af8745532b6,100644,f21c163c2fef6aba065c93c4e454cc286141c646
ch_inference_for_means/figures/eoce/gpa_major/gpa_major.R,1270,bd336da5780a525bfcdde476864c1a7fb9a8ea551ea16dcaf18bf0da64266d59,100755,b92ac4dff14a0f9ca81591c96ca54ef47d7a4416
ch_inference_for_means/figures/eoce/gpa_major/gpa_major.pdf,4672,b7951afe0ab1db960838a96b0c340ea08ce2e51923446d95713d41ea833ca3ac,100644,14f507a01f69baf0c69f58213b52ee137507fc29
ch_inference_for_means/figures/eoce/gpa_major/survey.csv,5008,85308ca8afcb17c5c2e0363d9cb928d7bf1e72f815553cebb88aa23d1c27dd3a,100644,0d8ddbe3bef0ad3dfcef37f2c18606ecea3b935d
ch_inference_for_means/figures/eoce/hs_beyond_1/hs_beyond.R,1346,caf517892c455f188d3fd038fd8c4e45bfc795bb6b93fad54e46c2b1c4a1c6c8,100644,be9aa06f2ba6aa4673099964bac2dd368611a4c6
ch_inference_for_means/figures/eoce/hs_beyond_1/hs_beyond_diff_hist.pdf,4617,d0d1948b26a762a45a310dc3c57565694083a0c687a1619aa656d86148fc3984,100644,eba41db950f1834e5499053dfa2d856c08ff6b9e
ch_inference_for_means/figures/eoce/hs_beyond_1/hs_beyond_read_write_box.pdf,8694,6559ff16de772d83570b19fe4b401216488a97e9a2ed452df374cfcfd15a5b49,100644,a43fa88da7b04840856850d20080bca8c36ac79f
ch_inference_for_means/figures/eoce/oscar_winners/oscar_winners.R,837,56a7bb5e94ce55710b4289e34bc15ab0b268295bcfd8aee86164fd6ed023bd29,100644,611a7fcf3cfc4d9b59ee868f4604f25a538e3249
ch_inference_for_means/figures/eoce/oscar_winners/oscars_winners_hist.pdf,74630,eb4fa163a06a69711f6eec328a5a79db9a5186786be5003df804b819125fdd0f,100644,c8fcbe513cd1812fe7078833c341440dc4f6329f
ch_inference_for_means/figures/eoce/prison_isolation_T/prison_isolation.R,1019,e06164371a39f4ebfa0fe30fe5575940184afd6f23055f5d2d5634f5b6cb3d89,100755,39e90d9543b1604c6735798ef5a40e22f5661dc5
ch_inference_for_means/figures/eoce/prison_isolation_T/prison_isolation.csv,304,ef05c4287b92431b8419d5ec38d5df5c5938a74adbca6d46a4b093f4ed2b75ba,100644,ceaf1807c7e3f52fa0fa5eee6954a6fdaf7f60af
ch_inference_for_means/figures/eoce/prison_isolation_T/prison_isolation_hist.pdf,4703,045f49c255a1c2fa64b5bebfd34f631addc36187598c73fc856c8a7d77c8acf6,100644,41bc179507db70072e8a918f4687f7b4d66cd7b0
ch_inference_for_means/figures/eoce/prison_isolation_T/prison_isolation_qq.pdf,5415,a9d956c8a58c83b61873f1c20935c65be274ac9d4876eb492152ba50280c3bbb,100644,6704d229b43b8fdc09d88b19b38cd040852879fd
ch_inference_for_means/figures/eoce/prius_fuel_efficiency/prius_fuel_efficiency.R,761,a37687204d73556e42b46adbf36eaaabfc8fd41cecac80e84a13ffe64a8f6f3f,100644,c0ebb7c6eb31aa6c91f7dc2efc87749e1f414b8f
ch_inference_for_means/figures/eoce/prius_fuel_efficiency/prius_fuel_efficiency_hist.pdf,4455,a5ea866b523fc2a2a3a5df7854735d807f7ad05c89e7696ec30497df0a6e42d9,100644,7bfa2cbf1d0f23e8e47a4019ccdcdd26bab5174b
ch_inference_for_means/figures/eoce/prius_fuel_efficiency_update/prius_fuel_efficiency.R,761,a37687204d73556e42b46adbf36eaaabfc8fd41cecac80e84a13ffe64a8f6f3f,100644,c0ebb7c6eb31aa6c91f7dc2efc87749e1f414b8f
ch_inference_for_means/figures/eoce/prius_fuel_efficiency_update/prius_fuel_efficiency_hist.pdf,4455,a5ea866b523fc2a2a3a5df7854735d807f7ad05c89e7696ec30497df0a6e42d9,100644,7bfa2cbf1d0f23e8e47a4019ccdcdd26bab5174b
ch_inference_for_means/figures/eoce/t_distribution/t_distribution.R,485,4d2b7380fba7abbdfc7a92bfaba09061b9666b49b52d9dde80be54cb5d2c985f,100644,7f88d83a135f04d461e9ba907464e249c98c6968
ch_inference_for_means/figures/eoce/t_distribution/t_distribution.pdf,17949,9bea5f900e1ff2f10d99217eb08378e637c8ec3a63f906fd250887b56e0e70fe,100644,052e0abfd0189872dc96d2a47fa722efb762ce60
ch_inference_for_means/figures/eoce/torque_on_rusty_bolt/torque_on_rusty_bolt (Autosaved).R,1012,5f5cd615a6c60a82f67fb5044186eb0ddbe79c460090850cd6f9f71b658541b9,100644,9b708671b8b403c05afc41e6de2c374339f0fee3
ch_inference_for_means/figures/eoce/torque_on_rusty_bolt/torque_on_rusty_bolt.R,1069,bfdd7c6b320428e9521869c2bafaeada074c1e634a6152361289d17975ce1c81,100644,cff9dbefb906a001fda070d4ffab313ff1abe90f
ch_inference_for_means/figures/eoce/torque_on_rusty_bolt/torque_on_rusty_bolt_dot_plot.pdf,6695,ec197b9cdd3a95a552b80f9043117b2755bc574d249fc58e4abf121f2e9049db,100644,2cc53bec00405944fa72131f55e9cccb20ca6c6a
ch_inference_for_means/figures/eoce/work_hours_education/gss2010.Rda,799542,185fc63999f22b9145b24871241c31c3a349de45de97be0355a8d9b611196796,100644,024f0be008055c384ea08d6606a9d539642e3671
ch_inference_for_means/figures/eoce/work_hours_education/work_hours_education.R,1219,ff7cb1483928ed607b45930e0e4071b572375d7260f42c895aa1a1e7ad7638f8,100755,a007e6948afb14b36bc0240286515007ecf42373
ch_inference_for_means/figures/eoce/work_hours_education/work_hours_education.pdf,6879,58cd5d89ed150d871580bce0d7fd89d2e7097c20284651b66e23670e21935458,100644,e02a6ce08a24f29c349bcda798b3adf3e8b710e4
ch_inference_for_means/figures/fDist2And423/fDist2And423.R,807,8624b11ff2791c4da2584d16dbb5c2d732c4c408742645d6217061bce728b595,100644,fd360057623a7aed190bf98a285ab033301de334
ch_inference_for_means/figures/fDist2And423/fDist2And423.pdf,5998,195252171f75288caaaf1319fb9509cda96e63cfbd396c0fe0be64e518fa3462,100644,afab97fe4bba6a2d21268fc9df64d746506e506b
ch_inference_for_means/figures/fDist2And423/fDist2And423Shaded.pdf,6402,b88efdb452a61d7efd4ecacefdac2d6caa9c0ff726bb3473780b55fa2561003e,100644,acfaca2ad7b7a9e6ebda9c647119e30e00e8a0ab
ch_inference_for_means/figures/fDist3And323/fDist3And323.R,665,b55ee9432d2103aa5d865e57f0a385d45815285d75709b78d5e8b0a644e6fb82,100644,a348cd2e9985b7871a6cdaf26aba62877fa55626
ch_inference_for_means/figures/fDist3And323/fDist3And323.pdf,6135,c8abe6de03d9257af13123c8a9ac10ba381b63b905d5232f7cca8fb5d2f95a5d,100644,25f8c8ea4e96864d1c6e88571c3026d16b2f6bbb
ch_inference_for_means/figures/fDist3And323/fDist3And323Shaded.pdf,6790,09cd3dca726728eecb29e7d454bfc414e2cb6415e5a4062f21f46fafa3621bf7,100644,6c0767b2732a57c84ffe7185b30c77590cb97c96
ch_inference_for_means/figures/mlbANOVA/mlbANOVA.R,3162,eb41d69276c0450756dd27e43660375259b08c6d8a0ca0b3586e3fe0d67b7374,100644,cc3461083e4f82adde5dab79f5764e4c17ec76a2
ch_inference_for_means/figures/mlbANOVA/mlbANOVABoxPlot.pdf,5347,fa4f123e110a696ddc0e89cf2f16d06701f27e8bd84c78b953b6d675e2bb2178,100644,89614793b7387b53ffa41c26b6560c65b1d4dc1f
ch_inference_for_means/figures/mlbANOVA/mlbANOVADiagConstantVar.pdf,5380,f00c7ecab34076e2e6debd9949638f68d1748cb4d121be2e89a0299b177dfc15,100644,97e0ceb6daa55093fc9343810197b9066721819d
ch_inference_for_means/figures/mlbANOVA/mlbANOVADiagNormality.pdf,29552,a4ea1abe93767ab492c935a6b60913e9d215835c64e68b3c90080946ba934bdc,100644,d0aef90ae0c60509c627c3048f308346e9c9552a
ch_inference_for_means/figures/mlbANOVA/mlbANOVADiagNormalityGroups.pdf,5900,b828a6b4b9dffa8448322d903f90782080cde8b35901e381d3fba6a2a834f1e7,100644,ebb740a51fd32a55c9d18c5dbedc9a5bc26b370a
ch_inference_for_means/figures/outliers_and_ss_condition/outliers_and_ss_condition.R,692,d6ff755fbb5b82d1ab7fd6b43faefb4330b430b5e8698d2da8d8f657d081dae4,100644,0eb365aa3222ec9ba7efd845c909f6b2c9428015
ch_inference_for_means/figures/outliers_and_ss_condition/outliers_and_ss_condition.pdf,5071,e3522b83b91e7897b843246727adc99c264b4ca4ead9dc0bc1b0793215307100,100644,c0fcf21fd26dce58e9613059042e2e78ba9d2cb5
ch_inference_for_means/figures/pValueOfTwoTailAreaOfExamVersionsWhereDFIs26/pValueOfTwoTailAreaOfExamVersionsWhereDFIs26.R,388,2a8118550ea35c653df13df2bda2e34d2fb866694eae4ec4586dda71aef19668,100644,0fe3b04bb8c665c247af079179fc93d67f52fe91
ch_inference_for_means/figures/pValueOfTwoTailAreaOfExamVersionsWhereDFIs26/pValueOfTwoTailAreaOfExamVersionsWhereDFIs26.pdf,8641,d39e6ecb7e207ba019d886b1fd598a8356339f2c6ee61df8d3683fe30fc97b9b,100644,26c7effdc1f40ce7ada64bcc5cf477f5a7fdb042
ch_inference_for_means/figures/pValueShownForSATHTOfOver100PtGain/pValueShownForSATHTOfOver100PtGain.R,363,b04a66af7257699599bff819312fcd60c49f86c4c2aecf90fb609aef7a66f645,100644,a16cb6bfc968ce160cc880bb9dfad645b0bfd364
ch_inference_for_means/figures/pValueShownForSATHTOfOver100PtGain/pValueShownForSATHTOfOver100PtGain.pdf,8616,e6d5f153e85a36201d9d54109048adcee5f7ab4e98d369adaf68df7ef1389da2,100644,21828d71e73b9b36d3b6e76713fe3c83f5b44dfc
ch_inference_for_means/figures/power_best_sample_size/power_best_sample_size.R,1583,a451712ca645b1ef9916e66481d353f9d9473e67d16aa72a87affae84e2e432d,100644,9bc2ee16f7f3a8d476b5213f910a585c2304414f
ch_inference_for_means/figures/power_best_sample_size/power_best_sample_size.pdf,13645,bf2f02edb972194c18d0709290739f6cc915b07925a344ea7ecfe56dfd465389,100644,0de3e721178ad75b8750394ea914c4a644953e54
ch_inference_for_means/figures/power_curve/power_curve.R,531,d1b0e3137fb03645582f9d6b685d7cd8c9cfc82490d38fef38cd3f79002b61d1,100644,40b87380f67c7f4551a77051958764a266429b9c
ch_inference_for_means/figures/power_curve/power_curve_neg-3.pdf,8330,508bafdd8e5e4ecfafe4073f9a8cfcdebc8eb8224608fe3b075527c428c82f56,100644,034cb8aa74f6d4e6e3c6188fccb8315c2a559d4b
ch_inference_for_means/figures/power_null_0_0-76/power_null_0_0-76.R,1214,623308a7f42a5655ce4f04bb17da4e4d8a4e46b46520d1e65d68a3c55975b2a5,100644,e34511b736de3efad08c1e4cefebccca04116e03
ch_inference_for_means/figures/power_null_0_0-76/power_null_0_0-76_with_alt_at_3_and_shaded.pdf,12736,3f03e2498b384a83658dc82762f947de216e5e4389d3444b60924b45be6862cb,100644,439038ed23bdd2862e8eabe917627d7e48b913ef
ch_inference_for_means/figures/power_null_0_1-7/power_null_0_1-7.R,2730,8154d7bd16bf0cf1a61cc5c93f430c28f7061f698a79da8da3c0fba93af83193,100644,3c3e0f2dc70f5af5d62b3726eac31b10ec80086f
ch_inference_for_means/figures/power_null_0_1-7/power_null_A_0_1-7.pdf,8106,78566231632e333fbeffc6de75389441646aad6273d65f3b777e3ea991c441fa,100644,fc720fd626c059a99db07eb674f4281696d851fb
ch_inference_for_means/figures/power_null_0_1-7/power_null_B_0_1-7_with_rejection_region.pdf,8435,66785d2d386552b6719fbac1a2da1f415cfb97a023ae03b79290399075cfff81,100644,ecee644efe1242dd211bfea516aaaee3c411ea7e
ch_inference_for_means/figures/power_null_0_1-7/power_null_C_0_1-7_with_alt_at_3.pdf,13179,b6ad8afa0ce40556ab0938d9df59f548a2e353476e93a6f5e5503a7e99a174f4,100644,e3f7292ec5fd079b7122d7015d979bd93666ebd6
ch_inference_for_means/figures/power_null_0_1-7/power_null_D_0_1-7_with_alt_at_3_and_shaded.pdf,13590,ff32fde20f7fd0fb559aa8fd414dc9e753817f07ef4ed40dc802993c10608277,100644,27353b57898bea74a78330d138a0e2eefd6132d5
ch_inference_for_means/figures/rissosDolphin/ReadMe.txt,119,51903690d2b3cd10e69431292a345a08e321ac06d390252e852f4deef200088f,100644,f88eab45c27b6c8295a3b579eeef031b228db157
ch_inference_for_means/figures/rissosDolphin/rissosDolphin.jpg,72046,591d0ba9d9a228e58f2e8841536b826847f219d68cf791d6740986b7768ee200,100644,fb522dcf4e592af3dba427d06dd05d86b7ce4451
ch_inference_for_means/figures/run10SampTimeHistogram/run10SampTimeHistogram.R,746,1bd20d0f8823555d2aefad5f93d884ed977b0541203b21de96ff89a4a3ef9fb9,100644,f0a35bfe85d2cd57d0a26d00b3d55f598ca7490b
ch_inference_for_means/figures/run10SampTimeHistogram/run10SampTimeHistogram.pdf,4636,d18930e2aeb56f187aed3fd07010c751bdb2de005e28363d30619095ea7dfd5b,100644,e02eb17a7519e4e154c4185123b1afcdd017292f
ch_inference_for_means/figures/run10SampTimeHistogram/run17SampTimeHistogram.pdf,4617,e7e21b8a3807dae74b8a82f970ff9096268c169260ab52688ead88d393d13270,100644,a07cb1c8d215abe3c4033567b569b92cb21162a4
ch_inference_for_means/figures/satImprovementHTDataHistogram/satImprovementHTDataHistogram.R,379,326137e168c02ca096676dfe82f1dd01a9c48dc1e94cfd63c2e318d771b2652f,100644,9c7d89b2d9a842c8538e12faf1057ed4b4ea092f
ch_inference_for_means/figures/satImprovementHTDataHistogram/satImprovementHTDataHistogram.pdf,19123,4d967304d4b6fef01760350e9395516714372b9582b8d002de6d1dd860b0a8d4,100644,b7fb4fbefda5278e017923ed7e5545015f2a2322
ch_inference_for_means/figures/stemCellTherapyForHearts/.Rhistory,26041,fc2213b8c6cc2b898de022520607901668f627e1f662808cfc0eafde1fc21a03,100644,eb65a46099a36de5a8f86f943208a95f863758e7
ch_inference_for_means/figures/stemCellTherapyForHearts/stemCellTherapyForHearts.R,1197,e725a353a653ba13f458b54a0ad42ec4bda9b3865a10ed405b96bbf68b5a6306,100644,ecdcdae9a28b2cce145b8d1cc58f4219795b8dd5
ch_inference_for_means/figures/stemCellTherapyForHearts/stemCellTherapyForHearts.pdf,5084,6152e690035fd28571bfc69b66f9ddc56e1b221d9738c3fde35dc8fd22d109f8,100644,5df84d1c8f089e1c04292dd2870caf2178a2f695
ch_inference_for_means/figures/stemCellTherapyForHeartsPValue/.Rhistory,28187,561cc0391814c7668afec64780e7c42df2913b0a7c70390e6c47a6d77236784d,100644,c0ed3b6ef4141b22d974562efe28e0450f7c8f2b
ch_inference_for_means/figures/stemCellTherapyForHeartsPValue/stemCellTherapyForHeartsPValue.R,487,b71d1ec7b765abd4d88342a694e2e653269d67cb56c8d0c465dba5f36d0be570,100644,324ec19e3d285d8e965e74bc0334ea6c49352411
ch_inference_for_means/figures/stemCellTherapyForHeartsPValue/stemCellTherapyForHeartsPValue.pdf,8709,ea3481646fbdfd4deb51202d187d20c1f51cbd37074bb6491119fce87d75155e,100644,cba5582af57594644b00278b9618ac6304846051
ch_inference_for_means/figures/tDistAppendixTwoEx/tDistAppendixTwoEx.R,417,d9ee276898c708cf0ab0d84e680ddca552fe12ce5f8636056e178a7f29746c6f,100644,62b1d523fb158722df20c27c6cb560f258c5494e
ch_inference_for_means/figures/tDistAppendixTwoEx/tDistAppendixTwoEx.pdf,12617,62d27aa5fe90a5728f028384915b28a90681c9ebf79feae330920eb802137d79,100644,5ece7b1e6f5bbefb96f11a8c0e185c7f67159fb3
ch_inference_for_means/figures/tDistCompareToNormalDist/tDistCompareToNormalDist.R,851,83f648e6925dee7255618614cc6633653db4c649feef1094a5afb83610512408,100644,7010e285ace44ce96174f2db49133a983fb8eefd
ch_inference_for_means/figures/tDistCompareToNormalDist/tDistCompareToNormalDist.pdf,15583,28470fe71fc00a899d6cae91c1572c26d7ee374bfab18e071bfb488034b1cd71,100644,faf04cc80d29f3f5771b21e6338a599f6df69b0d
ch_inference_for_means/figures/tDistConvergeToNormalDist/.Rhistory,530,054a686d839fea06d6f728e92001bb678be3f5316f992a944140b9ba54b6a594,100644,b4965d640be6289c326c964e24a4928be3214545
ch_inference_for_means/figures/tDistConvergeToNormalDist/tDistConvergeToNormalDist.R,797,bc4ce12c5b3d19c068119be7ce525225fe0222d2efa7bc6a6c264503eb494958,100644,f7bd504e9589838908a9c068eb663863a033913b
ch_inference_for_means/figures/tDistConvergeToNormalDist/tDistConvergeToNormalDist.pdf,19212,754dd5ab4ab301b060c3f951a28a653bd1c65a2d52e9eb348578582adac71160,100644,8808eabf851d607da898669df65eb03b76f969aa
ch_inference_for_means/figures/tDistDF18LeftTail2Point10/tDistDF18LeftTail2Point10.R,263,add4c26d6b865850a1d4bdca15a1673db64948483644798b72ae250de1f394f8,100644,6e208ab886aef3c5d95316b573343e9945256a1b
ch_inference_for_means/figures/tDistDF18LeftTail2Point10/tDistDF18LeftTail2Point10.pdf,24430,e1da0ef09eb01c68d5aec3ec9d4cedbbe6c705f031290ed31bdfc6b7eb46bb0e,100644,d320afefe09c8f5669bfd476a0927f3198ec4547
ch_inference_for_means/figures/tDistDF20RightTail1Point65/.Rhistory,30207,bc343e34a3f459b8bc3eb04b08a2864dabd75bebdbdf8efc1afad51c0718f026,100644,9dbc48a31d3bd0f500948a1e251b5f92fe0460f2
ch_inference_for_means/figures/tDistDF20RightTail1Point65/tDistDF20RightTail1Point65.R,425,d48f7853ec0dc24fe77d4f5924716d4b2e2146a8b23eab4e0aad1d3e9720c17a,100644,5f929fac5ac35e0ab6fd4d4c2e34831fc306057b
ch_inference_for_means/figures/tDistDF20RightTail1Point65/tDistDF20RightTail1Point65.pdf,13328,b2a7ae6e05ada61536a49703e215fed0252e70f23078086e34bd16c398d5465e,100644,49dc21fcc17db79bce45c1b4b5b03a4172a088a8
ch_inference_for_means/figures/textbooksF18/diffInTextbookPricesF18.R,574,4d6e8f39d9ca47c7bfdc1438165842a2663d3f3f0a1437a45551b2df6e7232f6,100644,1de186aac75df3c1248fbb48409545bee3942637
ch_inference_for_means/figures/textbooksF18/diffInTextbookPricesF18.pdf,4593,c8a3887d4393d63b7155bd2d57465a29c20a24752b45fa11b0be4e1dfb9be831,100644,13457a304522f61d7fad17ff7487cf3bc0239b9a
ch_inference_for_means/figures/textbooksF18/textbooksF18HTTails.R,627,655679629aed425d37e92afb65cc5d88ac7997ced3371f820b84e58ed1bf8b78,100644,a234a8bbffca7aea659af2bb7d7ac38cfba581f1
ch_inference_for_means/figures/textbooksF18/textbooksF18HTTails.pdf,9048,eecd4e9b7c537c03dc1518e600a9ed4fc72697fc4411ed5f1cc0e01e890dd2ea,100644,1968d070ee7276238d6875e23ea57129afe0473f
ch_inference_for_means/figures/textbooksS10/.Rhistory,165221,4fcd49d1016398038171df866e8b218ebe13d88672fe60088076375c3682c2e4,100644,40579524131f246d441d6d5a3df74b85c0e503db
ch_inference_for_means/figures/textbooksS10/diffInTextbookPricesS10.R,486,31776535c51341df381a77046e7a24e148c9bf9014a0d497184eb838a87092d8,100644,1edbf161f3c1bffbb2195235bae4afc319fd5962
ch_inference_for_means/figures/textbooksS10/diffInTextbookPricesS10.pdf,4609,4a44d90c1b51ee33b0976a95519123e398254c85ca88765c040585271c7db65a,100644,d02c47809888796f87abef191096eae62a666173
ch_inference_for_means/figures/textbooksS10/textbooksS10HTTails.R,747,94916b2b7c64a196713d76d7eb784dcc3772daedcfbe6e3eef00e8c89bdb3d2b,100644,1fde409f3b34a589304d65154377840071d9f378
ch_inference_for_means/figures/textbooksS10/textbooksS10HTTails.pdf,7466,abd5f2853cacf8b557632e31a454cecbbd098d38882b9ced41c89d398bdd2105,100644,945874e96557fc7d46d5ea43b26c6904716e8a3b
ch_inference_for_means/figures/textbooks_scatter/textbooks_scatter.R,1203,e70564069a1a4c77d79c5de540a2ceccfc74408e7d5557d1acf0a13e912c8b86,100644,a24db3497f3df9edd0d3a1a98ec2f69db37c0fc6
ch_inference_for_means/figures/textbooks_scatter/textbooks_scatter.pdf,8396,32156707f6c2a5b06443d4af6f309631d41865849a56ef0edd87a61ff3647897,100644,e503aa0aabb8ee0b807b5ff37b9ced992ed40206
ch_inference_for_means/figures/textbooks_scatter/textbooks_scatter_residuals.pdf,8447,3d5829fae9f8183f549454bcde870d2834937d698030934fc96865e5ab275155,100644,ed25b85c0274189f11437c285b9bba6f383cc69c
ch_inference_for_means/figures/toyANOVA/toyANOVA.R,1234,803fbe9b2238ac12197d9459f5bf200afca962e9b2ee25846350ad7c5202dda0,100644,3c2c9ecdc02e6c5ab4c0c139d9eacdd0ee9fca80
ch_inference_for_means/figures/toyANOVA/toyANOVA.pdf,11967,8fb87de30fa9df7f806c2f17adc56891eefc4a79ff2e7cae5097e41825b6dc01,100644,ee9f53209acb847a17a57fde5e56986a4a42dfc2
ch_inference_for_props/TeX/ch_inference_for_props.tex,103385,a2470ca3041209d1f1194b3ab27e8124405d8fdbd1ccece89a0319be13fae8a7,100644,8af2f5ba7f05a4dba9bfd6be87036d9b782e0328
ch_inference_for_props/TeX/difference_of_two_proportions.tex,16786,443eb8835af956fea62293b2ea6bb2e928ec311ac1981b0e2266fc092f3f8397,100644,7c7328970e2cec9e541115cc6f6bd1eff63bda22
ch_inference_for_props/TeX/inference_for_a_single_proportion.tex,13165,d78fcc296eb2ee985158e76d72822fd3c276d64e117325fa1c4af8e9059bf90f,100644,3d037d89cd88b1d1be419876bff2822a32f9c6db
ch_inference_for_props/TeX/review_exercises.tex,13065,04ce4115af4d1285cee79308a753f01fb3c2e7e018e4a93269f03bdcb973aa05,100644,753941fd7c2ce48a0e63c64103a6b7b26f04a7da
ch_inference_for_props/TeX/testing_for_goodness_of_fit_using_chi-square.tex,4151,5a57a04b123035c5b5762a98f2c94d4b27745b093ec1e7b0291edff75e995d4e,100644,c905167e23b5f61357b9d09ed0b2e96e8c796591
ch_inference_for_props/TeX/testing_for_independence_in_two-way_tables.tex,4558,5f22aeaa256054748f626dad74a279e57d3a098f6060dc057a9625f7b2259e9a,100644,bcc5b92094554bbab5b23b87246cb0dbc9d5c6f3
ch_inference_for_props/figures/arrayOfFigureAreasForChiSquareDistribution/chiSquareAreaAbove10WithDF4/chiSquareAreaAbove10WithDF4.R,229,8d74a23d20c698fb38d58f84d2ff57d5601fd11c8ad7d21a4fa547f5cbdc9faa,100644,071b07f63a82448666e3f554498c34b0434759cb
ch_inference_for_props/figures/arrayOfFigureAreasForChiSquareDistribution/chiSquareAreaAbove10WithDF4/chiSquareAreaAbove10WithDF4.pdf,5940,7c09a33946a9bac71fbb605ffe8410e8ace43f722a8170a3857a27f6ebffc26f,100644,412e134327554ccb36775c70ebfd7734215b8cb0
ch_inference_for_props/figures/arrayOfFigureAreasForChiSquareDistribution/chiSquareAreaAbove11Point7WithDF7/chiSquareAreaAbove11Point7WithDF7.R,237,e37cb42dbce8975ab9d1ba3ebe3942b999ca5cd7dff78823e359432673c7ea22,100644,159a17250fe1f879cba46986e0d968407ad5d5bf
ch_inference_for_props/figures/arrayOfFigureAreasForChiSquareDistribution/chiSquareAreaAbove11Point7WithDF7/chiSquareAreaAbove11Point7WithDF7.pdf,6132,03597db6f1a5d718dc9bbaf9d0d82c30b9ba07b2bb68d7d3ab22f759d741f19b,100644,d97380c83be69e07a9db5d932790f52dae01b4ba
ch_inference_for_props/figures/arrayOfFigureAreasForChiSquareDistribution/chiSquareAreaAbove4Point3WithDF2/chiSquareAreaAbove4Point3WithDF2.pdf,5744,ffcacb3cde7dcf56834d8d9751836f145a531a8de645f6b02e73acf7866b7fe0,100644,34806b686ee6e2740b5de962cdc5dff392eded86
ch_inference_for_props/figures/arrayOfFigureAreasForChiSquareDistribution/chiSquareAreaAbove4Point3WithDF2/chiSquareAreaAbove4WithDF2.R,235,af9b42c5e17a1f377007c20ccef1b76376625b89d2c7555d48da7a1f6e71f313,100644,8e74a38718f34bfffe9e6c46e815181fe7b8e559
ch_inference_for_props/figures/arrayOfFigureAreasForChiSquareDistribution/chiSquareAreaAbove5Point1WithDF5/chiSquareAreaAbove5Point1WithDF5.R,235,4347f8e2ac1c54a5b1adcd8e074ed721dacd9e6dff9e7d26514d85c9c75aa502,100644,15226dc991e1d789440cb7284a5af9a707ce40d2
ch_inference_for_props/figures/arrayOfFigureAreasForChiSquareDistribution/chiSquareAreaAbove5Point1WithDF5/chiSquareAreaAbove5Point1WithDF5.pdf,6062,55358cb9df18dd9226c90ba8bf51782a603b7ac9a5ea65b2bfe72fb9d6e0398f,100644,62e4c5bd5fbd5fecb054a76e9538ba07881465b0
ch_inference_for_props/figures/arrayOfFigureAreasForChiSquareDistribution/chiSquareAreaAbove6Point25WithDF3/chiSquareAreaAbove6Point25WithDF3.R,237,ef64ad7126fd30b039154d75cde8d73f0dd709eea770ef5aa5cb583578778fbe,100644,fdc61e8d30a7ee4ca23f8d690b8fed115fbb1f5f
ch_inference_for_props/figures/arrayOfFigureAreasForChiSquareDistribution/chiSquareAreaAbove6Point25WithDF3/chiSquareAreaAbove6Point25WithDF3.pdf,5842,1966f87fb2dc6a80e1e7513c02bc248f1dc9dd952a7373f1c9e2d9772cb19b29,100644,cdefde1c9cf843ca6c2a481f97020a8a20e97230
ch_inference_for_props/figures/arrayOfFigureAreasForChiSquareDistribution/chiSquareAreaAbove9Point21WithDF3/chiSquareAreaAbove9Point21WithDF3.R,237,eea02ee66eacfa2e7eade07613af50451eb1cffdf547abe77e15fd6433dea39e,100644,05b2d76f738f68d121bcc2d56a78058a26a3f8e3
ch_inference_for_props/figures/arrayOfFigureAreasForChiSquareDistribution/chiSquareAreaAbove9Point21WithDF3/chiSquareAreaAbove9Point21WithDF3.pdf,5833,100a244874e4fe4c2a66467fb540443215f54b0179549005c1b0fd634c4b1dd6,100644,f18c115826351206c4adece0f907d384b72546ba
ch_inference_for_props/figures/bladesTwoSampleHTPValueQC/bladesTwoSampleHTPValueQC.R,519,b2b32950303284f2b2da7248e449100a9d87c29d4e3efc1bcd3fe2fb3465004c,100644,eaadf814d7dabdc0011117d5f2061df3101c75c8
ch_inference_for_props/figures/bladesTwoSampleHTPValueQC/bladesTwoSampleHTPValueQC.pdf,7951,c55e8a93fb1bf0557257ae8b0baf5a1e57f521816411913ef9d658ec51876500,100644,b6369df47adb8950a51e3ab004c04e2b95a50130
ch_inference_for_props/figures/chiSquareDistributionWithInceasingDF/chiSquareDistributionWithInceasingDF.R,741,fdb1620322a3e0aa737f5b980211f3097cc59501b0f91ec10316dd010ad44c2a,100644,6080bd4de81e0a9e47b7c4f4e97f3fe62ccf01af
ch_inference_for_props/figures/chiSquareDistributionWithInceasingDF/chiSquareDistributionWithInceasingDF.pdf,11998,78ca28a7f9c8c0584ac3d72cc6f848a197e85304c34630854ee1bb4543bc0698,100644,65dec53bed56484a21dacc3165df569fc73cb702
ch_inference_for_props/figures/eoce/assisted_reproduction_one_sample_randomization/assisted_reproduction_one_sample_randomization.R,1525,854ecb17d03d9ca3e5445f811a5f035d8f55051efd9c4205a5cb2dd2323b8d2d,100644,47dc5cccc6b2dd605dc9b4f94cd3dcfe42a6e274
ch_inference_for_props/figures/eoce/assisted_reproduction_one_sample_randomization/assisted_reproduction_one_sample_randomization.pdf,5467,f0bf933d1e8d4b6a7f78c4af56a77a910572f888834f8de76f76e519d0dcf3ea,100644,a9436800df2429b43a09b6456054d399af55330d
ch_inference_for_props/figures/eoce/assisted_reproduction_one_sample_randomization/assisted_reproduction_one_sample_randomization_soln.pdf,5654,cc16dcf971b4b76d5b0af92dd2a0d407368847393cd0ff65f9744407beb13acc,100644,d9b8a5a59c2ce2dda7644dce982348ca6219257c
ch_inference_for_props/figures/eoce/barking_deer_chisq_GOF/barking_deer.jpg,154665,45a8a8ad1f2ed33250329ac2c4846d16c2ad49e67d7a442f29584c83a2b4ee22,100755,86c52b9ccb568159e644c52537dcd1fbb8e8dfa2
ch_inference_for_props/figures/eoce/egypt_revolution_one_sample_randomization/egypt_revolution_one_sample_randomization.R,1501,5ab57c2c64ffa2fad2680f063c43bcf7d9dc9b5f98129cbc5fccf94abcdbffe4,100644,1dab1757b97a4e7950fafac8f9f08e1bd1cb5f5b
ch_inference_for_props/figures/eoce/egypt_revolution_one_sample_randomization/egypt_revolution_one_sample_randomization.pdf,5321,bd5ff4d30fc8726b15bea94180f57741f8c2e47a7b79696579a0f7693d49f7e3,100644,dbac3713b212724d5710d4d3ce11f5e88cb498bb
ch_inference_for_props/figures/eoce/egypt_revolution_one_sample_randomization/egypt_revolution_one_sample_randomization_soln.pdf,5578,8f47bab7bbfe78781ab246b40776aa830b30794cb7951c7584d2fea3ac850c49,100644,5e323a722575a70a5bf13f91e419c6444e1bd5c2
ch_inference_for_props/figures/eoce/social_experiment_two_sample_randomization/social_experiment_two_sample_randomization.R,1933,0f020d9726a1c662320599d2fd6c367ab9349576887a4127594bfd7dac2d45b7,100644,fe183ac296df46b674f74601f5c9eb3bcdce1209
ch_inference_for_props/figures/eoce/social_experiment_two_sample_randomization/social_experiment_two_sample_randomization.pdf,5433,cb385158a065206cae6fc9d9a3a0f137d17b40c627562b99319d153802e054c5,100644,c45adc5704ae56af4e02d2249011754b18067266
ch_inference_for_props/figures/eoce/social_experiment_two_sample_randomization/social_experiment_two_sample_randomization_soln.pdf,5618,efef2d958c647018260e77db57b11712d45bf25044dce98a9ce97d3ca51d6c03,100644,1046405440f0ff662dfb3d7b7d8434ef5576df45
ch_inference_for_props/figures/eoce/yawning_two_sample_randomization/yawning_two_sample_randomization.R,1722,d4bacc6f893c246cefa0e6c955562e4f130232249a6e0462772c38d9e93f6892,100644,5286fae23e4fd70348994025d5902c71f6af36d1
ch_inference_for_props/figures/eoce/yawning_two_sample_randomization/yawning_two_sample_randomization.pdf,5889,18431d2e7a976b4bd8c08feab03ac808307dafffee3bf9fafe60148255d4daa2,100644,ffc4881146a977172fee18fd711f5b0eb6ebcd81
ch_inference_for_props/figures/eoce/yawning_two_sample_randomization/yawning_two_sample_randomization_soln.pdf,6056,157666bd5de0ffde5a14e99ca9b9ddd77db35e09dbda37d814f3b7962a978d9c,100644,d2262439bfb9ffecb458562facd1668cdd74a9d6
ch_inference_for_props/figures/geomFitEvaluationForSP500/geomFitEvaluationForSP500.R,1291,91728b5ccccf3e9cb473a29c12bd872dd7e6786e24a2e1f2184cbd6e0e3e8508,100644,c03b00c20f27af763dd90bfa2f932d35de8ecf69
ch_inference_for_props/figures/geomFitEvaluationForSP500/geomFitEvaluationForSP500.pdf,5356,6bee90022a0d24498b37e4aea7db27f6d03720e3b285d41d57b3beafc57a8655,100644,e935c4cb5f6c48fb086ae9d88493f5df06775b9b
ch_inference_for_props/figures/geomFitEvaluationForSP500/sp500_1950_2018.csv,1301875,fb4271bbb4284c03848eda46624734ad37e1b81ca16258385a160c1aa459dd6a,100644,7e341ec33552595efa1c30431d4c2496c361b2f1
ch_inference_for_props/figures/geomFitPValueForSP500/geomFitPValueForSP500.R,395,e5fefdad61bfe5018ac7c3a7ad94c7b0b62a1467e6e1fcbf77abf14521fc873d,100644,9d3df2493f8c2fbf015e048a41d8623e7d9271ca
ch_inference_for_props/figures/geomFitPValueForSP500/geomFitPValueForSP500.pdf,6231,592a45f22d8265a8603b24ca13955dd2d4dcdb7a42bc7c1131ef04652870a4d2,100644,36ff5bf2eaa132011dcdffba8b08b71a35c84733
ch_inference_for_props/figures/iPodChiSqTail/iPodChiSqTail.R,368,16c6c2d5167308537e38b4120ece9e841f6d41d532d9dab32e744329d319d543,100644,a013a95436aaa3106cea58ea6e4b3905df64138b
ch_inference_for_props/figures/iPodChiSqTail/iPodChiSqTail.pdf,5719,789e9da58ef275f9996f2414cb53ed5edb134b9df2f3f194e7be42d7ce810403,100644,aa7f2681ec684faeb54e34a90409322211d01691
ch_inference_for_props/figures/jurorHTPValueShown/jurorHTPValueShown.R,232,9b4f367cf73168f06fd06e99a262e0cdc9d3ddfa40931330c8332ae45d322990,100644,3b02b8b1f9189bca8715c7bf4729a632dadaf2dd
ch_inference_for_props/figures/jurorHTPValueShown/jurorHTPValueShown.pdf,10328,9d645e951758c79ca59f49ef08056420a12a98b491b6b345de24bb12cc64651d,100644,d90343291eb6431400e818352c8123d8ecaab0db
ch_inference_for_props/figures/mammograms/mammogramPValue.pdf,7879,afb58f46da385a6cde4f434aa46a1329ac8113753fbd79d1b3b6e5b023f719cd,100644,3747f1ddb306fd250e5871d608c7400c00a5bd12
ch_inference_for_props/figures/mammograms/mammograms.R,396,513719c186f5119b9b0ece7a22cb76db728d826f8c1833ee02ee9fa14baa28a9,100644,e151a571842f726935c398e8348b733068658baa
ch_inference_for_props/figures/paydayCC_norm_pvalue/paydayCC_norm_pvalue.R,194,4ba84bd970060ed38ea3ecc0596f608e94a816b64b8230c5a602e342cd8c046e,100644,c88ced2f1d1329a4e6ae9fa130d367b58e05866a
ch_inference_for_props/figures/paydayCC_norm_pvalue/paydayCC_norm_pvalue.pdf,7912,d50eb71ff792475cb6908ffdd625744aff4bfb45fd20566c0f020bfac33a7b07,100644,a93ac02532bcb915a090482595946f0c43f6a4e4
ch_inference_for_props/figures/quadcopter/quadcopter_attribution.txt,96,accf369aa9891991cc3799edf7011b5a53e4e8bf4f069ee33313e146f5d51199,100644,b1a8e7ab9d0069c5e11976db1e3184c811f52e47
ch_inference_for_props/figures/quadcopter/quadcopter_david_j.jpg,1493656,1db88d4694e0dbefe6187ea3f671000bf90928466d0fb8268524b2172cb0d260,100644,6dc2a04713e53a534cabb6f7ca2d5e630a4fe4de
ch_intro_to_data/TeX/case_study_using_stents_to_prevent_strokes.tex,4595,97a1e3a6c56171e0058d4893329b1f329476636844dffc77c791816b0b87f861,100644,6b87207bb7d87b9bfe44618d39cb9dd5a235d904
ch_intro_to_data/TeX/ch_intro_to_data.tex,69760,26737f9b6863fbe1516007c3034a6675b62da33e84ce0159c4b099c77bbf393c,100644,d5e584bc436c719b83b1aad0a1572fc64ee7593c
ch_intro_to_data/TeX/data_basics.tex,14376,d35d77435f25272647d1022547855dc6a7bcd4a4c1bd5126d9d5bde213398171,100644,ba6d1c9c43b7d5d301b688c7d0f76d2a1f5ce4a1
ch_intro_to_data/TeX/experiments.tex,4566,c4f6a332d93d192fd699150dbc85c349a92b5256061aa6599a690d5dba31ce04,100644,9a46c62c39215c8278c6e20a6515b61ccd4c2717
ch_intro_to_data/TeX/review_exercises.tex,13671,7e660f5fd14c1dc8b838ad48dfcad7da74ecef17517d43301fc83c5a04e4b91a,100644,83e9adf7fff15493dc3abf098df63193ef9750d5
ch_intro_to_data/TeX/sampling_principles_and_strategies.tex,14304,81e61562ee3f3b7fe173cd9d8c16c6e721e4d3015e8429708de9ba86071e151d,100644,ecbf1d9d7fd026e9aef2f2f06d513ff114f376d8
ch_intro_to_data/figures/county_fed_spendVsPoverty/county_fed_spendVsPoverty.R,821,4d2a3c3261e61147da847e0e3b98358af41c240073c0463eec7afdc57ec480a9,100644,0a971adcae8147ba7986df2277b729cef63e4431
ch_intro_to_data/figures/county_fed_spendVsPoverty/county_fed_spendVsPoverty.pdf,194134,7bb06564ad63118c47878c531cf23d4095ce87631d925dce1db414c01408c329,100644,40b007e6e92768afe9d008f795b305983a8d50e0
ch_intro_to_data/figures/eoce/air_quality_durham/air_quality_durham.R,2150,ac4fe1d8b7e56ef760ff97acbe9d7bdec1216bf485fdefd66c86c6224bbba888,100644,cac349bed1e8a767a6b429d0de603b52f4a274f5
ch_intro_to_data/figures/eoce/air_quality_durham/air_quality_durham_rel_freq_hist.pdf,4487,4f13ab9e61d1368ceeaa28f9761db94384919cdfaeffb46c462d0aaaee1a30c1,100644,1f69b99d7572cb9cf18ef949d287119b140ce48d
ch_intro_to_data/figures/eoce/air_quality_durham/air_quality_durham_rel_freq_hist_soln.pdf,4643,fe60eaf6acf34a5089998c2eb8858b8ada2c06f813febbc9d9fa130c1cb237a1,100644,dc7d20580d35eab562f73e95e4ed078a5b747660
ch_intro_to_data/figures/eoce/air_quality_durham/pm25_2011_durham.csv,85096,c8e94654cae47b17daa306b8f306780e08a485ecf175812334d5185ce441ef69,100644,82583c3473c5fe2702ae62ecfa44389e3eb38c42
ch_intro_to_data/figures/eoce/airports/airports.R,2817,18ab3e629cba95f5b76225d4c19864e77308122ecb9e662fa9eadd73b18da74d,100644,53f967540720837f3eedacf3f7f2ee8efcf6b839
ch_intro_to_data/figures/eoce/airports/airports.png,1010814,c6876800667b58acd14d80c8a8c5f216d259a96f4d4ee0849bc672b97618a3cd,100644,6ae108caa14a653fd6b1a4e31fed1735f914829c
ch_intro_to_data/figures/eoce/airports/data/cb_2013_us_state_20m/cb_2013_us_state_20m.dbf,8434,29f68d2bdcc4dc08073fc9ed76d97556caa78f462e90ebde06e2b7f590d4ac32,100755,b1a599c533072fcf6ff630e09e0275a4f09421a0
ch_intro_to_data/figures/eoce/airports/data/cb_2013_us_state_20m/cb_2013_us_state_20m.prj,165,0b9041e921d9ebb43247d314608fe9e38a0b008ee793067fc1806199ea1fb9dd,100755,747df588c20bbd0050718b6e024048becb8492b8
ch_intro_to_data/figures/eoce/airports/data/cb_2013_us_state_20m/cb_2013_us_state_20m.shp,742616,905d4d5a3e896eb7dbe97da8390e05faa0bf633144cf191470f1d3324afb969c,100755,e0ce877973b9427a2eaa27d13338a071fad1629c
ch_intro_to_data/figures/eoce/airports/data/cb_2013_us_state_20m/cb_2013_us_state_20m.shp.iso.xml,30571,a8f7407e045c657a5706f3072ab81cf8756c3b7e15f57750bc089e761d386739,100755,42bb8f18bf4ed630fb830f8a8c7b223c6a16f8f4
ch_intro_to_data/figures/eoce/airports/data/cb_2013_us_state_20m/cb_2013_us_state_20m.shp.xml,17580,0d680d3bcfef870dc601f7db25acd8bd1669f4900fdbceee17f8dcd344ed9534,100755,5ed791a841c0a000e45b2f06a893876ded78e044
ch_intro_to_data/figures/eoce/airports/data/cb_2013_us_state_20m/cb_2013_us_state_20m.shx,516,50ee9b1997b1ba8d60292b5cf8833f3c13b07f2939bb930a8a60facf3b25b32b,100755,25588a8d446ade630445c8c05a683b5a85211b15
ch_intro_to_data/figures/eoce/airports/data/cb_2013_us_state_20m/state_20m.ea.iso.xml,22584,081bf04d10568b8880235a337b5c998c9bf46d5f421c0fe568e1741757e5eba2,100755,f0b02788a49c5aec86eb72dfb3d2d8667c3dcdfa
ch_intro_to_data/figures/eoce/antibiotic_use_children/antibiotic_use_children.R,1349,e6e942b0c28de0486368265b8afd70c2c4d54b123bbe2c880b8fd2333f175873,100644,76ba8525b36ff8c1f70d0aea5e755d3fccd5bed4
ch_intro_to_data/figures/eoce/antibiotic_use_children/antibiotic_use_children_bar.pdf,4504,5b69fa4d80602151de88a14ee3e10c306b8ba1360da3062621bbc83ca859d4d0,100644,aa3ab9a32f8a25a62a07e73803c48f108d0ebf51
ch_intro_to_data/figures/eoce/antibiotic_use_children/antibiotic_use_children_pie.pdf,6077,476db9b5e991426d4b081edf1a5a65727880731fbad6b32e2f798e7e90774d42,100644,91170eb16fa906b051f4ce8f6cbf201b1554099d
ch_intro_to_data/figures/eoce/association_plots/association_plots.R,1472,fb83a25c6463ee4577eeeed2a36d3ef02b8fcd9aeed8fc3569230d73d140a1fd,100644,bcf70822a91fcd65d50eaf0407c1ede42e9c71da
ch_intro_to_data/figures/eoce/association_plots/association_plots.pdf,7425,04635998fa497ea665bfffad99ed4a35f28ebd4d26cc96627b3b7a7d4bbe4b63,100644,093730aa2b611cb8936267d5dd9fc659b450dc4c
ch_intro_to_data/figures/eoce/cleveland_sacramento/cleveland_sacramento.R,1335,0ceb3d55f348a40efdbdd7119c02b17ab935c346b0778e9d03d1457c2aacf305,100644,5b0c61482135d8b196fd8a620b82074cd1319dfa
ch_intro_to_data/figures/eoce/cleveland_sacramento/cleveland_sacramento_hist.pdf,4867,6827e5f7f44613d2b7728297db9c12174a2cbefb1cdc1051c94832ab165ae464,100644,306bf339650f4d56e5328d8458899287468d3ad1
ch_intro_to_data/figures/eoce/county_commute_times/countyMap.R,3124,c35720326cd8a2a84811c3d548e2fccf11d7700dbcf38d5c9fb8e8115c4b828a,100644,64bfce4566c9c2a55842418dd7391cf7df1f0785
ch_intro_to_data/figures/eoce/county_commute_times/county_commute_times.R,1023,2d15caa55055be504dfd066157c9c782948866643d2a77adcc5a7e817be4955c,100644,3bbe1a34fc05a29ccf63696afdbd3d7caf432cb7
ch_intro_to_data/figures/eoce/county_commute_times/county_commute_times_hist.pdf,5289,96c94eaf950c0e6cda1255a89431707f05e79af61bef50c314532394ce7e3867,100644,0c7fb57207f51862553369a92c3ec756156a9711
ch_intro_to_data/figures/eoce/county_commute_times/county_commute_times_map.pdf,391930,7f83f6a566121ae26c31099846f26956fa5a8899832b9c977927f798d711ee3c,100644,f6b592ca1f68cacc4e42678b9511193f0cd43462
ch_intro_to_data/figures/eoce/county_hispanic_pop/countyMap.R,3124,c35720326cd8a2a84811c3d548e2fccf11d7700dbcf38d5c9fb8e8115c4b828a,100644,64bfce4566c9c2a55842418dd7391cf7df1f0785
ch_intro_to_data/figures/eoce/county_hispanic_pop/county_hispanic_pop.R,1286,d9c48b661bcf8c34c1a0a93375b7c6f8a7197a59b88ae4c8f952d3c52b8c008d,100644,ee6f32bc618ed452f1daf7616c99a6c2bbff9100
ch_intro_to_data/figures/eoce/county_hispanic_pop/county_hispanic_pop_hist.pdf,4825,128890d74c29650d2b01e7dcc3f07e2b061d385217502225f615bf4fa2f200b3,100644,3df44dffe58520e875822560c80f4835cdad0ba8
ch_intro_to_data/figures/eoce/county_hispanic_pop/county_hispanic_pop_log_hist.pdf,5260,64e2e7d94af2956fb50b45d8ccb552e6c934f3b0271259b148f299b356a356b1,100644,dd414a0cbf7ceb9860468625a89c8b990e1ec34f
ch_intro_to_data/figures/eoce/county_hispanic_pop/county_hispanic_pop_map.pdf,388755,9f04cd86c941db6100f00b7e9c03af214997600d0aefc19f6c05a85958faaa8c,100644,ab96607c61acb359e61ac57f9f9c56db3d9ca44a
ch_intro_to_data/figures/eoce/county_income_education/county_income_education.R,800,be03706ee9f6a6a5ae66583d2d17ecf6c6cf65c651fcb501023f65458a334f40,100644,fef2e2da88f5c80a55a1f6d216b3020aa3b29ef1
ch_intro_to_data/figures/eoce/county_income_education/county_income_education_scatterplot.pdf,179753,7a640bebd64d0c716b6eba0bce8a7b4db5ad528229f90a9abf0c7214dac0b435,100644,161f771b3c26b7f7f5a9c5b255ce2d78327932f8
ch_intro_to_data/figures/eoce/dream_act_mosaic/dream_act_mosaic.R,897,211764b3a529b414563b2f3dc4704952dbb7edb15028911382dcf344af0d1cc6,100644,293e263a41d2af293efa74a41b441427c79683fc
ch_intro_to_data/figures/eoce/dream_act_mosaic/dream_act_mosaic.pdf,4373,85a5464cd6f03a948b4d6e7686f2afbf6f519d6a298a086a27be72afdcb721e3,100644,f431289e6351cd0275f5730cd01b8af238bf8542
ch_intro_to_data/figures/eoce/estimate_mean_median_simple/estimate_mean_median_simple.R,602,56e6fe3daecd1c9234948143f7bb2dbb44c31a293f6fb6694550086e16876e75,100755,697017ecc6a088f0caff00fd0c3ac374ae87dfb3
ch_intro_to_data/figures/eoce/estimate_mean_median_simple/estimate_mean_median_simple.pdf,4746,858530cab1c2217139e7b6af69ede18e84a8da681445c2ea76d1b98c5af05a75,100644,4c5068a390511213183716be83f4e7cc7ebe7377
ch_intro_to_data/figures/eoce/fisher_irises/irisversicolor.jpg,247084,fe1818495d1e744706762a1b589f6274941a0114dcc5feaaacee6a91274a8839,100644,6fd040bb5f40c947376fc86277a99d16b16c8d46
ch_intro_to_data/figures/eoce/gpa_study_hours/gpa_study_hours.R,914,497277d436fc2caa77063b343bccb79bac7b18d550ce38cc7bc4742bf03b89f1,100644,ace9451083473c5532ded358a48f79e5a1dbedb9
ch_intro_to_data/figures/eoce/gpa_study_hours/gpa_study_hours.csv,1422,eb0b889f9a8aee24f93bf77d292c9425ff1e1aee39c7623486657cb8e1671d8b,100644,999abcfa37ac5da29ab916c6d227668d6f9f5fcc
ch_intro_to_data/figures/eoce/gpa_study_hours/gpa_study_hours.rda,871,df3c8a2292d1be88c6ddb56b56afb03cecc2f686e716cbc86e55cf04828bcaaf,100644,faf4e2e7d814f5eab292dbef8f063f2b2447fe11
ch_intro_to_data/figures/eoce/gpa_study_hours/gpa_study_hours_scatterplot.pdf,14376,c3da281e6dbbe6602cdfc4340aa8bc27a74b03ff92fb7e7e18a76d7d37e3cad9,100644,31042d712c85ca4511d18265d0b088277a1e7274
ch_intro_to_data/figures/eoce/hist_box_match/hist_box_match.R,966,7889dc8a35e3e27eb65852d445c4d51a800c0ae34069f3f47f8b0a676bf8cf99,100644,58998e172a43818db920060d2c74b7b20dc6b26a
ch_intro_to_data/figures/eoce/hist_box_match/hist_box_match.pdf,8060,86cc856f21fd5824fcc33481918abeab2abbdc608152f769d02de9a9d7d853d9,100644,61b2870b49366a41e300da5d9a220977269f8060
ch_intro_to_data/figures/eoce/hist_vs_box/hist_vs_box.R,697,88f9185bb9772e457b6480c6ebe314583de1246cdd4eb6976e51c4dc62a59b15,100644,c8b546f6f7b3cccb06eed9ac21b61dff68469dab
ch_intro_to_data/figures/eoce/hist_vs_box/hist_vs_box.pdf,5399,edae7d75617032265cdb78d1f938d69838255343407f51346902b14f3931e695,100644,ea89745cdc57e8644c51071148e45523fc03c7df
ch_intro_to_data/figures/eoce/income_coffee_shop/income_coffee_shop.R,1463,b91a34e60bfac4a3681dd64ddb44d1340f7742e91a625d76e284bd215aa7b87e,100644,149efa55d7c7638189b286c8c536e020ebfb2a18
ch_intro_to_data/figures/eoce/income_coffee_shop/income_coffee_shop.pdf,7296,59de55aa1aea8968e22b5b0c31a5fc0c4b41da7efd23f73d8950ecb652d618b2,100644,9cea9d3d73c4622306473a8c3564756fa314db4d
ch_intro_to_data/figures/eoce/infant_mortality_rel_freq/factbook.rda,10138,4843576c765049344074a81f258e33fd79fe3107fee7f026cebe469210253918,100755,3e616a50aec8d17a73a7990817bd463b493bc299
ch_intro_to_data/figures/eoce/infant_mortality_rel_freq/infant_mortality.R,2319,58b0c93b757d7ccddc82b8c2a55cd14264633b9a22eba6e3c0da5925c1d2d90c,100755,116c666f291048dde2aeb7d03b4404cfbc691fa5
ch_intro_to_data/figures/eoce/infant_mortality_rel_freq/infant_mortality_rel_freq_hist.pdf,4576,2eab0f770b3e2ea4fb8ce60b53cd6ad0bba66db3efdfafec191769ad06de4af1,100755,6c5c3dbf527d39e5580a40af81bc5cca805d1537
ch_intro_to_data/figures/eoce/infant_mortality_rel_freq/infant_mortality_rel_freq_hist_soln.pdf,4718,c64fdde5af3807fc832daa7c9d226f2479a54cd1f61cee199fbb2080cc8e4a91,100755,9b1f277b7e95890db245559c51fbde7d7586549e
ch_intro_to_data/figures/eoce/internet_life_expactancy/factbook.rda,10138,4843576c765049344074a81f258e33fd79fe3107fee7f026cebe469210253918,100755,3e616a50aec8d17a73a7990817bd463b493bc299
ch_intro_to_data/figures/eoce/internet_life_expactancy/internet_life_expactancy.R,1045,4e2d43f33e744b3e063d850e074f347320de33a2163dc4846de577d2498a38a8,100755,b7f1b386ebc4514305c069a018e7e21db444565c
ch_intro_to_data/figures/eoce/internet_life_expactancy/internet_life_expactancy.pdf,17173,fad2e082ff380d1e8b1fe2e08cfab5694a368f907a8b407eeff5a474bb2d4f80,100755,84ab58cd7c49f8dc3b241be1009bd5aa2fddccef
ch_intro_to_data/figures/eoce/internet_life_expectancy/factbook.rda,10138,4843576c765049344074a81f258e33fd79fe3107fee7f026cebe469210253918,100755,3e616a50aec8d17a73a7990817bd463b493bc299
ch_intro_to_data/figures/eoce/internet_life_expectancy/internet_life_expectancy.R,1131,ba886ab6a73861a22503768d0cbe5111f57cb2d23a9ed80d8f54889be3529794,100755,3a01d58305024cef3d57084e89f90bea9a8331a0
ch_intro_to_data/figures/eoce/internet_life_expectancy/internet_life_expectancy.pdf,17244,f7d064fbfaa26f3913c7eb861863e140fa4f03939f2961b7bed2ec5aedbb9f0b,100755,7b8ca71a36e525273cfe142903a0a4c2b5d9f811
ch_intro_to_data/figures/eoce/mammal_life_spans/mammal_life_spans.R,751,abffdfd8d96bbd3017c8f05584a801da6eae0fc008de9994ec0f908ff275b1da,100755,1e5106c3b0918ae34fba300f04b0365e029892af
ch_intro_to_data/figures/eoce/mammal_life_spans/mammal_life_spans_scatterplot.pdf,4981,b13478ff6bd0d1b93d56b7c38664f3c5d99e2e76eaddd568f8187afb47b1dea5,100755,9c101b7a57d5b585a5efd7a64976199bd407b684
ch_intro_to_data/figures/eoce/marathon_winners/marathon_winners.R,1997,49aa5ef3eafcbfdad387b1d4686ecba797e56c7406190d918315d551f53f7caf,100644,3e8af61837dcadfaa0450ee64f6512acef28c5e7
ch_intro_to_data/figures/eoce/marathon_winners/marathon_winners_gender_box.pdf,5390,63631ae6f7d5812e60447ea263f3edbfd6f64d6023a18f5f7b1b91ee6e319d9f,100644,cffb9bae0f8e9995120b97f598099e6f822113d3
ch_intro_to_data/figures/eoce/marathon_winners/marathon_winners_hist_box.pdf,5228,040871d0206811ae78530a75a7c6dbf1f8bad4b198637400bccd1ac170ff5924,100644,032480b4db1178435b308650d79f3c78bc11de55
ch_intro_to_data/figures/eoce/marathon_winners/marathon_winners_time_series.pdf,5564,759e134a9ed483b1fea6a1dd97a8987e040c21d2dfe14b25d860aa1e49117ee4,100644,8af130469e6de58efb3a50f7984c0f2db69eafc2
ch_intro_to_data/figures/eoce/migraine_and_acupuncture_intro/earacupuncture.pdf,78501,e3f5cf770982fa51b081f5f0a62d6fd4b2ea2823c595eec510319f238241040d,100644,995aa1f92d24b2b47720c65210a9b5b59da5cc47
ch_intro_to_data/figures/eoce/office_productivity/office_productivity.R,396,5f620bdc933093fce4874e6bdf31f9adc657738ba70e3afc225fd9a1c83b7dd8,100644,fae214293cbaa55ed81a4ee1bfac6bda4c7b4656
ch_intro_to_data/figures/eoce/office_productivity/office_productivity_sketch.pdf,4796,8cc207a59a2641e8d384c0d8d6eedd5768ef8adf588f4006b647685cb84e0cc4,100644,ad876f04a07ed021baa41f8fa684599ea9b7eab2
ch_intro_to_data/figures/eoce/oscar_winners/oscar_winners.R,810,c71205891a885f8c7bf7f17af147b787811d3cc54399b0b8564cb645e27b7bd7,100644,4fbc51b5033856c67a5e900bdacfcaf4f1cb3b9d
ch_intro_to_data/figures/eoce/oscar_winners/oscars_winners_hist.pdf,4817,38f00a2e835a45a2a24920cbdc7a26fceedccd44381ec54a3d40d1b4be8d6d30,100644,8310473d837b4714c759066f94336615aa429ed3
ch_intro_to_data/figures/eoce/raise_taxes_mosaic/raise_taxes_mosaic.R,1412,8da2ff9bfaa84aaecfe7c10a44b7b39e26aefbceb8684804b0db56247c481c09,100755,d33e044f9df163416fab69afdc9998a3e2c6438c
ch_intro_to_data/figures/eoce/raise_taxes_mosaic/raise_taxes_mosaic.pdf,4398,ce160a8aec7ed62a1c4ea5ef7cc3e9f30862eeafa1571a484a42035af44097b7,100755,c2f332964a5c59bc422aa1bf8f947690841b2b92
ch_intro_to_data/figures/eoce/randomization_avandia/randomization_avandia.R,895,427f3c6b28cbf711af6d83546fd0d0f638ac6a68d8e82d92ad7f76c82fad80ee,100644,d86c27caa7f4626a1e7c805c3271487c3f25bb47
ch_intro_to_data/figures/eoce/randomization_avandia/randomization_avandia.pdf,4618,69202b9ba715bdeba6f61b886890dfec11f56d3275eedca1239d68c7cab20787,100644,cb654037df675d17313a6e04b35a3ac1f87a7d4c
ch_intro_to_data/figures/eoce/randomization_heart_transplants/inference.RData,180341,ae8de46d6fb0cfb867e691f544d3799a6c6133e8a560642d4fce5d83af6d15e0,100644,4454ec11b2ce524474a7bb7514482b73bbda8c02
ch_intro_to_data/figures/eoce/randomization_heart_transplants/randomization_heart_transplants.R,1943,eadf3397a96a9c67f34a38ec23a4f63b6b9979e1c9b57a8e92d2b983320a2f48,100644,e91ab8187d2072c165333cc5dda1553b7399e098
ch_intro_to_data/figures/eoce/randomization_heart_transplants/randomization_heart_transplants_box.pdf,5143,2e6d2c68639e93a17565e2dc6ae461f7b34fab531018111418983418bbb2fd12,100644,4bcf861a75e700db138e69fd64b0c8e8e43177a3
ch_intro_to_data/figures/eoce/randomization_heart_transplants/randomization_heart_transplants_mosaic.pdf,4233,a2c6053c9c0c95f3daaf3511f7090a39741a77b29c40db79e9fa4a654acd9e27,100644,456dd7c1679abfdf4a646cbe03a6599fbf90ae7f
ch_intro_to_data/figures/eoce/randomization_heart_transplants/randomization_heart_transplants_rando.pdf,5742,49073cff552784f9fb67a9e6765c1ffddc9bb13aee7fd46e568043d0cc00288c,100644,00205d3f18a8afe0ac08abc917ca3d440045341c
ch_intro_to_data/figures/eoce/reproducing_bacteria/reproducing_bacteria.R,396,a3362d3a98254f64aa73689380bd58f3ded766f583c6d8b197639a1253fc8393,100644,d3d0ae4da56623b6dc67a2340e51182b9720b712
ch_intro_to_data/figures/eoce/reproducing_bacteria/reproducing_bacteria_sketch.pdf,4811,c9dd44040db8aced77a84e3bcf58ff6879c58b3e2c55cddab9c8e6c9815bad0f,100644,c3e7b342939df7b8c7249011b452d7ab84733182
ch_intro_to_data/figures/eoce/seattle_pet_names/seattle_pet_names.R,1672,ea24497d2262292078554264428a597869085278717ab729dba12340da3c1ba1,100644,6749ca60ac52277c4934f9fb389f01960ecce9c4
ch_intro_to_data/figures/eoce/seattle_pet_names/seattle_pet_names.pdf,261758,2e9ab77181a51c38b40d024f149292f488d423328fdfd64240067f651feed975,100644,d187736acb586a27e193fedcdfd91858c2d5aa99
ch_intro_to_data/figures/eoce/stats_scores_box/stats_scores_box.R,659,25eb533a2a3a000b6bef8202af4d0be1a7236b32133449386099b7ede77e3629,100755,195792384d3076a3ba3c7d0eccb412597d7d1ac8
ch_intro_to_data/figures/eoce/stats_scores_box/stats_scores_boxplot.pdf,4473,83a5404fbb7b624bc72df50b4201734c37d45c3ae18d6e5b8b0cd33f07c1654f,100755,db6b1abb9d5c5295cebbf7d8d49082236280af3b
ch_intro_to_data/figures/eoce/unvotes/unvotes.R,1389,d004178dc64e6842c2a741da58c583ea7c7968addff155aebbb83f4d73075b77,100644,e2803376c32bd4b405936229b1b5999e04e45956
ch_intro_to_data/figures/eoce/unvotes/unvotes.png,720065,eee3b872d4050cbd322273116be6b3246f0cd0e03e67aea8fa504e749b8d159d,100644,d67b1d9db0c6666d127fff24e0033ecfef98f849
ch_intro_to_data/figures/expResp/expResp.R,275,86921b83e77b433b604cbbcbdb897c81e925d3fa14ee6731249a303b7714102f,100644,9e5139bb7b1649439534145a3c830c546a2ebb9a
ch_intro_to_data/figures/expResp/expResp.pdf,4199,cb43d8a0974a9b912e15a18bea6302a7adaa483d6a6ee690773b232e0cc05e23,100644,b3e54266d22bf6a086db2d6c9c8103ec80f66a11
ch_intro_to_data/figures/figureShowingBlocking/figureShowingBlocking.R,3534,8d408dbc9e3da2f057dbbe548656c3adc48c62ab67c6ad5b91af1985d933f123,100644,44ffce189fafca4600655ab59b75c4116f2e927a
ch_intro_to_data/figures/figureShowingBlocking/figureShowingBlocking.pdf,7355,dcbf644c812fc1619a999a9986ad079481652b010c31937679ddd61c523ce429,100644,c462bdda8d3b9c197c87d6f6590e0033655fa26d
ch_intro_to_data/figures/interest_rate_vs_income/interest_rate_vs_income.pdf,16431,3e4f310c180427ab4120e993d7af1fcd19b979900e84548553f4dabd2bd6e193,100644,ab6182775a8a26fbc237aa28592d0a0d11a0ba3b
ch_intro_to_data/figures/interest_rate_vs_income/interest_rate_vs_loan_amount.R,762,946fecf592affa39ed941a4413127d5ad7ee228bbc0b7d30c9febc569b562769,100644,69cbc576d992ceb727cea7b925577fa8c315e1b0
ch_intro_to_data/figures/interest_rate_vs_loan_amount/interest_rate_vs_loan_amount.R,707,6f06540b522b57573b5cc615fb648135df9d0359e08455a930d37149779c023f,100644,f2b6d8b52f863be9501417426af4cb168d163a95
ch_intro_to_data/figures/interest_rate_vs_loan_amount/interest_rate_vs_loan_amount.pdf,7536,66bf69e6b7370d869ceb539de1fb5fd55e2b66baefc1ff311f31356c90e3b61d,100644,ff92d050fd1ae1bba6bd0da766f8319dc368ff23
ch_intro_to_data/figures/interest_rate_vs_loan_income_ratio/interest_rate_vs_loan_income_ratio.R,766,93e2c509c15f0e69ac34b96b725e3e51e087e8842a10fcbf5d08c99fd9656cb0,100644,9152bf5835398f87c19a963d8fbcc92dc605ea9e
ch_intro_to_data/figures/interest_rate_vs_loan_income_ratio/interest_rate_vs_loan_income_ratio.pdf,7891,03fb2a193256ef6eedb3d63fb65034a93f4d9912e02e523592fdd44f30b727bf,100644,1941fb52669452d672f104007030397c9f23038a
ch_intro_to_data/figures/loan_amount_vs_income/loan_amount_vs_income.R,719,6d0c08e63f7dbbf9ea18be11e1e69f8dd85393f1cb9ec8d0b863b7955947c027,100644,5f6079f861321876cf9d1a5f3f8f9c4775e4d067
ch_intro_to_data/figures/loan_amount_vs_income/loan_amount_vs_income.pdf,7780,80fec23cdbb4dc4490a4ce0ff4324eb0429d857fa22137721bb97c6acab3b5a3,100644,e979916bc25c860d99cf5b8e07ea1f8d02acf871
ch_intro_to_data/figures/mnWinter/ReadMe.txt,92,fdb3e263e70ab3f5aa7f0a7bcb4a64b16f4fddd8e5be760901b309bd02ad8477,100644,c737242dfa54313d4b6fd153e8c2d590663e7d62
ch_intro_to_data/figures/mnWinter/mnWinter.JPG,840649,9d24c2bc4cef7b6240ecba5fc2b1b501521de8c6f6543405ee5cf8f41b7de728,100644,06e64892b0cdc722f02aecdc45d7afaa27e1df17
ch_intro_to_data/figures/multiunitsVsOwnership/MHP.png,220798,cd7b93c467458d1717bb7d8e0ee091a1af7926a992f068c1b492dcacccc62135,100644,5e37221411733c9623f9a1bafb60fa9ab33c3765
ch_intro_to_data/figures/multiunitsVsOwnership/multiunitsVsOwnership.R,2209,7f13e604f2a6b7d00ed2c17890a8b6d7d193c4c826af473cff7ff1b573def6e4,100644,02a45363ce6f867b5253e88403a58ab1c42817c4
ch_intro_to_data/figures/multiunitsVsOwnership/multiunitsVsOwnership.pdf,192410,a3f468ed9b4d7529f4c7da909133cb0bd21e341db849a6efb200304aa7af61d7,100644,761c625a8d79b32bd6d50694693ee3817da9e9f0
ch_intro_to_data/figures/popToSample/popToSampleGraduates.R,980,0afd907badbffef4d1a9d9937181f75414c7e0382a54b6d39b9091008d4b8230,100644,b8cb800ce7d8229651edb5ba96d2398cad64e65f
ch_intro_to_data/figures/popToSample/popToSampleGraduates.pdf,20936,20af6107911d716f767893f994e3124f24656100e17a5a6f207035f42f5cfb4b,100644,9e75d61af9f3801384d23801d30b1b224301189d
ch_intro_to_data/figures/popToSample/popToSubSampleGraduates.R,1468,c71e29d767876baa92c2929f829162f738c0444b82f532d9ff4a808940a32c05,100644,e0c13db97bd0c2c66d4edfa15f5f9146bbbcffb1
ch_intro_to_data/figures/popToSample/popToSubSampleGraduates.pdf,21869,fbdb6a3d10255daf220a18227215b7995de6553130fb7d4068b362acc91e12d2,100644,789a635cc19cde16e79eea881c42f1f1f3494298
ch_intro_to_data/figures/popToSample/surveySample.R,1466,46a36c0970f21740b6de5ea372106f4289ca34aeec31f7eced545ed6ebbca0a6,100644,beba16568523d88bad90913a02073a4593f31d9e
ch_intro_to_data/figures/popToSample/surveySample.pdf,21911,aff24bc15747ac4571733f7fce1468220e9f344cf51848db93d18cd162553537,100644,8400bdc306cd4630f26d1c867b5cc18e8cfa2753
ch_intro_to_data/figures/pop_change_v_med_income/pop_change_v_med_income.R,951,5fb61f90ad3279e36fc884f22d485512818e5b443dcbe53dc1be5d924a3ded0e,100644,69dc6a08f97d90f297f28e91061953a70905240e
ch_intro_to_data/figures/pop_change_v_med_income/pop_change_v_med_income.pdf,201604,24999f870fba598bee227a637035eb4a62091c317011079c4b695838a33aefd9,100644,4b3107a8b58236fb804fc7caedc1af5a8cf5b613
ch_intro_to_data/figures/pop_change_v_per_capita_income/pop_change_v_per_capita_income.R,963,2d9c5435fefa6d04325c1a2141a9d1e0293daaa3420caf847c17345b8fc40aac,100644,9b5df903d4ad927efdcc5ec289d04f2c2fe4adbd
ch_intro_to_data/figures/pop_change_v_per_capita_income/pop_change_v_per_capita_income.pdf,201020,4201012d94ac1ab2d00549adcdca82e9f65aebb2822ba5ff8809db86ddf12355,100644,4002fbc95540ea43b3a67c688eb166b406728363
ch_intro_to_data/figures/samplingMethodsFigure/SamplingMethodsFunctions.R,5801,5b0cd7d2f7558d814860391813efe25921c325ab31e30e1c8f5cc45487291e7a,100644,0da2ed308ff18796baea5d807f90146547bb2f7c
ch_intro_to_data/figures/samplingMethodsFigure/cluster_multistage.pdf,17847,69c7fca21590693e70285056830db77769925c1af6992bcc224e887466854e75,100644,40a233ff238090e9d447be2fb3499eb8d905a7ea
ch_intro_to_data/figures/samplingMethodsFigure/samplingMethodsFigure.R,3280,5cddec2135c24838f1513fb6771eeefda3103106074687d40b9863ebe1bbde79,100644,c76ee9af6570b60290fd47f143a0f23d069fd7e3
ch_intro_to_data/figures/samplingMethodsFigure/samplingMethodsFigure.pdf,17201,282c076fced00a85cdc5a77797137ce1a87a23527329867adb6098e278b1f02c,100644,bf809bdf0ceb92986315fedd3ed35768bb1abd34
ch_intro_to_data/figures/samplingMethodsFigure/samplingMethodsFigures.R,488,e6d2f865db1301717cfdf384b9a3f1bb66e87e068f592f9a2f8c8f72120a400b,100644,f75a90c444f9379f6a98003ca43381b3224dfb69
ch_intro_to_data/figures/samplingMethodsFigure/simple_stratified.pdf,10852,621e67ba25669ca86a419346bbb27469b6b17fc26c8f182be133a05185436cbc,100644,0eb145eb5c29536f9624a20d988a7f2f9be64cd3
ch_intro_to_data/figures/samplingMethodsFigure/simple_systematic.pdf,6517,f0565527ea33934b7fc3d65fd74bf85a8a618f84d4dc2899377a10cb7d1fdd73,100644,a9eafd86e5196731e60aa70091a8e408e845350b
ch_intro_to_data/figures/samplingMethodsFigure/stratified_cluster_multistage.pdf,22625,9cca25bff31e56b0a0085b9ec92aa018b30a024237fdc5db6417c11da6fce6a8,100644,64adbab8ea39e5d529ca7ea57f99c8cc12f96113
ch_intro_to_data/figures/variables/sunCausesCancer.R,596,e04bed95ed475ad94add94471350005ee8788bc771c53c052b5db294a15d05e5,100644,4c3ed23f9366fc88a7f938bc5880b1da3b9d63d6
ch_intro_to_data/figures/variables/sunCausesCancer.pdf,4489,ba3b6f004f0f610670d99102038e4957d5821c948a8b3d5c56302102c82c04bd,100644,28919bb42ce08dad94bea88036fe025a0861781e
ch_intro_to_data/figures/variables/variables.R,1076,a0260dd50f677dfc75d3fecf727c52fc690561bdcb0ca2b6c986429c1684bafb,100644,53f068eaeec7092b01ad49643a7175deefd76a5a
ch_intro_to_data/figures/variables/variables.pdf,4508,00e6d2daf79229c951110487d3df3b86e0281f4a097e65b648cc089e29281742,100644,24198ce1a5ff4df64f6f2a14b512e448ce92ed1f
ch_probability/TeX/ch_probability.tex,132799,4f07fcf0e71e52bc99657835d5cced47b10ce9fc66b23dce156d400840690361,100644,77f755c4e437e68c3abfe6762460217710634e6e
ch_probability/TeX/conditional_probability.tex,10580,ebbd61bdaafe1c5d6e5f9e3df6dae3ecaba4dd80d6811f80fa1379522cad3b31,100644,3aa30ea44be4bae2f717f7abb41075fb88590145
ch_probability/TeX/continuous_distributions.tex,2358,42de1d525152bc5e5f85112963fdf7e9e5117b4148434046cde2b6fa17100cfe,100644,6955b9570c941bc9ef61ec9ed6cd9882021d6890
ch_probability/TeX/defining_probability.tex,9353,e0ad00ef9795134900a96bb1304111126abf0531eb9a24f16fa96d6a20a5a95f,100644,ec8b8f682b883c2908bd42e11cf06149c3986201
ch_probability/TeX/random_variables.tex,4804,e6b7dd329d07781270b3545bc9ad641cc0d9c2972df274ea082119e9341ebc6c,100644,2a64e00aa106aaa966ae27ea375f2f6efae57a62
ch_probability/TeX/review_exercises.tex,5827,5978940585a98cbd508bd24b9b83015ed9f9ba9143356f3dcaf940cf2135e9f2,100644,16c31b5087c1c43172aedecef44d6fafb5469416
ch_probability/TeX/sampling_from_a_small_population.tex,3969,896af1ed6914b13013a1a18ebba09ba14b74cf925dbccf49e2b260f25d8e5e6e,100644,0882fdf296eff4f308b63456c33956a1944b9664
ch_probability/figures/BreastCancerTreeDiagram/BreastCancerTreeDiagram.R,414,71724e847d8d3ded1f8f87a9d8aa96e324c84863519f299540ddd325861ff076,100644,263fdb1558632085de020b18a9b268ae527509f7
ch_probability/figures/BreastCancerTreeDiagram/BreastCancerTreeDiagram.pdf,4442,cd70daeba274942b81cd48bcccdfabfa1bbb1a3273880988659ec3bdb82e8bdc,100644,c59d1cbeb23b48b0ddb60c4923746f06e026762f
ch_probability/figures/BreastCancerTreeDiagram/Mammogram Research.txt,1093,f9e6745d04ab99f05f48cf9d408a97dc573a38195c8e16c2ff021f7c3dbd9964,100644,f49556ef258c96379fe1cbc34a674d792512ebda
ch_probability/figures/bookCostDist/bookCostDist.R,1613,e7ecc54537b58a1239f2f829685ab83c6896e273a8e0fd3781648394f70c97ea,100644,67096b59001fbc27a9326b35c805e248765c50af
ch_probability/figures/bookCostDist/bookCostDist.pdf,4373,b6c2d6e56b3bd7ce1d8c03fd826bc0c610e6989b40227af8e548034b163d4d06,100644,02ef588829b1fe0bb69cc9fa4bbc033eb2528a68
ch_probability/figures/bookWts/bookWts.R,890,9c3a398e001fe644d5607928e1fbd437c900586eb39ff5be624bec4836cca600,100644,220b9c27ba2335cb9546603d1e58e637148a9bab
ch_probability/figures/bookWts/bookWts.pdf,4295,61d583f6f7659576f725161c04480e293d4f8d1eb9498dda8654e5fb6a5c9620,100644,fcc03558695ed73cb85b9748c1bc642916b7bf61
ch_probability/figures/cardsDiamondFaceVenn/.Rhistory,82793,73e558906e67e6a2360a61982a4408b9e0a96e4368886db463fc32394d9f3dda,100644,ff6dd619e04673b1a85e0d45abf9a2dfc61fd1d7
ch_probability/figures/cardsDiamondFaceVenn/cardsDiamondFaceVenn.R,1060,9db4d14539e7249b572fb19939fba1b03bfd925d6d1bdae863b6554fd88fe190,100644,8f22587a1a2060fffc79a8d5c08052df29a98d34
ch_probability/figures/cardsDiamondFaceVenn/cardsDiamondFaceVenn.pdf,12304,387830a1801b8b128bfe1d744cdcc872ec83e2235422969a5402a5de952047b3,100644,839e6858a1be6d3d7aee96c1ed3c393509f9e73c
ch_probability/figures/changeInLeonardsStockPortfolioFor36Months/changeInLeonardsStockPortfolioFor36Months.pdf,6740,b19b74aeb3153029221ce6cd5294704157d5e669044ad07054f6fac64b1e4363,100644,bc390c6027116620a9bdd242a8e9bc7e8433f855
ch_probability/figures/changeInLeonardsStockPortfolioFor36Months/changeinleonardsstockportfoliofor36months.R,658,e44624d3f9620550691fbd6f1e0ea3db73caaf95cd956cc2bbe4c35b992cfaa4,100644,cb8632a501b929b77f2f9bbea1e7d2ef418a5d2d
ch_probability/figures/complementOfD/.Rhistory,80803,137fa280a8da54970cc2394af473b4b0f8c4fe45d0a87fe716963ca516322739,100644,e573a7aec852c48ffaf48168fd86eb3c3c950200
ch_probability/figures/complementOfD/complementOfD.R,1762,591b574478ee25ca3810622dbd3bac22c11fb03a0e74a3139aa6f9a37790afba,100644,36991753b1b5ee73c76ee4667fad2b56bd49c2a5
ch_probability/figures/complementOfD/complementOfD.pdf,5369,4da53190e9771de3a86c21943e64ce514d9e39471b54a015be4baba490af68f7,100644,31098c9a0970a1d71b464f87a2873a61f34092b9
ch_probability/figures/contBalance/contBalance.R,495,0f4de2ed0c6e1ae754311a715e98ebd0359cc345a0b91228fd13303672f24359,100644,8f56742177b4377383404e37853b180f4f765649
ch_probability/figures/contBalance/contBalance.pdf,25250,ddcbecb1e43d7f3dd0856bc99d86138eb78838beeb5262ce37cee23eecddddda,100644,045815f543247bd92bb5ec9424156d7aff868736
ch_probability/figures/diceSumDist/diceSumDist.R,1385,94754a137c2708c52c6c0ea2c27e390b86d827bf505646e2b152a04a0734ed61,100644,181d35ca4bac58dca1a911e6d0d6a6c4ecfddbc0
ch_probability/figures/diceSumDist/diceSumDist.pdf,4482,76ef9ac01c4865463e04ddf0e95568cc911d333e29b4e917ce72b8877d4eb48a,100644,466781f580352a3f485ecce9f797bf3cb44415d7
ch_probability/figures/dieProp/dieProp.R,907,8529f19e2b9a4d8c586c3b36e01d2eaaf016626cf5220f4b9cb991b756de6819,100644,bb86ef49b92b3d8a79610302db4033b886e678ca
ch_probability/figures/dieProp/dieProp.pdf,9525,9510fbd1d17b95ecff3a03fd200ffd560a8684a21ff2072012536366e8032446,100644,eee5688b60c4d9edac872717f014aaa14679e8bd
ch_probability/figures/disjointSets/disjointSets.R,1077,8b66f3f1ac4ab379667f2fe36e3f7b7cdac50684ef8a44569ad28500a29f16f5,100644,8fbd5e77894cd339b34ff8f4edc834aeaa82a994
ch_probability/figures/disjointSets/disjointSets.pdf,5743,ed2fb35fdfdf2a3932bb7d39b0308bffef5dfd251fe3eab59fd1a353b6369d2b,100644,68f48d5f3eb67d08e8975023b2dbf287e94c7a8c
ch_probability/figures/eoce/cat_weights/cat_weights.R,558,a75b51a6117a7f954dce45479b042d8f96477a7ae5c9c079f1048a6765757a0e,100644,214f64bf50afb870e6498c03ad929f9bc2985e42
ch_probability/figures/eoce/cat_weights/cat_weights.pdf,4416,26dd765ba632563b41e40aee564dfc1eb456e34464ae318685140729c786d72e,100644,cca9a4ba91c27fc5390eb7cd0500eef18194f64c
ch_probability/figures/eoce/poverty_language/poverty_language.R,664,526f94bc96b128a93a574a42cafe98ac6a4c09529c8e616296f7a64599977506,100644,00b0d81c4e98bc68599a8c0d4134241054ab9cc4
ch_probability/figures/eoce/poverty_language/poverty_language.pdf,21304,ac0a93a8873cd33d7b051315284100b16ff7dfaec53304ba0fd65463124880a6,100644,1002f9fd2beb82105b68398c1c3a29d1a69625c3
ch_probability/figures/eoce/poverty_language/poverty_language.tiff,704206,fcfa50055383523c0b040abe7de55b6233a58e3dfc6548fc14f8b8438aab6e30,100644,28b6fd3181d6c8b55a8151c00f48e59792056f75
ch_probability/figures/eoce/roulette_wheel/roulette_wheel.jpg,352602,f11b51be0f3fb520238f1c299f3692a671fe9b3a8db65d20a4a74b820cf0c472,100644,594e3edb79b3e0282822030cacd3c5208722ec69
ch_probability/figures/eoce/swing_voters/swing_voters.R,659,0f5bc113d8e56354a0ebfede41b5d154e6571713b677abbb096b2ac83160df06,100644,72920e54a084665c0adb619c35a8374cc6e1d695
ch_probability/figures/eoce/swing_voters/swing_voters.pdf,19688,fd2e8dd9131b3b2bd08654d53a1ed7e984edab8bfd30d4944f0c9d32d8472da2,100644,4fa3f62e2dbfd4be712506e4cf53eedce0159927
ch_probability/figures/eoce/swing_voters/swing_voters.tiff,923822,3665c78e093357d7b7d475f66abf6b54112327da2baace089f03282b0ad8e5eb,100644,2a05be38fa2639726c97cc37bfe82cce63ff61cd
ch_probability/figures/eoce/tree_drawing_box_plots/tree_drawing_box_plots.R,443,fbb3f706bd596a1f0153a049c7ef7c3285996ae3b7dc1c772c2f8145db3813e9,100644,5669d2e1ff4b864b0e4258002fbb99966018ee1f
ch_probability/figures/eoce/tree_drawing_box_plots/tree_drawing_box_plots.pdf,4454,8ddf9bc83193c4196e81a9a729c9183829da00f147baec38ed900b1e06ad7245,100644,3c3079bcc4f94e4c72b778a9f1a0405f78c57074
ch_probability/figures/eoce/tree_exit_poll/tree_exit_poll.R,373,747fbf5173de278ea326e76600c85ac7c615311aebab7122563e7bb79b92a5e2,100644,0ba35ae11133b07343d69fe968b2170ec9fd40ee
ch_probability/figures/eoce/tree_exit_poll/tree_exit_poll.pdf,4404,1a3f232a01158246ea7a641e200b887a9caf5fb07016a5d5201f035f576cb072,100644,08a70f71aa74b4c9fa51de9422e4d5a988464ae5
ch_probability/figures/eoce/tree_hiv_swaziland/tree_hiv_swaziland.R,454,0d8580618be7220d03f0d33c190568b04fb500d406613fbf47e3d71206cbf48f,100644,26df1a1e5f714b42f02214f54b88f1204279b660
ch_probability/figures/eoce/tree_hiv_swaziland/tree_hiv_swaziland.pdf,4439,aa8faf6f056edaf9cb269c20083034e46b07e1cc600353d2efe68e05a78646a3,100644,ec10bf6fd4cb42dfae2acd7a184b9b107a5e3f3b
ch_probability/figures/eoce/tree_lupus/tree_lupus.R,436,a9d8223c48c0977c431e08946a0f91cf01097d95b24fc22d685f376fca5cb912,100644,9ec350bd0b9c2e0ab80ef198fa80171556f16142
ch_probability/figures/eoce/tree_lupus/tree_lupus.pdf,4424,6eec693d5df94876f304865ea7c90935952b2dba9ed24d750b6a0fec7de92185,100644,2bb3def8ad129d0c54410de48cafd2a4e4a9d1a0
ch_probability/figures/eoce/tree_thrombosis/tree_thrombosis.R,442,529fe32fc8389ac9065be30d379853d3e2018bf1eab7f5af635126e906b92f5e,100644,86d13f0b51f5628321aca3a7636222ae9e497c50
ch_probability/figures/eoce/tree_thrombosis/tree_thrombosis.pdf,4431,f56d401c4f25706afe14da03e187a250ee2861370e97e74652b3fb44a5a9b77f,100644,30e42558e04832447b10d077bf8aca6e03df398c
ch_probability/figures/eoce/tree_twins/tree_twins.R,511,a009f1114dccd68c4edba88fd1d59b81e05a585a07c378f3aaaaf4e4bdac9e02,100644,43a68483724390653d6afaf4fb5465355c5ed3fb
ch_probability/figures/eoce/tree_twins/tree_twins.pdf,4498,547c3fd46185b6309cf3b43f6f0da3b5047d4c006e7157b9a738bb759350ea05,100644,c8e3e3edc227d234f278266e34ff9e8c053d2d31
ch_probability/figures/fdicHeightContDist/fdicHeightContDist.R,1962,6d5905c21c60139f66057bb989b029ada2dd8336d3ca5fcc79d6ab07edf8348e,100644,01edc690601c1a69bd11d1165f6a18279da75132
ch_probability/figures/fdicHeightContDist/fdicHeightContDist.pdf,8337,fc6179b789afdeca709a6ce707cf5111c71a43a3ef43e5bb42ae6a3a778d4952,100644,ea6a4d7e0a65fe7422f3c440ac5d3a24d91b50b6
ch_probability/figures/fdicHeightContDistFilled/fdicHeightContDistFilled.R,2723,5522ddf2732daa0decff71ae84b0cbf0170d15031312f22198f68ddeb8dbf397,100644,50058b594571fb75cb1aee7d448810de27bf6ccc
ch_probability/figures/fdicHeightContDistFilled/fdicHeightContDistFilled.pdf,8627,10a87bce4c78fd6708770798f471e5c91c6093d758ac0e115d772ea7853a9149,100644,3ed84c584bec78a7d59232fb9465da409a586bb6
ch_probability/figures/fdicHistograms/.Rhistory,33416,f5812af6e1563b196a9240302e0eeace93bf943d9dac6798ebd03595f3a0dc91,100644,5c5722bb2557ea1adebc6cfe9573f4d1a877d91c
ch_probability/figures/fdicHistograms/fdicHistograms.R,2027,7449af21b034360dae797b277fd0e4b660dbd96db47243c5dd0b8ad70f69c277,100644,b425b36cdc95edd200ef4cb365c874d2a851d548
ch_probability/figures/fdicHistograms/fdicHistograms.pdf,10060,71302f94a80df3afbc9a82deaf7b751b822c34b4e05c0527cb00c381d2083162,100644,c361d9d9b690dd434460a7e52074d4df512fc701
ch_probability/figures/fdicHistograms/fdicHistograms.rda,11759,38e9fd8b0af6c57b71b21e5c016f8ab5070d0d4172e58a32ff58be6e0c44ca3d,100644,1dbd59a93aa236efcc4b530b7b13704ef9c11369
ch_probability/figures/indepForRollingTwo1s/indepForRollingTwo1s.R,819,bcd5dffb69b31ff3ecc8a47ca0a1a12cceefcc44e4aea3bb7267d6131248f388,100644,bfdc09eeb9eecb7be042f3db6bdd1a6b07186dfa
ch_probability/figures/indepForRollingTwo1s/indepForRollingTwo1s.pdf,4506,aae97a030da72e528ce4156469c27911e1db939a0829b80bffe8a297631953d5,100644,7dc501b67b11a980a6da6bd6ac253001de3a3cf5
ch_probability/figures/loans_app_type_home_venn/loans_app_type_home_venn.R,1011,6185b3ba3e56c7da3c7b78c0c80421ff4eb17dadef3bee5d41e1c2996973048c,100644,86c3da8f85fc05ef4117d4c4915c658aac4817f4
ch_probability/figures/loans_app_type_home_venn/loans_app_type_home_venn.pdf,5351,b582e4e7004abb403bf88f7e8ea7c8f03555abff07cb8e8c04357fe60dbc776d,100644,f190482d5d7204d6697899319ff880e1ba69f064
ch_probability/figures/photoClassifyVenn/photoClassifyVenn.R,773,06fe1ac62cbe09c1a125f931559ef8c05a162e7ab83141b5cc57be421be852aa,100644,0295d6b71ff8e0bc981ba2bf1c522e91140ba736
ch_probability/figures/photoClassifyVenn/photoClassifyVenn.pdf,4802,2451736277dca3a1852e2d3b5c9b34ff7d75552f619f183f6d47f26647fef5c0,100644,0f4543a8b1f469f52cd881e44ec16907593fccfd
ch_probability/figures/smallpoxTreeDiagram/smallpoxTreeDiagram.R,402,44fb9930c356e4385602719680880f368f675488068864d9cdb0c209d73e0a85,100644,cbbdd1d14c3a1a62fc708ae28b4ddcc1c7159015
ch_probability/figures/smallpoxTreeDiagram/smallpoxTreeDiagram.pdf,4445,e2b2e01b64f9fe2da54ba5e0b29735dc8dd9b4c4b3c2641e028c6ac863b673f6,100644,43bd8b9e1401a016897fa4af8d8653b9355892f5
ch_probability/figures/testTree/testTree.R,375,b66dfbf8cdcfd84ec0b592ee51911959aabaf9b2c2d9a608d3c366450dead5fc,100644,094505353efb129acc4130d4472ec64b2bc14a47
ch_probability/figures/testTree/testTree.pdf,4412,ee145ace8aa8d524aea1f7685745b37420cc3aee5d3e6ec70b1ea0ed2c30b60c,100644,4cd908ff5d3421429ffb49d8600c1d2f887cbb01
ch_probability/figures/treeDiagramAndPass/treeDiagramAndPass.R,417,2d857ded7ad8d8de745c28635f663eea4a10360b336c9fca36880324d20e9198,100644,c2529430fa0ed28a40478f3919231d3a83ce0d86
ch_probability/figures/treeDiagramAndPass/treeDiagramAndPass.pdf,4484,28565782d67daa3b68290c555859dddc53fc5caf243cdcef36824718c22439c5,100644,0ee95112c124cc44eb05f82b3148b14fdaca067e
ch_probability/figures/treeDiagramGarage/treeDiagramGarage.R,453,bb6d4b4ac8e4f9205c78804a13c5f152991b6ddcfcd8898fe7a9cd7948a24780,100644,bccc149497d4a3261f53e72f128e1795ea95c768
ch_probability/figures/treeDiagramGarage/treeDiagramGarage.pdf,4578,f4368ee5169b37a6e83d73348f35a05f488c2985017d4b8736e7b0face1459dc,100644,f43424b84a62ff9726c1b596084c5f2dc8218265
ch_probability/figures/usHeightsHist180185/usHeightsHist180185.R,2183,6df61ecabebe217529c78cba339182d529e9103dff71ea5f614aa11de3793509,100644,9006b014af73f5e8f3d38145ffa7396b150cbfbf
ch_probability/figures/usHeightsHist180185/usHeightsHist180185.pdf,5777,3fc3fead04b32067b15e6863c6ad4776351e10e75955a1498dc1692141206c42,100644,51389f6f78b32d198d679e78e07dc56c4506a112
ch_probability/figures/usHouseholdIncomeDistBar/.Rhistory,308,1bc527079b6322d0abf4ebb54e3c9ab6a70f21fb03268f687f75a9b3f680de0a,100644,489484afa1778be011f0459044d0652f55f4150b
ch_probability/figures/usHouseholdIncomeDistBar/usHouseholdIncomeDistBar.R,365,309925858915316ef68f9ce87c0ac55daa0ffd02d98c3f7d8b09b89ac539354b,100644,470cce24515f0270db69b8df031f3c634faa8853
ch_probability/figures/usHouseholdIncomeDistBar/usHouseholdIncomeDistBar.pdf,4383,19adc8aa2b6e37eb767b143550d9d8885d31b6efdf083b31f00cccc0560926e7,100644,df70ac6a44d85a4257b2c857df5f3b235323cf76
ch_regr_mult_and_log/TeX/ch_regr_mult_and_log.tex,117565,8bb86a9b4a07f80ad0b6cfee204e08348d08c3a83a86a3417dd656ac7a95397a,100644,7ec0b5ace2f2c74c10b566955610270e98ab1018
ch_regr_mult_and_log/TeX/checking_model_assumptions_using_graphs.tex,6279,0f8934be7529158b69f420494b4634e69d6537ec8802f74bd908a5ca2b9cb28f,100644,fa740e61826bcfd623aa6ea1d34bb83b1cd54c05
ch_regr_mult_and_log/TeX/introduction_to_logistic_regression.tex,10728,3a08d295005901f5bf66354c74f17ca81843c7920ed87da260809527a78b4455,100644,5261baf4efa568dee94e658ab11df371decc5ee1
ch_regr_mult_and_log/TeX/introduction_to_multiple_regression.tex,9444,7b928996855e98cc0974c1b9a8492ac7bf86b07877aa949c3149eec56fd8bb32,100644,7f854152408f41ab1141627235b265e4225e06e8
ch_regr_mult_and_log/TeX/model_selection.tex,5046,745b438719e8156105ad80070e0c256674848b7c0a052d81c208c17d1b459d59,100644,04092302ab88945fc7c326b848e5400ff1017666
ch_regr_mult_and_log/TeX/mult_regr_case_study.tex,85,fce8e73403e8e68d60a94382ab133c315e4d0b569c2033ffa99857b15f812da2,100644,e0594fd01b723b15d17628f77c5c7c1f3dc1337c
ch_regr_mult_and_log/TeX/review_exercises.tex,8381,80f6d18dacaef193e1cfbf04077620013d8e5cc1c89ceb81f817c67ea7a9c004,100644,1bba2120831c27bf4e863f347c19ec6c7a490730
ch_regr_mult_and_log/figures/eoce/absent_from_school_mlr/absent_from_school_mlr.R,996,db30c1fb8f1d1ac471198a64d781691f6430840e8fc5d63c57063aea81e5cd4d,100755,4bfc4d86cd2ed2ee333302bba5760a58c7e6b5e7
ch_regr_mult_and_log/figures/eoce/absent_from_school_model_select_backward/absent_from_school_model_select_backward.R,1392,12f2688ec79ceb13edafdc4308687e2eaff6951749a5920beb6256673fa0306f,100755,9d99be74701fd9a9f3fe7ffaabda5716827a8807
ch_regr_mult_and_log/figures/eoce/absent_from_school_model_select_forward/absent_from_school_model_select_forward.R,1333,3c6d7962260339483a9a235aba10f52782b09430c509bc73545dedfd866c25f9,100755,d3fcc4e410edad156592d627c9a3eed4af663d0f
ch_regr_mult_and_log/figures/eoce/baby_weights_conds/babies.csv,32080,c9dfbdf245ae12a8fc4bd32bda0ee2453ff38fd2733442af4d8c9925f979e437,100755,a56cca1100d78b50669e09966a339cedf8a65b68
ch_regr_mult_and_log/figures/eoce/baby_weights_conds/baby_weights_conds.R,4513,a2390baebd5c9ec4b1b46dc4d31445160bb490d149c2b485b0a5ef754de5192a,100755,ee8798d02dd1a9619874871170dea2f12909c23a
ch_regr_mult_and_log/figures/eoce/baby_weights_conds/baby_weights_conds_abs_res_fitted.pdf,72703,44e86c657cc7cdf97138e091d2f33203d38734539ed83b4a315dc99661ddf478,100644,cfa56f7163add31502edb9e414972ce6044742b9
ch_regr_mult_and_log/figures/eoce/baby_weights_conds/baby_weights_conds_normal_hist.pdf,4712,2e29a110fe9726a7e00a6bb76ea755075062b92b0d87bc647924bb7f9ba15d3e,100644,5bc9dc538737bf3ce9ffc4ceaa4d9c703d2dbc99
ch_regr_mult_and_log/figures/eoce/baby_weights_conds/baby_weights_conds_normal_qq.pdf,73265,f59e6aff46f6b1013281470087f28d63776aec38c9dce5d674f55b4bfe445f07,100644,5bbf346f7a4ed2ab94fd2c8c62fec5906e85a78b
ch_regr_mult_and_log/figures/eoce/baby_weights_conds/baby_weights_conds_res_gestation.pdf,69227,84796f126f383796b8755f04c2ab829b840b0ccbb7d04d59aedec0f2a8ea528d,100644,8de2313152c2acccb1b41b6bccd38f5e010b8bc8
ch_regr_mult_and_log/figures/eoce/baby_weights_conds/baby_weights_conds_res_height.pdf,66076,dea0c1103526a74756483e117adf5b873740ace519ca006fc2baea9cbb54f56a,100644,0d66744ae513a64ba0deb17827516818efa8a488
ch_regr_mult_and_log/figures/eoce/baby_weights_conds/baby_weights_conds_res_order.pdf,71012,770dbae4939843fec35e5f371d94dc73ccf260457c6cd5bfd28315d341405edd,100644,29eaa4f35786b83bf219019da32bf8d671f3ff87
ch_regr_mult_and_log/figures/eoce/baby_weights_conds/baby_weights_conds_res_parity.pdf,58994,59357a4171dcc5b7630571b61e8a4b6c94dc77e831c4094c8c937d5e74af55c8,100644,2eca462319a16f1e1d82dfe328cf66f55201aed6
ch_regr_mult_and_log/figures/eoce/baby_weights_conds/baby_weights_conds_res_smoke.pdf,59824,927605af2b0b5705c058451cb739e88ddfbb486babaa687285a0b72bdf3646bb,100644,66a6f94d71553d28dee9dff56595d2fbfefb0f48
ch_regr_mult_and_log/figures/eoce/baby_weights_conds/baby_weights_conds_res_weight.pdf,69560,9b96393a534d419693b3d8385ea0a49d6158a5da0316c3ddd7aaf5f239c40686,100644,cd59e39dc284975bbce035cee2990bc69d596a3c
ch_regr_mult_and_log/figures/eoce/baby_weights_mlr/babies.csv,32080,c9dfbdf245ae12a8fc4bd32bda0ee2453ff38fd2733442af4d8c9925f979e437,100755,a56cca1100d78b50669e09966a339cedf8a65b68
ch_regr_mult_and_log/figures/eoce/baby_weights_mlr/baby_weights_mlr.R,569,cb08c6a59d94a372cbc3a13b694278412d110a76670591adf9e3fa2af50b2abe,100755,1048119b02265c1a4812c493adc846bbe1522371
ch_regr_mult_and_log/figures/eoce/baby_weights_model_select_backward/babies.csv,32080,c9dfbdf245ae12a8fc4bd32bda0ee2453ff38fd2733442af4d8c9925f979e437,100755,a56cca1100d78b50669e09966a339cedf8a65b68
ch_regr_mult_and_log/figures/eoce/baby_weights_model_select_backward/baby_weights_model_select_backward.R,1914,17fb415fc2a3bc1b79f19f9b0841279dabeb81fa21644b51970010e9289d15c2,100755,d710ee387f250194be21260ab6c6f06a7a4787ca
ch_regr_mult_and_log/figures/eoce/baby_weights_model_select_forward/babies.csv,32080,c9dfbdf245ae12a8fc4bd32bda0ee2453ff38fd2733442af4d8c9925f979e437,100755,a56cca1100d78b50669e09966a339cedf8a65b68
ch_regr_mult_and_log/figures/eoce/baby_weights_model_select_forward/baby_weights_model_select_backward.R,1612,10abe24af1dd6299c2e9a68885aa48af69151a8dc50de65542e1f6c4c444ddfd,100755,7cbfc857d1fb38646b1ecf268101e4a4afb543d5
ch_regr_mult_and_log/figures/eoce/baby_weights_parity/babies.csv,32080,c9dfbdf245ae12a8fc4bd32bda0ee2453ff38fd2733442af4d8c9925f979e437,100755,a56cca1100d78b50669e09966a339cedf8a65b68
ch_regr_mult_and_log/figures/eoce/baby_weights_parity/baby_weights_parity.R,384,51ede6b39cf5931cadb3eba2d13c5f381459674494ee14f3028b3e66d2ec084d,100755,bdce18ddea2e64dbd3bb4872fae16a1e94d44af9
ch_regr_mult_and_log/figures/eoce/baby_weights_smoke/babies.csv,32080,c9dfbdf245ae12a8fc4bd32bda0ee2453ff38fd2733442af4d8c9925f979e437,100755,a56cca1100d78b50669e09966a339cedf8a65b68
ch_regr_mult_and_log/figures/eoce/baby_weights_smoke/baby_weights_smoke.R,381,3e81627eceac6b5254d5faae8394c3a8aa378cb909ef4d93d688498cd877d177,100755,a09b0ffe9ae701f9fc46d714a00b853f70aa4020
ch_regr_mult_and_log/figures/eoce/challenger_disaster_predict/challenger_disaster_damage_temp.pdf,5863,4322c336e52702413e3a662d12671c941e765ddb2789a18ec4e4ace47ae29d6a,100644,acbde4cd6f49cf95de714ee824491e1342b68d60
ch_regr_mult_and_log/figures/eoce/challenger_disaster_predict/challenger_disaster_pred_damage_temp.pdf,7355,26981622163e00e196a4d2e67c68a3d93a3a520f810d1642cddc6109edd64768,100644,4055e43d24805b7ae6c098bf87f63b65da8229d4
ch_regr_mult_and_log/figures/eoce/challenger_disaster_predict/challenger_disaster_predict.R,1792,7bc93524fcde0e4c845d3845b0b54c8a26d5712e7805fb08f4861cf4b6602e81,100755,21c32cb2352009016e09ed5870228a164f5e65b9
ch_regr_mult_and_log/figures/eoce/challenger_disaster_predict/orings.rda,265,f3e999676959fdf946ea2da130851796dc616a2a49e0cda9f8fb5d11d6e767a5,100755,776cbbe788f6fd4e572f2595f503ac533a27bcc7
ch_regr_mult_and_log/figures/eoce/gpa/gpa.R,400,743c2c5fe06e8f0dd8b60ba9bcd6d38d24555d9ddc26eebffd574fef8854c2f0,100755,5b403b4b6761f658c050939a5e4f602588bd4673
ch_regr_mult_and_log/figures/eoce/gpa/gpa_survey.csv,1112,66e82de879f2dd770a6df90493cf401c068e9db05cd44d856b76b3f94c141eb6,100755,1f06cb8e97f464d4980be80cd88d6caaaed29c7e
ch_regr_mult_and_log/figures/eoce/gpa_iq_conds/gpa_iq.csv,1371,2cb7d630601e05107c411494ec8e35c3055856a2e359a55f1641ca17166064f2,100755,7bb2242acf8c2668ffba781bcceb37d8e6133d5b
ch_regr_mult_and_log/figures/eoce/gpa_iq_conds/gpa_iq_conds.R,2732,967bbfad1dcb1e50b6755ebc722c6f214a3799452981896e45a1334aae7467f2,100755,d8a6dadbf24be394bd19fcb6225289fc422b4292
ch_regr_mult_and_log/figures/eoce/gpa_iq_conds/gpa_iq_conds_abs_res_fitted.pdf,9408,ec74c6ca8662963626c6e47746fb074820d58417885c0e528a3404d4b7d1818b,100644,dfad8d3b415821067cc2024ed2fffcf92bf3b912
ch_regr_mult_and_log/figures/eoce/gpa_iq_conds/gpa_iq_conds_normal_hist.pdf,4622,8270360d3a7903657f96ff36c7adb903903eb7323507b16223be2023ac434ba3,100644,7ab346047397db696647c7206972aab7d8b580fa
ch_regr_mult_and_log/figures/eoce/gpa_iq_conds/gpa_iq_conds_normal_qq.pdf,9518,2f11b30f31ec6ecce383d5fd5278f0a81942368fdcd0bc9744b4546c6c5b16e8,100644,d58df5a617f57449fda81f9b09c85824415d1e8a
ch_regr_mult_and_log/figures/eoce/gpa_iq_conds/gpa_iq_conds_res_gender.pdf,8516,0764c126019479d93e6f11a44becf126501abdd8d7d3163a26f975ffaf8db416,100644,bd51b7a5e9cd9b88e37d3bd75931973c37bea818
ch_regr_mult_and_log/figures/eoce/gpa_iq_conds/gpa_iq_conds_res_iq.pdf,9199,0486d83594aecceba6f3898e61ad2a7c098d9be7228b9f18c3fdadca87ccee88,100644,b1d6598588f7b399252f60f16d57689fbf3c57a6
ch_regr_mult_and_log/figures/eoce/gpa_iq_conds/gpa_iq_conds_res_order.pdf,9400,794882676b4e882a6eb79d904ba5f21c88b72a9cf48ad35732cd35be56974b0f,100644,23e702da119cac9a5b1b3377c7ec29e98aa7c39c
ch_regr_mult_and_log/figures/eoce/log_regr_ex/log_regr_ex.R,844,302c7ad2ea2d5bcf6717c5b402da4ecb6904d0f2b1d1295e5fde62998a83ebd0,100755,3f0fd0c119752be0c66239e36850d92eed28c258
ch_regr_mult_and_log/figures/eoce/movie_returns_altogether/horror_movies_conds.R,3472,f74a20d6dd271e12dd5ee81224174908f18454b3389a3f66159d540dd8981097,100644,d0adb925886b9708715dac85914b95b1c7b65e4a
ch_regr_mult_and_log/figures/eoce/movie_returns_altogether/horror_movies_conds_hist_res.pdf,4806,0717b373afeb332e74aa2c7a26362e116190d8d74b79bc3e83964ec55a258728,100644,103b3343363d274300fa3942f6026c5e6f726210
ch_regr_mult_and_log/figures/eoce/movie_returns_altogether/horror_movies_conds_res_genre.pdf,68286,75c0836fda6e5ccb76ee984955ea80fa93ac9ea888c6dcd4e5d66dec546c64bf,100644,a915282087a036cf1ee5d9752960a5c615bdc3e6
ch_regr_mult_and_log/figures/eoce/movie_returns_altogether/horror_movies_conds_res_genre_fitted.pdf,60773,acc5f666acd036bfeabe2e0b28b02c3aed6072a5ed3ca6d0f8c66e12c84b415f,100644,ab3a63f9ac8e28ecac32c399b0a8a86f27efd7fb
ch_regr_mult_and_log/figures/eoce/movie_returns_altogether/horror_movies_conds_res_order.pdf,64243,4ea586c0e4d48b37b05d47f0b744230778d25c9552a31222374e8648a12fff21,100644,53c1ddcc9bff3e0501ea9d82b79be2bf82abe00f
ch_regr_mult_and_log/figures/eoce/movie_returns_altogether/horror_movies_conds_res_year.pdf,55602,2f23294feb7460dbbf6e22f5ca04bbb4431f8a3a77918094250e8f1b76eec6a6,100644,d532376404ca27113e12cf0aae3518b2096fd12a
ch_regr_mult_and_log/figures/eoce/movie_returns_altogether/movie_profit.csv,312621,c0e12dd39368dc097114a34dcabd8da1a5a7d8112cafdba9a48738659715ca03,100644,2a3cdd692234d37d4b34f4ed0719d2ce8dc6db3f
ch_regr_mult_and_log/figures/eoce/movie_returns_by_genre/horror_movies_by_genre.pdf,58989,faf2cf191bcc76658e8a1086622ce22161bf6c434e7f766d3e4ed33fd9f8ae40,100644,a081fe11a96fb104690c06596c1a2b2c305244c2
ch_regr_mult_and_log/figures/eoce/movie_returns_by_genre/horror_movies_conds.R,1688,28ca2cd444a5176145457fdbd940721479b4177fd959108a0e0c651b7349d4d8,100644,d7fe568ca03bbe9560771de6205286e104e65f10
ch_regr_mult_and_log/figures/eoce/movie_returns_by_genre/horror_movies_conds_hist_res.pdf,4806,0717b373afeb332e74aa2c7a26362e116190d8d74b79bc3e83964ec55a258728,100644,103b3343363d274300fa3942f6026c5e6f726210
ch_regr_mult_and_log/figures/eoce/movie_returns_by_genre/horror_movies_conds_res_genre.pdf,68286,75c0836fda6e5ccb76ee984955ea80fa93ac9ea888c6dcd4e5d66dec546c64bf,100644,a915282087a036cf1ee5d9752960a5c615bdc3e6
ch_regr_mult_and_log/figures/eoce/movie_returns_by_genre/horror_movies_conds_res_genre_fitted.pdf,60773,acc5f666acd036bfeabe2e0b28b02c3aed6072a5ed3ca6d0f8c66e12c84b415f,100644,ab3a63f9ac8e28ecac32c399b0a8a86f27efd7fb
ch_regr_mult_and_log/figures/eoce/movie_returns_by_genre/horror_movies_conds_res_order.pdf,64243,4ea586c0e4d48b37b05d47f0b744230778d25c9552a31222374e8648a12fff21,100644,53c1ddcc9bff3e0501ea9d82b79be2bf82abe00f
ch_regr_mult_and_log/figures/eoce/movie_returns_by_genre/horror_movies_conds_res_year.pdf,55602,2f23294feb7460dbbf6e22f5ca04bbb4431f8a3a77918094250e8f1b76eec6a6,100644,d532376404ca27113e12cf0aae3518b2096fd12a
ch_regr_mult_and_log/figures/eoce/movie_returns_by_genre/movie_profit.csv,312621,c0e12dd39368dc097114a34dcabd8da1a5a7d8112cafdba9a48738659715ca03,100644,2a3cdd692234d37d4b34f4ed0719d2ce8dc6db3f
ch_regr_mult_and_log/figures/eoce/possum_classification_model_select/possum_classification_model_select.R,2034,4609f39fd641218cef37df01d127bf8da921473b0f041d13331ac4f8d81c15e9,100755,eb9392c0fe9348c7f6238fd314c4af0f2c1aebfa
ch_regr_mult_and_log/figures/eoce/possum_classification_model_select/possum_variables.pdf,7594,f86bce57c9ae89ca5c68e0f6f699eb83396dd8b9a75ddaf3e1fb4ef523670444,100644,fe3dd5b88376c97a0d07b19bfce74a1327b801fd
ch_regr_mult_and_log/figures/eoce/spam_filtering_model_sel/spam_filtering_model_sel.R,869,dfb9916396dfa65a9dc08f8c825a1480872264b27ba7b3191ac059d0892a1cc8,100755,7b1a65f55c88b9cef64a88846771c0cf75b128c9
ch_regr_mult_and_log/figures/eoce/spam_filtering_predict/spam_filtering_predict.R,677,520f631b03c78516d669e664bc6fd66f70b7a7ea3ca19cd1073bf972c4c689f1,100755,75134f0cfd14695f1b8b45686a644993ab826c23
ch_regr_mult_and_log/figures/loansDiagnostics/ignore-loansDiagInOrder.pdf,548961,b43955ebdd7392767a88e611ad1557203690b3ddee0ebb890b50c08cf8e56a6f,100644,be87ea6d76a78cca25641672b891548615d967af
ch_regr_mult_and_log/figures/loansDiagnostics/loansDebtToIncomeHist.pdf,4866,a9e8e315ee61d123493d4295a2a932f6f0adf0629aa2cf69d5711beb685ea02f,100644,9558d87836cc33e9e6e3072251db5daa7f42f628
ch_regr_mult_and_log/figures/loansDiagnostics/loansDiagEvsAbsF.pdf,620673,b8b64cd5aeb081c9d8115812b464c2f50a43a5352be5a1edc8b2606c6b149603,100644,6a1868a59a0b13c5593021cf804b381f6336c24b
ch_regr_mult_and_log/figures/loansDiagnostics/loansDiagEvsF.pdf,652920,99deff3086efc14ca5645b25758511dfdfd863254e2d7810439113d418adeea3,100644,6c6e5d7d9191a3170b54e5ef282054748a894b6a
ch_regr_mult_and_log/figures/loansDiagnostics/loansDiagEvsTransformDebtToIncome.pdf,1193068,9fb075c78bb3522dd05edf14208ff757adab5be4ccbb4d0a894f6152884dbfb1,100644,c15d04823241677d5b545d8be87ffac28b9fd975
ch_regr_mult_and_log/figures/loansDiagnostics/loansDiagEvsVariables.pdf,1814387,2dd8df4d975221cc0a31c055335c80ed6b2ac20604230c67e4753382ef8ee5a4,100644,f4fb58dcbc4ec06792fa9455d309080534aa87de
ch_regr_mult_and_log/figures/loansDiagnostics/loansDiagEvsVariables_1.pdf,590646,50c1da599f9d350d5da24f2816091447d4416b1e37d4dfd67574daa03b5a05c5,100644,b96869b3b3b302b6b3683e2f95a8f36cdccf5ac4
ch_regr_mult_and_log/figures/loansDiagnostics/loansDiagEvsVariables_2.pdf,612162,1e4036cdd372b60a3354b06e965e8355e59691893a6a0cfae392e35f2be5dad4,100644,e9271c63c8ccdfb6cc49815e7d2b36a21038943d
ch_regr_mult_and_log/figures/loansDiagnostics/loansDiagEvsVariables_3.pdf,514476,6b7946bdea497359da73ffe86e51f1b54f8ecd1e90ca0cd970adf2a05964f3a1,100644,1e8ecf8caad3f2dc282a20c2518096c58a264a58
ch_regr_mult_and_log/figures/loansDiagnostics/loansDiagNormalHistogram.pdf,4833,90245f75f3f13f652d74474877fd3d9d2a541d31f9940906ae58a3ea66bb00a9,100644,9d9fe3b24deb25f6edfa7919f7b3e95c74c0baa7
ch_regr_mult_and_log/figures/loansDiagnostics/loansDiagNormalQuantilePlot.pdf,580343,781736f0ca8030b0adcf3511fedb63e20a53d01ca61e807d5380e584cd394339,100644,a70109d6771a31dd04e6399c610b7822d06ec045
ch_regr_mult_and_log/figures/loansDiagnostics/loans_analysis.R,5438,f398b5df827e1f4905b3b9a4618f0e41d6bbaa9eba2756e94693822398ca2717,100644,1dd3b107c0b13d53e1620f51f9a294cadc9e92d5
ch_regr_mult_and_log/figures/loansSingles/intRateVsPastBankrScatter.R,849,4c525dca143caeaeac0b5713558b3614d151ecdb24e9455ef10dedcdbc976aed,100644,308747665f7a1fb4fea7464c3a6c74fc9ec95222
ch_regr_mult_and_log/figures/loansSingles/intRateVsPastBankrScatter.pdf,94705,86b1140b357719448bd6f4620664adb01c545aa2774ab39c4aff7c24152e389e,100644,cc836bb53936407f47e51ce4405f8793ba0f0dd6
ch_regr_mult_and_log/figures/loansSingles/intRateVsVerIncomeScatter.R,964,8d3b8f85229c0c2fd0ca1fabb4203db590c87c644af72712870435a748a16271,100644,db712732d16dd71d7dad660ca8b4a4913eda5c86
ch_regr_mult_and_log/figures/logisticModel/logisticModel.R,6311,de400455b8bcd799cdcb34ee8be1c0549eb8b4775adf4a0e18bcacbaf54cf101,100644,f409a0facff0b5c8b9d58f4824c3890bfb9cbaec
ch_regr_mult_and_log/figures/logisticModel/logisticModelBucketDiag.pdf,257779,d2be49e38a8306acaf9094e8f5dfa25d51a34637cfe2d871b11065d03295bbba,100644,394216f3d86540d4c2088349e784624a2009a7bd
ch_regr_mult_and_log/figures/logisticModel/logisticModelBucketDiag.png,362954,073f6974e6b7b0ae9a644cf2630de5c4bb6d085335f98ea0bba905fc9cc68c4d,100644,0ee32fc0e66c1dacd671f7ac404eab15ecbd1881
ch_regr_mult_and_log/figures/logisticModel/logisticModelPredict.pdf,261352,4c25cfaf75b0405ca12d5fcdef0784940b24f96a7375e123ea249cc2fed66f87,100644,f41c218c4697cad448a8a1ae805a4d2382703238
ch_regr_mult_and_log/figures/logisticModel/logisticModelPredict.png,268205,87d1bc2cea9b144cae9607b00ab60e6c91fcf8240890ad6093011b13a0c27f65,100644,b76696b376040f6ea490c5a270f729d8691f50c5
ch_regr_mult_and_log/figures/logisticModel/logisticModelResidual.pdf,85597,47f09b8ead8d408f588f384e4aa5b0464329b95fe9ec8ed736a04b1e566f45f5,100644,2e70815c0a6911e1981998d7abdec6ca96ab26c1
ch_regr_mult_and_log/figures/logisticModel/logisticModelSpline.pdf,259356,b91eb9256236cf154d48a5b58b385ee56ec7f1dcceb93ee7a4290b93d59719c1,100644,a23d0fb268cb9a6db3118e3b3cf2f7c952ffd5f9
ch_regr_mult_and_log/figures/logisticModel/logisticModelSpline.png,394443,cc0aa7067fd67793570736b498b57a22a4d591b31ae8c84dcf8bead67f8b5b8a,100644,5b8e1ab6ca4d6ed4d4bb27be2a7e11852154cfa0
ch_regr_mult_and_log/figures/logitTransformationFigureHoriz/logitTransformationFigureHoriz.R,1073,9e3b4bd225c66adc8462cd2ccb7bbf466ec80baa8d4a8c8eddadc265bfefc7dc,100644,7e8f1db8d19c06b97e9a32c4790d2ccb98d85b2d
ch_regr_mult_and_log/figures/logitTransformationFigureHoriz/logitTransformationFigureHoriz.pdf,30189,49ab0e011e2cb15d6859b1bbbeb8a83bde97b157d598f0b00f549b1bed1299b3,100644,700647887192303882dc5d0aa6251e9371b86d9a
ch_regr_mult_and_log/figures/marioKartDiagnostics/marioKartAnalysis.R,7321,cde7a647df6e4bb8a0a07690aed35929532f4f9106bd28bf02384b56ba481877,100644,6133d310194bd2b44fc0daff61d5df603287c041
ch_regr_mult_and_log/figures/marioKartDiagnostics/mkDiagResHist.pdf,4743,37c14cc1a0b4801ba8671d577a8d53b852dc56a3a6b6e49afd3c87f475a6fc85,100644,9b78ebbb9ad1c95cb60edd8e3c445d6f27aaa7dd
ch_regr_mult_and_log/figures/marioKartDiagnostics/mkDiagnosticEvsAbsF.pdf,12484,73c1c60e77b3288ee8e025f49ae724addc0e2a77191179e3d924d09ab43b6f5c,100644,0225977866f8e543067f5f8ab9739c694360ab6c
ch_regr_mult_and_log/figures/marioKartDiagnostics/mkDiagnosticEvsCond.pdf,33786,d16aaf5ca4a5b2a665f061674aa2f648ab7c7234bd864c12e5b29ea335452f16,100644,0bbb4d45fa61cbc021d840c4563499cb49f6a320
ch_regr_mult_and_log/figures/marioKartDiagnostics/mkDiagnosticEvsF.pdf,12437,f9b3c3f606ef8c2f81a65f853f80230bf9d98923c8b6199b3f0418bdbb955bee,100644,12199bab6d6f7ddd150f705529946657582fc99b
ch_regr_mult_and_log/figures/marioKartDiagnostics/mkDiagnosticEvsVariables.pdf,25220,0560e0fcc6aa8299d8a4fab0329b13977ebedf00fcb31c171468688677d4341c,100644,a962b48713074f458377f9156807aea37bdfe64a
ch_regr_mult_and_log/figures/marioKartDiagnostics/mkDiagnosticEvsWheel.pdf,40211,9772321741e9b8bba45a84554a36f97fca8e23b96399064edac397943f91abf9,100644,9589a25d0bc2cbcf4a69a6998c1d2792c470bc86
ch_regr_mult_and_log/figures/marioKartDiagnostics/mkDiagnosticInOrder.pdf,14473,a388a37b9b3e54f27427417fa675d3963a71874c63e8b4d01286003075ea23f8,100644,29acfca71bcb95e80ef8c67ea04a90644f66c124
ch_regr_mult_and_log/figures/marioKartDiagnostics/mkDiagnosticNormalQuantilePlot.pdf,13223,9cb7d32a530ad2a6381c57d272024a0134d59fe418b23c9b7e4cc7820104eb5c,100644,1f2ce02a6c3470f6747f256dab8bc95eaacf5e87
ch_regr_mult_and_log/figures/marioKartSingle/marioKartSingle.R,808,bd91cc3fe2d4d52dd5388cc329620ec6b09e5d9e4f8b6eb31285b424628ef7f9,100644,1f5f37535a39bc1fafc358c9a21e080e75235693
ch_regr_mult_and_log/figures/marioKartSingle/marioKartSingle.pdf,9643,cf730f22470b470e5e792921a2fee8244ada838a5c196303805f0e137118d095,100644,a680ff1782c964adc65087e9fa477e223008bfb5
ch_regr_simple_linear/TeX/ch_regr_simple_linear.tex,78195,0007f2802de59ecc9f33a777214f7d44fd61d16fd38cabd7733f099cdeb6852e,100644,e0650d9fcccecd472dee5863a6ca2137df89934b
ch_regr_simple_linear/TeX/fitting_a_line_by_least_squares_regression.tex,13017,e3ddfca25df91450f9994bd9d829b56e3a6b44f5a700fe91d1b9334f4b95b1a5,100644,2bc5eaec8077a71b8aa207893c8ae6aa7c240f0a
ch_regr_simple_linear/TeX/inference_for_linear_regression.tex,11062,376669d6ebd096ec1ad18e79c42bf7821dbfb9f939a25c76ed71cf9091be533e,100644,b16e26be7b12dc1f5a6597f01b1d7231aea9b267
ch_regr_simple_linear/TeX/line_fitting_residuals_and_correlation.tex,26319,5806569ba5c29d4addaa4a7ccfaf076448490c00a7f6d1938378764d226d013a,100644,134359a01ef67e0f7daf4d0973d4f8ef9c546ea0
ch_regr_simple_linear/TeX/review_exercises.tex,15870,a7ca163bf6f2cefe5c348a58c23917809af184c9b1eb97de7426df50fcfbd8a0,100644,8d59650c4985be971a2bface2d7c1a8efa62b072
ch_regr_simple_linear/TeX/types_of_outliers_in_linear_regression.tex,5752,782cd7bf220c1a3776bc6f7cfa184732959c3a67a96583165db5d8fa7e5acb2c,100644,a68978a1bcce6c289b1788b76198e5c93e8699de
ch_regr_simple_linear/figures/brushtail_possum/ReadMe.txt,123,471414b55c4dce5fa5ac7b4a1a533bee7de0ef131eba0de3b44d731dd2124e36,100644,c71c6290aa17e5ed55de315fc379711763f25826
ch_regr_simple_linear/figures/brushtail_possum/brushtail_possum.jpg,2256624,774131483247aed4c6dadc2ad1d555775b6bc588dd41834e33a6f6d32f8a7c38,100644,74410ba92d822ef2bc33aaa6b7fa0ae645ef42dc
ch_regr_simple_linear/figures/elmhurstPlots/elmhurstScatterW2Lines.R,1374,63ce4a353806510100ea25325eb428b74328ab4a29c61a7da94ff2c87ad9c844,100644,98e3a00ed6ebd8773abb7635c6c1b95f9ab61ff7
ch_regr_simple_linear/figures/elmhurstPlots/elmhurstScatterW2Lines.pdf,7824,f231e9f6fa5279fc5e17647438f69e207d16aba0a37a53383ae1806c335ba469,100644,10abd136d0dcedcfc57b92d9955c10018536dd16
ch_regr_simple_linear/figures/elmhurstPlots/elmhurstScatterWLSROnly.pdf,7804,9588628e6f6d57762d18f53184473c77cafaaf5f05b0a95f04eed99ed0de26b3,100644,0ea1f61e802386996d9651f23ac6cb85fad0adfe
ch_regr_simple_linear/figures/eoce/beer_blood_alcohol_inf/beer_blood_alcohol.pdf,4590,5c97c579105e498381b6c4f0aaa3dba2c157a4b1e727d814454545a986ac5b2c,100644,d4a55f5dd56771648b4601f8c3123b0705c2cca9
ch_regr_simple_linear/figures/eoce/beer_blood_alcohol_inf/beer_blood_alcohol.txt,169,3f0d5b5c56d912f33a987d22335155a234c2dce2260847b28a0e43d7ca3c2c1d,100755,dd97235fa861f4a45c92d2b13bae52ba5d0b922d
ch_regr_simple_linear/figures/eoce/beer_blood_alcohol_inf/beer_blood_alcohol_inf.R,744,29446657da332cabec63e3be2ab3ea7cd986df4b386366795ef9a980138484dc,100755,eeff10a1803ee22989db709afdebca79b48f32a6
ch_regr_simple_linear/figures/eoce/body_measurements_hip_weight_corr_units/body_measurements_hip_weight.R,302,6103e5bf52446d1206765afec09b40f83e3cade3395af7a6163848695bdcaa72,100755,c22f3bcd2ff1674d294fec1ef80d185d7f29777c
ch_regr_simple_linear/figures/eoce/body_measurements_hip_weight_corr_units/body_measurements_weight_hip_girth.pdf,33024,495300fb06a58532418fcda55da557567a7aa42785527c5ed7fb14075962ff3c,100644,dc7898588425dcc6676f917eea530fc1da696afa
ch_regr_simple_linear/figures/eoce/body_measurements_shoulder_height_corr_units/body_measurements_height_shoulder_girth.pdf,32015,dac0fb88c3a6e1f7e3795059394647e21d5ac2e165d9018e1a82c78631525fec,100644,8c121709f3ae3bf4031d9fda6e23340ef47ebf8f
ch_regr_simple_linear/figures/eoce/body_measurements_shoulder_height_corr_units/body_measurements_shoulder_height.R,690,0fdbffc9e6cc14b9c7f608f3d7abb5fc15d90a07d63faeb5a6e7d933a5ba04cf,100755,7f824a7b174b4433e011160228f9aaef0302ff0c
ch_regr_simple_linear/figures/eoce/body_measurements_weight_height_inf/body_measurements_weight_height.pdf,31769,165da84965accf16c7e93171931037f20c0e5ae4df8b1eef3c54d4fcabe08bc7,100644,692dfeadc35f2e4f5ef5856b03bb7b2c0f1aa578
ch_regr_simple_linear/figures/eoce/body_measurements_weight_height_inf/body_measurements_weight_height_inf.R,902,962feaa6d1e09ee18097925a05f284a19b2f7e0d2f2416f2b6cfaab468c313c0,100755,ba5c4f1cda3793f06203124f9efd0fd2ecb6f6ac
ch_regr_simple_linear/figures/eoce/cat_body_heart_reg/cat_body_heart.pdf,11134,d13ae491f69b90b4fe62b5d19642df8a2be6e4976638f1c1405f17d088d1352d,100644,83acabde5c638cbff25ce9e8461ba465bf59e885
ch_regr_simple_linear/figures/eoce/cat_body_heart_reg/cat_body_heart_reg.R,910,70a161660c370e938f5b3c0f3e57e8b8eca81777315f80fd816fc50f0d8864ac,100755,f5ca994bb8187b11ee29c2de2cf6f09addb365e4
ch_regr_simple_linear/figures/eoce/coast_starlight_corr_units/coast_starlight.R,689,f9894ab1497987017b6397278cd1bdb2547d74bbf253a3d1509789fce78ebb89,100755,31170c35259d7e49dcba29e8f3ed819da99bbf7b
ch_regr_simple_linear/figures/eoce/coast_starlight_corr_units/coast_starlight.pdf,4680,4987c1acc5901d70ae399f62cada065651f06d2fcb6639ac5f51c947f02a4bd5,100644,8d0b57d2376137a96303f2e847d31513eb194a2f
ch_regr_simple_linear/figures/eoce/coast_starlight_corr_units/coast_starlight.txt,1113,d1533c95d17a4f6d596622bf3bdc2524e4949cf4fbc4df9edeb8fbd1870cb849,100755,1b7236257eb3584dc4f28502189a3c94ab191af8
ch_regr_simple_linear/figures/eoce/crawling_babies_corr_units/crawling_babies.R,750,b229e81cd2341db28a0a21cebf91b9888bc9f1eb50b14124cf8cb0098d3acebe,100755,d585a1ba9d838b0d91058771a80df2348b28b7e4
ch_regr_simple_linear/figures/eoce/crawling_babies_corr_units/crawling_babies.csv,345,6d0542cb021acf997d78729b33fef6e0d0ac6de6f961ab443df53539731dc2d9,100755,8b6de56af2e3ef452013d1e1d699e2c562b1792a
ch_regr_simple_linear/figures/eoce/crawling_babies_corr_units/crawling_babies.pdf,4669,fd80c7ad025a03872e9557819afe0c721b06962ff1e45709c4e3db6ef73ff0f5,100644,a71cbb4b59150a93242edcb131180e41ff6ab2c3
ch_regr_simple_linear/figures/eoce/exams_grades_correlation/exam_grades.txt,6911,cb85c275251d4c1d5dfa18bf9ae35d9db1f40520ec2dfb2a02fb5468e1d8dbb5,100644,8d2a2a5c548831020cfee484a2d97100a7f435bb
ch_regr_simple_linear/figures/eoce/exams_grades_correlation/exam_grades_1.pdf,18355,505be424e39584e76408df2516a8483057e4cfb05aea2f82f1da105a8755e877,100644,2f23f42db39dd13a7411636067147b16f72568bc
ch_regr_simple_linear/figures/eoce/exams_grades_correlation/exam_grades_2.pdf,18373,e06e575a0f7fad12a0c5ef446bfc4a72e45b5acad74d8c2f7b0444952255264c,100644,27636d2391358e1be38f577b1681570e609cd592
ch_regr_simple_linear/figures/eoce/exams_grades_correlation/exams_grades_correlation.R,1390,0f7df1c62083e6e631e24e4e4ecfa78ee246af284f9a086ba672a93c304ab053,100755,4f77d80dd51741c0ea8b925760eacfa4877f228e
ch_regr_simple_linear/figures/eoce/full_lin_regr_1/prof_evals_beauty.csv,99815,1e58b5639a1f84b0443bb8b705110dd7bdababe026ee1fed9bea9a009ef62842,100755,5c7e832100752524600ced7374a8c3061b59b8ed
ch_regr_simple_linear/figures/eoce/full_lin_regr_1/rate_my_prof.R,2619,45bc8f1649e47db82e19dfb7cde42fd5c5d7330ad478cc9d349bfc694929bcf3,100755,e6c40d6f023ae832f54a44e29ae197654b26ad3a
ch_regr_simple_linear/figures/eoce/full_lin_regr_1/rate_my_prof_eval_beauty.pdf,24685,b413592343a31eebc1cbebb64e22de5931ee8ea1cce9363a62a453946a0dd2c5,100644,a4c576497f76344201827d5bd16164df78a753c9
ch_regr_simple_linear/figures/eoce/full_lin_regr_1/rate_my_prof_residuals.pdf,26342,e9ad1c8e6c4adfd4c8415c1afc3d1008d1702e433758d41689e467fb953f5e27,100644,96451ef084bf91d4b531627d0dbadea64a7ad12b
ch_regr_simple_linear/figures/eoce/full_lin_regr_1/rate_my_prof_residuals_hist.pdf,4369,fffe244d497d02455d94e8c0c9efceb1d2738f9efeba45cab181b4b445559d6d,100644,96b70a5bf8ad4322cd06ac95d797171a69cfdf2c
ch_regr_simple_linear/figures/eoce/full_lin_regr_1/rate_my_prof_residuals_order.pdf,30045,597514ac36a7440c41f03b17ee8714e7f7727c99a756e654688a3295ae2720c5,100644,53d0e716e8b98c84b97741a704703881c7f82afb
ch_regr_simple_linear/figures/eoce/full_lin_regr_1/rate_my_prof_residuals_qq.pdf,31837,582c9b25771db8591e8aa08dd304a6ce6e3c3b81a34f6f65f63c247261c04dc2,100644,c115813bf4a3d1841354bcea9d0da0ff2d57371a
ch_regr_simple_linear/figures/eoce/full_lin_regr_2/prof_evals_beauty.csv,99815,1e58b5639a1f84b0443bb8b705110dd7bdababe026ee1fed9bea9a009ef62842,100755,5c7e832100752524600ced7374a8c3061b59b8ed
ch_regr_simple_linear/figures/eoce/full_lin_regr_2/rate_my_prof.R,2619,45bc8f1649e47db82e19dfb7cde42fd5c5d7330ad478cc9d349bfc694929bcf3,100755,e6c40d6f023ae832f54a44e29ae197654b26ad3a
ch_regr_simple_linear/figures/eoce/full_lin_regr_2/rate_my_prof_eval_beauty.pdf,24685,b413592343a31eebc1cbebb64e22de5931ee8ea1cce9363a62a453946a0dd2c5,100644,a4c576497f76344201827d5bd16164df78a753c9
ch_regr_simple_linear/figures/eoce/full_lin_regr_2/rate_my_prof_residuals.pdf,26342,e9ad1c8e6c4adfd4c8415c1afc3d1008d1702e433758d41689e467fb953f5e27,100644,96451ef084bf91d4b531627d0dbadea64a7ad12b
ch_regr_simple_linear/figures/eoce/full_lin_regr_2/rate_my_prof_residuals_hist.pdf,4369,fffe244d497d02455d94e8c0c9efceb1d2738f9efeba45cab181b4b445559d6d,100644,96b70a5bf8ad4322cd06ac95d797171a69cfdf2c
ch_regr_simple_linear/figures/eoce/full_lin_regr_2/rate_my_prof_residuals_order.pdf,30045,597514ac36a7440c41f03b17ee8714e7f7727c99a756e654688a3295ae2720c5,100644,53d0e716e8b98c84b97741a704703881c7f82afb
ch_regr_simple_linear/figures/eoce/full_lin_regr_2/rate_my_prof_residuals_qq.pdf,31837,582c9b25771db8591e8aa08dd304a6ce6e3c3b81a34f6f65f63c247261c04dc2,100644,c115813bf4a3d1841354bcea9d0da0ff2d57371a
ch_regr_simple_linear/figures/eoce/helmet_lunch/helmet_lunch.R,1189,572157698fd1e5d5edbf237607430bbf10077910b62a0802bd8d612cec282b5f,100755,19915fff3a0a2b9d406e0a7fddd4435d63fc1ba3
ch_regr_simple_linear/figures/eoce/helmet_lunch/helmet_lunch.pdf,4652,04565fbdc9485c515838b0a860098672b8e3d04dd89f311d60e0eb7bc76b3982,100644,726b3693f7943e00e1beeb2361b62bbc5718a6cd
ch_regr_simple_linear/figures/eoce/husbands_wives_age_inf/husbands_wives.txt,5922,4927286acbaaf5f5c83e78fee1aba1b7324a8b1e0b0838917593e317c620416f,100755,04a0713e41970909b5a174ab94c789707b3da47d
ch_regr_simple_linear/figures/eoce/husbands_wives_age_inf/husbands_wives_age.pdf,12347,6e33aebc23585682b4dca460c35f3f187678378d9142911772d04c981a1cfcb9,100644,1f002bf0a0fb1bdead66601a11438e5c8f669a84
ch_regr_simple_linear/figures/eoce/husbands_wives_age_inf/husbands_wives_age_inf.R,1106,cb39512cc48c1d719ce97f802c036422e4dbdea5578e9757cb43b3cfd15b5513,100755,6aeb3b1f5778402d10c54757eec3774d757c83b4
ch_regr_simple_linear/figures/eoce/husbands_wives_correlation/husbands_wives.txt,5922,4927286acbaaf5f5c83e78fee1aba1b7324a8b1e0b0838917593e317c620416f,100755,04a0713e41970909b5a174ab94c789707b3da47d
ch_regr_simple_linear/figures/eoce/husbands_wives_correlation/husbands_wives_age.pdf,12347,efad7fb9cca5bdec97117d6f7f01f08ae450b1b00ec74dfceff19ce8553a9ff9,100644,e6d61da96a19a3c82c86d66eb72f177343483683
ch_regr_simple_linear/figures/eoce/husbands_wives_correlation/husbands_wives_correlation.R,1468,42aad6e80ab4029c6df7e8b8271ecb646848ac058f4a6560e5daa334139616ab,100755,9a42c6fcc5a660223e5397f357184594d6cb77bf
ch_regr_simple_linear/figures/eoce/husbands_wives_correlation/husbands_wives_height.pdf,13795,1b02f5be6838ea62227c2e9961098823033470765f59464b7c8185f6d925b53b,100644,66d36364fdf0fe8c7cc81cbd110a76229a80d9dd
ch_regr_simple_linear/figures/eoce/husbands_wives_height_inf/husbands_wives.txt,5922,4927286acbaaf5f5c83e78fee1aba1b7324a8b1e0b0838917593e317c620416f,100755,04a0713e41970909b5a174ab94c789707b3da47d
ch_regr_simple_linear/figures/eoce/husbands_wives_height_inf/husbands_wives_height.pdf,13795,81c2193f58cddf59b2b8bcb225f6a852686b1d9f6c008be614f79c65bad5a513,100644,d68453749f47e36556c62593d9d116b3dd0488b3
ch_regr_simple_linear/figures/eoce/husbands_wives_height_inf/husbands_wives_height_inf.R,1133,38da6076c46dcbc367ba538e95364a1ec9332cdf593c902f108f8145e4c48da2,100755,f0da0a972e37ba075008330f7fb1f09bbd4b24e4
ch_regr_simple_linear/figures/eoce/husbands_wives_height_inf_2s/husbands_wives.txt,5922,4927286acbaaf5f5c83e78fee1aba1b7324a8b1e0b0838917593e317c620416f,100755,04a0713e41970909b5a174ab94c789707b3da47d
ch_regr_simple_linear/figures/eoce/husbands_wives_height_inf_2s/husbands_wives_height_inf_2s.R,1140,5430464761b1c4a49342cde19a09f9bb76e91ec12ee0187e2edc1747e1d49ddc,100755,da559c26479e980502d4ab37232ead56a9c6a9f6
ch_regr_simple_linear/figures/eoce/husbands_wives_height_inf_2s/husbands_wives_height_inf_2s.pdf,13795,81c2193f58cddf59b2b8bcb225f6a852686b1d9f6c008be614f79c65bad5a513,100644,d68453749f47e36556c62593d9d116b3dd0488b3
ch_regr_simple_linear/figures/eoce/identify_relationships_1/identify_relationships_1.R,2598,99acf168963cc4d99c8693ee40e5761d16f608e97fbac8fb8c9e4a340688c16f,100755,c67efaeacc3a6c20b9638d1abb3ce7fbad1ccd5d
ch_regr_simple_linear/figures/eoce/identify_relationships_1/identify_relationships_lin_neg_strong.pdf,5208,28351a8bd4fcb357ee2a7ecdfa7a92fe8f1a75cf6d5baa14121ed9d0d932ab59,100644,022a437bca3b6438188b595c09eee9c56b2f530c
ch_regr_simple_linear/figures/eoce/identify_relationships_1/identify_relationships_lin_pos_strong.pdf,5187,123d504534dfd5b07167d4cf7e67ba9b8583b83a9cc2cb8889def31448426e93,100644,4322fb3ee4e662eb1af47935fb91b8dbd115a5a8
ch_regr_simple_linear/figures/eoce/identify_relationships_1/identify_relationships_lin_pos_weak.pdf,5216,4e54f67d44b967ca756cf213c72d5e0d88919fa234965ab16065607c0128d6b9,100644,d6d93e6c3d23e1c8690da864d2baf572a73c517c
ch_regr_simple_linear/figures/eoce/identify_relationships_1/identify_relationships_n.pdf,5216,4527e8da75fd93bd42cf3f6804a750619ed74a421b2a05b698616bbbf4fedc39,100644,73a1075b7e654b17e0cc32575c27b60ddc154a6a
ch_regr_simple_linear/figures/eoce/identify_relationships_1/identify_relationships_none.pdf,5203,0ef4361ffa0710ae7ab674a6fa9787fa1b7b6145f1364383c109671b2d5c4706,100644,ba6b02f604a8cf1c073d7735dd237da024e1a29d
ch_regr_simple_linear/figures/eoce/identify_relationships_1/identify_relationships_u.pdf,5201,9693e4a31357ae7e829d6dfd904b2377a5cfc427634a48ab7f877e365aa92201,100644,dc947375495a523d79517b72d2d5517ecc3ca711
ch_regr_simple_linear/figures/eoce/identify_relationships_2/identify_relationships_2.R,2603,bbe4707cbd1e89a23a8eced229707763987fab640f8c13cf88fae3bac666d71b,100755,3f9be0c2a0bca08f2acedf2a1c01333dc4e810d0
ch_regr_simple_linear/figures/eoce/identify_relationships_2/identify_relationships_hockey_stick.pdf,5341,926262b86828beb9cf7865657f4c1e397f5c2238a83e8616ac2d0d619be6ed54,100644,5ad64df04a413d36f7f8667537a86ac4196de425
ch_regr_simple_linear/figures/eoce/identify_relationships_2/identify_relationships_neg_lin_weak.pdf,5358,7b9adeeb3e3b526e0c54f5b1c0aeb5cdcbf1bc9b3d038ce944643afb5dea9ecf,100644,19d3543175b10206a30286627dcfaed2d4d4ecb4
ch_regr_simple_linear/figures/eoce/identify_relationships_2/identify_relationships_pos_lin_strong.pdf,5367,911653f047f57b5199a6c5a3d3f5d86679d74255332bc4be83ef9050a5d15394,100644,8ae46e43797524e08a9c174c2e6f903e2629a4ec
ch_regr_simple_linear/figures/eoce/identify_relationships_2/identify_relationships_pos_weak.pdf,5353,99efed1f6ecc7d1d96f67981f0b599bdf887d67d9cf6818b5d353e5c458f49f8,100644,e100dffa2f40dbafac94e2383e6b730c67d3ddbf
ch_regr_simple_linear/figures/eoce/identify_relationships_2/identify_relationships_pos_weaker.pdf,5359,6def0c2f1317a5a5293ad098b3ac56d5dcbd070094fa88918865dfb4ddcd5f62,100644,a94134973c3f87a7f09ec2348a72ed63e9d4a9d1
ch_regr_simple_linear/figures/eoce/identify_relationships_2/identify_relationships_s.pdf,5339,276311265439cc224d00b1930ba3aaa9810db29c47100fb23aa3ea669da347ed,100644,e4d312f6c4897c929789f5acf794b9de5cc721eb
ch_regr_simple_linear/figures/eoce/match_corr_1/match_corr_1.R,1288,c139ff6cd1dc06b9670de3a33d72363d029b775bbd7cbe77d6b571215ba9487e,100755,d944cd9a46de84aa23253b83857a5ef08a92d36f
ch_regr_simple_linear/figures/eoce/match_corr_1/match_corr_1_u.pdf,11416,7a9ea24c83336fdcf0c2a24fae439bd07a96cbcc9453ac68b47db05a242347aa,100644,11af977105e7b1c3348daed35ac8fe28cfeea46e
ch_regr_simple_linear/figures/eoce/match_corr_1/match_corr_2_strong_pos.pdf,11461,97b340dd3539185f758c73df6ae68b37a985a35ad88cf417fd50f6d5331ea413,100644,5b43e54e07ea67f43e9ba3ab04c78cd219ccf70b
ch_regr_simple_linear/figures/eoce/match_corr_1/match_corr_3_weak_pos.pdf,11512,6701f3150479981a302d66a627e5dc6bc0ce7a820ac1e080f81d178b8ee25897,100644,37cce72a84ef7e6ed4a7a56d24c7933fed6ccc0b
ch_regr_simple_linear/figures/eoce/match_corr_1/match_corr_4_weak_neg.pdf,11516,35a20ad6a1bfc8f32fd12f155461c6f52b03593c87f8e8514fe056d43565c39e,100644,ecb731087d8813373ced8f2f537a8be18af5db79
ch_regr_simple_linear/figures/eoce/match_corr_2/match_corr_1_strong_neg_curved.pdf,11471,c99bf2c896f4caba0b3acda9c0ef425b1e0d5fa0b5aaecf6bc24b94fcfbfba03,100644,a2a68a3ccd2c8bd3e072114f8ff5f2d54c015ed1
ch_regr_simple_linear/figures/eoce/match_corr_2/match_corr_2.R,1491,70ff1b4d2ea95ee53dee633b7aebcdcfcfa75a261cacc51bfb57b53f28957099,100755,a21b4b72be106841779875f1cca554c1591307bd
ch_regr_simple_linear/figures/eoce/match_corr_2/match_corr_2_weak_pos.pdf,11514,01e31e4d2a5fba920828cf07f5f41ee6e51ee196f8dddfd8a1e9e952aa6f8e15,100644,62e33b0bff610911dd72cf77694ed1d0d11393bd
ch_regr_simple_linear/figures/eoce/match_corr_2/match_corr_3_n.pdf,11536,35ba41c8d18e3bbd1b75590587acaa5e0ea5c3743027293e8c5cfb772ceb8d7f,100644,3a01220800819a6b5f30060846cd4a1fc53d2e04
ch_regr_simple_linear/figures/eoce/match_corr_2/match_corr_4_weak_neg.pdf,11519,d4f07f6f1fe5456ac562d36ff177cedd1931dd18c08ac0700239fd81fde22925,100644,a246d9bd229f5a2fab8fb5748f8e9713869906d0
ch_regr_simple_linear/figures/eoce/match_corr_3/match_corr_1_strong_neg_curved.pdf,5203,c66962156bac2ef2bb0decd7d4be23bd0771be7a5811d207c313dd3924e074cb,100644,cd3d59eef950e9989099a903b7ff323a3eb2faf8
ch_regr_simple_linear/figures/eoce/match_corr_3/match_corr_2.R,2016,23f0426fe4875da16a119f400517ff8afa122eeaf85e085dcef1fc05fcf2bccb,100755,43bc62380080b358bf91b043d9f6987fa247b831
ch_regr_simple_linear/figures/eoce/match_corr_3/match_corr_2_weak_pos.pdf,5195,928c750657c33f657a5613d8518c78426ed9d906d4bf150338072cd16398bbf8,100644,5ffecf4df3e719922aab2ef2e71b095b16be9509
ch_regr_simple_linear/figures/eoce/match_corr_3/match_corr_3.R,1129,cb2993f7ecd2c0f603c22663d25a0603311c2a347f1b5c81d9e38f758a8dbede,100755,3f13d6f3aeaa5e76556e04957e0eeea8e6c7cacf
ch_regr_simple_linear/figures/eoce/match_corr_3/match_corr_3_n.pdf,5197,fa9e4f32101582dd1715bd0e39dbb8019d7e43483a9ed5584f8018d3649d7d4e,100644,4a7585a44996c2ebd482509ca8d769e2497cc09d
ch_regr_simple_linear/figures/eoce/match_corr_3/match_corr_4_weak_neg.pdf,5199,1af383c3831b382331f4b7bca784765bdd91c44c6ad31fc305300b5bbafe8a1c,100644,315f84c6be9b94a58102242cf39acc5ce937293f
ch_regr_simple_linear/figures/eoce/match_corr_3/scatter_1.pdf,11060,701fb63de2549d2e12b0be411b2f591b8bd5b3b20b8406ec5828b0ede61efedc,100644,97b5b9d2525802b5bad8d1d02278f4a9f050d96d
ch_regr_simple_linear/figures/eoce/match_corr_3/scatter_2.pdf,11275,d49e9140e6ed48dae862456d3fd4e815f8f60761b3212ce5e8f5472b55b18e1f,100644,7a7991e3af243b3cdae266149d3a4e117d7c1222
ch_regr_simple_linear/figures/eoce/match_corr_3/scatter_3.pdf,8759,502c46ce9c18697aed5a2bb6c88d439dd62164e2851709e807e082a9bbd108f4,100644,652df0aee9939bf998ec57f9f00d58461e7ec68b
ch_regr_simple_linear/figures/eoce/match_corr_3/scatter_4.pdf,12119,d1a71e2b4ec702a6d4278c5f487b2e5eb7826b2e1c809c27be347368c7bd3fda,100644,6d85761939e52dbb6c60d6286b7cfa34e01dcab7
ch_regr_simple_linear/figures/eoce/murders_poverty_reg/murders.csv,474,14c17c3b2bd296b24745d491be91f4de57f35864af1b83a2c4a9b50dfcd60eda,100755,7207d57716f284551cfdd40fd84bff286ba2c56f
ch_regr_simple_linear/figures/eoce/murders_poverty_reg/murders_poverty.R,1020,ef20f486bd09c7c5c09352af722a88ea4d80b61c900c019b66c4c7a90d259b82,100755,d9a695b6e8a4a1cfaedd24f34a5d463e472604af
ch_regr_simple_linear/figures/eoce/murders_poverty_reg/murders_poverty.pdf,4713,baae05b336f1f56e9c1264d2ea13c22a608c67b4b1e5828bd420e8b7c558c864,100644,fb92645d0bcec06c020bfc69d7df9b770a2705b6
ch_regr_simple_linear/figures/eoce/outliers_1/outliers_1.R,1581,9d0acc0981b16a5ac643c9cfdc90e522dcc34a2f92af955eb6ef1570fe95b213,100755,52cc13220a0c084550e17ca7cdb812b2f91568b9
ch_regr_simple_linear/figures/eoce/outliers_1/outliers_1_influential.pdf,7378,e7be69c8a4d9a8283ba6adab5677bf6145605d16f0599f89c0d8f5f8801d78d6,100644,cc710d03f5839d4c59ecc62dd35b7419d21ac191
ch_regr_simple_linear/figures/eoce/outliers_1/outliers_2_leverage.pdf,7345,e49577216468036732c7a9f33d6d8d95b6a8e793cf72db8e4259307ba98c7643,100644,1b073ed51860585fc0301b83042667e77fc6703a
ch_regr_simple_linear/figures/eoce/outliers_1/outliers_3_outlier.pdf,7540,226dd1ed42428ad869838acc7876624cf52866822ce9c5e6bbbb048ff08a2d2a,100644,bf5129be52e690eab84427d5b83f094f18484aee
ch_regr_simple_linear/figures/eoce/outliers_2/outliers_1_influential.pdf,7520,03f43aba70f4022886410867f2fb76cb87b0cf29cf957af1557fc4e7542fca53,100644,07b26fd220c0c38883ec2534f4343c3e6043aafa
ch_regr_simple_linear/figures/eoce/outliers_2/outliers_2.R,1598,8f04357881eb983d007e54d011c9f65e7e6481f7d2f476e1b301add80bb44bb4,100755,efb189e33768adb4a9b9fa61a85cf04dad21899d
ch_regr_simple_linear/figures/eoce/outliers_2/outliers_2_influential.pdf,7498,0dc3380a09133ff16217924994428534d4b88e15f5a77dc37069d9e309b120fe,100644,1e1814acc0216078130e52758b3be9560e62a3ca
ch_regr_simple_linear/figures/eoce/outliers_2/outliers_3_outlier.pdf,7577,1c84e1f971ad04bddfc45362ef5814c252f6b5a0cb72535acbf97da8c7953e05,100644,dc6d2bff217576be1d57b3d2ce541d8b4b76d515
ch_regr_simple_linear/figures/eoce/rate_my_prof/prof_evals_beauty.csv,99815,1e58b5639a1f84b0443bb8b705110dd7bdababe026ee1fed9bea9a009ef62842,100755,5c7e832100752524600ced7374a8c3061b59b8ed
ch_regr_simple_linear/figures/eoce/rate_my_prof/rate_my_prof.R,2619,45bc8f1649e47db82e19dfb7cde42fd5c5d7330ad478cc9d349bfc694929bcf3,100755,e6c40d6f023ae832f54a44e29ae197654b26ad3a
ch_regr_simple_linear/figures/eoce/rate_my_prof/rate_my_prof_eval_beauty.pdf,24685,f09398284e3530a43e15e63a3406d496185167a840b49ae6eb28b9d6210e7885,100644,978acea2f69e1c2b637e9b29a3e5db94c7813a39
ch_regr_simple_linear/figures/eoce/rate_my_prof/rate_my_prof_residuals.pdf,26342,e9ad1c8e6c4adfd4c8415c1afc3d1008d1702e433758d41689e467fb953f5e27,100644,96451ef084bf91d4b531627d0dbadea64a7ad12b
ch_regr_simple_linear/figures/eoce/rate_my_prof/rate_my_prof_residuals_hist.pdf,4369,fffe244d497d02455d94e8c0c9efceb1d2738f9efeba45cab181b4b445559d6d,100644,96b70a5bf8ad4322cd06ac95d797171a69cfdf2c
ch_regr_simple_linear/figures/eoce/rate_my_prof/rate_my_prof_residuals_order.pdf,30045,597514ac36a7440c41f03b17ee8714e7f7727c99a756e654688a3295ae2720c5,100644,53d0e716e8b98c84b97741a704703881c7f82afb
ch_regr_simple_linear/figures/eoce/rate_my_prof/rate_my_prof_residuals_qq.pdf,31837,582c9b25771db8591e8aa08dd304a6ce6e3c3b81a34f6f65f63c247261c04dc2,100644,c115813bf4a3d1841354bcea9d0da0ff2d57371a
ch_regr_simple_linear/figures/eoce/speed_height_gender/speed_height.pdf,40884,64866205a752ab1621ea3ca373ca9d5584fc76f7944c7fed7ac6f7427c6078f6,100644,c572c598b8c7843bc142a274c60f5ea7f18e9762
ch_regr_simple_linear/figures/eoce/speed_height_gender/speed_height_gender.R,1598,28d2abd43a6f9d5dfce9323ee09280bee5e6b4f0a807ecc47b9704e671f5520b,100755,c15897ca2c6b28be518e090b8f91784b1a644500
ch_regr_simple_linear/figures/eoce/speed_height_gender/speed_height_gender.pdf,14026,646f52e085b998c47328c695318efd36388a739e00d9b88e370db7c579da471d,100644,cb874f6ffa69459637ba14c14b16f0be0afa2876
ch_regr_simple_linear/figures/eoce/speed_height_gender/speed_survey.csv,19204,7a270293e99aa19f3801558cdc93ee3a015ab719a91239d8925aa75775ed2093,100644,b3260d09b4f99f4c237fce2a74ccf47d72ec2af8
ch_regr_simple_linear/figures/eoce/starbucks_cals_carbos/starbucks.csv,3612,f28d76baefd3e8950e898ec021fe7fa270645d55e2fbd2f29ed2e73383ab90fa,100755,00a337aa831c393dc17d6e8b1a710801fd2a0595
ch_regr_simple_linear/figures/eoce/starbucks_cals_carbos/starbucks_cals_carbos.R,1652,4e846b10479f472898ff5fb73e13a0e66eb200cedaa18b5e787b240bbfd4e9b4,100755,c6f863def7eafe958d4b761f2fc236df12979672
ch_regr_simple_linear/figures/eoce/starbucks_cals_carbos/starbucks_cals_carbos.pdf,8778,f9e36fed9ddc9f64e7577c198499edbac0b905d38f4060e4a5ecd101b8b6e433,100644,9cfc2572f423442c809cda3b31aeef287348f0b7
ch_regr_simple_linear/figures/eoce/starbucks_cals_carbos/starbucks_cals_carbos_residuals.pdf,8902,0fb22045c8f9939500940a360ef16131bcaaece21deec7b100eaf0f8d368acba,100644,839b35d38b3317c07334bf00c446ebf432dc7fab
ch_regr_simple_linear/figures/eoce/starbucks_cals_carbos/starbucks_cals_carbos_residuals_hist.pdf,4392,e1317a5ba354b473f9a151741456d0e257ae7d628ebd6ce9da4a1333a975a148,100644,791dca210890a7e80e6541a646279553b4461222
ch_regr_simple_linear/figures/eoce/starbucks_cals_protein/starbucks.csv,3612,f28d76baefd3e8950e898ec021fe7fa270645d55e2fbd2f29ed2e73383ab90fa,100755,00a337aa831c393dc17d6e8b1a710801fd2a0595
ch_regr_simple_linear/figures/eoce/starbucks_cals_protein/starbucks_cals_protein.R,600,5cf72d8b25da4cb6fd88107e0be8644ef03e6ac0f1df449ae516c0f2f8531d3d,100755,662506b94f350b13baf23894b01aa57cf640d013
ch_regr_simple_linear/figures/eoce/starbucks_cals_protein/starbucks_cals_protein.pdf,12205,5a6b986e96fd4a792afd6230c7683cf06f5a49bee31c0d41a707d227fb178e79,100644,7f193f05910a07eaac0ea4d3c6c7fc3ef2f006ac
ch_regr_simple_linear/figures/eoce/tourism_spending_reg_conds/tourism_spending.csv,723,de1c96c3962926ecfeef7c329e2cb639b719df1ecbcf8b03ad9eca38fa78cf3a,100755,29c335d0fe296909155a1521fd538c6ee20c3336
ch_regr_simple_linear/figures/eoce/tourism_spending_reg_conds/tourism_spending_count.pdf,7583,e7fc1d14f51edd75c8d64b0aced9f76c4c4a950668108d524fdbb72977eae60a,100644,8643e6226f7de3a3072cf0f6885ac14c51767b45
ch_regr_simple_linear/figures/eoce/tourism_spending_reg_conds/tourism_spending_count_residuals.pdf,7590,3b0ceb6f07fc3ae45d574fc8fc283a68ba1a5cccaa42b3493a43b37eca91e54f,100644,180bfc314b11d9cf75193dadf3bc706501e38ec0
ch_regr_simple_linear/figures/eoce/tourism_spending_reg_conds/tourism_spending_count_residuals_hist.pdf,4366,273f8d148124ffe600a9959ed3cf25a4805c4b3b7054c52f3e7960f202aab12d,100644,4459511253fde9f5fff9b77ed3f9c677c8c04e85
ch_regr_simple_linear/figures/eoce/tourism_spending_reg_conds/tourism_spending_reg_cond.R,1938,32f6167db939dca2de004b9bd34c0a61449dc1b55c57e65b18a6c2ebea8eb515,100755,8ab5fe2ab35dd981b6e354e14a7878b2fcecfc64
ch_regr_simple_linear/figures/eoce/trees_volume_height_diameter/trees_volume_diameter.pdf,4787,38b27442754efdca86e83b1f6416ecc5a14961a294bc45bbfcc026e2b6801fec,100644,e65ec13b6bda023b71f8ef386f43498a06d5fddf
ch_regr_simple_linear/figures/eoce/trees_volume_height_diameter/trees_volume_height.pdf,4773,f5821f76b3ef98fac2419fe463c8622718100bfe30307d3278e72ac78f1902d3,100644,bbab7f12e4ca8cb30c9b138055a17b764e28efc8
ch_regr_simple_linear/figures/eoce/trees_volume_height_diameter/trees_volume_height_diameter.R,1118,094021a70a9c8ac7cc654d726c0e6b8f67c577f80bf6e00541bd0eaad7e0ad49,100755,86af1b686b69c0e02c39b01e101184f476148e4f
ch_regr_simple_linear/figures/eoce/trends_in_residuals/trends_in_residuals.R,1134,c3399b4e110ce677b774dc451afb2e716b9dc479b0ec6f82d5c4e59a48906ae1,100755,36eebb2565788962ab66d6b5a908d01c3f82e911
ch_regr_simple_linear/figures/eoce/trends_in_residuals/trends_in_residuals_fan.pdf,6542,896b3b3bd345d4c3bc67379e9053b312fb19154249f8f82c6080b23f9f3d4c0a,100644,bf3fe5df4d59caf3c0e2d1be3ed059d7b6eda62e
ch_regr_simple_linear/figures/eoce/trends_in_residuals/trends_in_residuals_log.pdf,6561,ce7cf98ed4bed00fed59a3c4c03ab2471b233c42b99de349bb9b3bae50b3012d,100644,fb14d8df37c80de2280f4a0b16daa9486c3bbe7f
ch_regr_simple_linear/figures/eoce/urban_homeowners_cond/urban_homeowners_cond.R,819,02214facc21cf8a81f639e8f4b8695eab9a54d00ffb35a960a48bf4dd37832fd,100644,6e8c027efed68c027031ddfbd014a3a5f3fb1d37
ch_regr_simple_linear/figures/eoce/urban_homeowners_cond/urban_homeowners_cond.pdf,11086,2ece8fc38a37242f3919f219d2ef214f7286f88da9aa44151bc8977f4d974edf,100644,ab53e958a74b43e9b536fd21bb760892ce831f54
ch_regr_simple_linear/figures/eoce/urban_homeowners_cond/urban_state_data.csv,11503,7e7ae8d0c9402f3dcecc9f37af150418c2a3beda7fe44f19d9e8f627e0313813,100755,4853f804d83e0ebe06aa96842a9ce16389c58b08
ch_regr_simple_linear/figures/eoce/urban_homeowners_outlier/urban_homeowners_outlier.R,788,dc648f42f43fca5d1603eacda1226cf7a396dd343f9b4140b54b86b23227ce0f,100644,289e8c174fc31ba90659bf04394184696224060f
ch_regr_simple_linear/figures/eoce/urban_homeowners_outlier/urban_homeowners_outlier.pdf,7863,975f9d0c09415b9ecb7acc7ea56ac6cec1bbd2fdb88b1cffa065c72d03627fa8,100644,5ea9b6f4be227193a159872ad458a4c5c63bd33f
ch_regr_simple_linear/figures/eoce/urban_homeowners_outlier/urban_state_data.csv,11503,7e7ae8d0c9402f3dcecc9f37af150418c2a3beda7fe44f19d9e8f627e0313813,100755,4853f804d83e0ebe06aa96842a9ce16389c58b08
ch_regr_simple_linear/figures/eoce/visualize_residuals/visualize_residuals.R,1202,16d81c98a0323f3481391b13f980643172c3c35ee16bf25dc7584cea1e0da2f4,100644,81991efd25e171c12183b70ee003911b12cb62f1
ch_regr_simple_linear/figures/eoce/visualize_residuals/visualize_residuals_fan_back.pdf,5169,34ab2949a239df5077037a4909e02f3426eee5625ca06a55d822d81e772bf163,100644,e6e0ab943918f9c149699f4d35f40ea14b3a4afe
ch_regr_simple_linear/figures/eoce/visualize_residuals/visualize_residuals_linear.pdf,5158,0f875d07680c2456e339fcdc5f01dd0925b77f9f39bfae54a2c860a498bb1fba,100644,4f5bc00ccb85e97411f292385501d857076c20c6
ch_regr_simple_linear/figures/identifyingInfluentialPoints/identifyingInfluentialPoints.R,625,d13258d2e5858a84d19b72646c36aa299342132a4c76f69ad038d38b0d82269b,100644,931c1eeb3e8df8e6f013779d8d38528ec1fcabd5
ch_regr_simple_linear/figures/identifyingInfluentialPoints/identifyingInfluentialPoints.pdf,30353,0621594cb0d6541a16955989f2e046fff021717d8523dfbd2e2626f15cee8900,100644,216217abd4694def732ebc027cbcc5e0e4406e32
ch_regr_simple_linear/figures/imperfLinearModel/imperfLinearModel.R,625,67847a6c33482964f3099ec1d7e96d1d41544e608c759bf3af88942c90929ed1,100644,a7e93c69ad602871cc3622fa9ea3d0b037dedeb5
ch_regr_simple_linear/figures/imperfLinearModel/imperfLinearModel.pdf,33711,d1ea05a52f2b63d1fd64b9620b0155a79a531f5b8339d0d75d048200e2096c06,100644,1a20ce55d6b3a2e05a85601eec67030adb3ba694
ch_regr_simple_linear/figures/marioKartNewUsed/marioKartNewUsed.R,1052,9fcd6ed665b33b6d41fd8ab8298e26181af77e22d0ea1075ff78b57b78d24deb,100644,0f4e56650ca2be0ddf7989a60a5fca0883858489
ch_regr_simple_linear/figures/marioKartNewUsed/marioKartNewUsed.pdf,9881,55953d18f533140f11e1d7f132f3671470363800193d6d5e6df7598987723d2c,100644,88bc009686ed7660192be09b570a4e68a65bf3ec
ch_regr_simple_linear/figures/notGoodAtAllForALinearModel/notGoodAtAllForALinearModel.R,580,a60f7268abbc5f18f783d325d39c194aabd35a41f01552937038bf3e808c48e5,100644,5da9afc248945aff4904fb039d6fe372c6a3ef8c
ch_regr_simple_linear/figures/notGoodAtAllForALinearModel/notGoodAtAllForALinearModel.pdf,4841,2805775db58e7f7b7d1718ef1a6328c33dbe7cf36f0d9fe3a37bb828346183fb,100644,d82259ca15be144bc1b30be62a3b0644c09781b5
ch_regr_simple_linear/figures/outlierPlots/outlierPlots.R,575,b738a3eab76e735c032ddc633e3de4c624d20c26ed484987bb955d17de68e278,100644,e178cb808d7fa4a9bcc09873361c53de19f01e1d
ch_regr_simple_linear/figures/outlierPlots/outlierPlots.pdf,54901,5257504619546b0d1e1f67eb15c04eaf03a29bc3ee721c4a7a1ea95687f73b13,100644,17132a004cd7779dc092a5d3b7fad1a8f66fd3b5
ch_regr_simple_linear/figures/pValueMidtermUnemp/pValueMidtermUnemp.R,223,93f890c59f1046b92e674ae2fc282c924c95a21e2e17ee5897dc2942de5fb2e8,100644,f6603e911af815a0d551c6990b5d0f995b37c303
ch_regr_simple_linear/figures/pValueMidtermUnemp/pValueMidtermUnemp.pdf,8619,1ad2d54fb3220fc296c6c6af6c517c74b619d67dfeba1a21956809909939e9af,100644,6eca364f4bda9f1282126c87e9d31d7c2264ab3a
ch_regr_simple_linear/figures/perfLinearModel/perfLinearModel.R,587,1ef1543985b3cc29ba27b8b4c8b41a9163f2521eb3180a786f122badd351316a,100644,95222ae4866b537f95b08f6659add4d5d0bd5f44
ch_regr_simple_linear/figures/perfLinearModel/perfLinearModel.pdf,4635,fbc15eeff104137698399cc586a9ebbb957d1bc442cfdc89612a5c2fe88b91aa,100644,2e3a2f1a21aba8c5b3a30898f812064653d1b967
ch_regr_simple_linear/figures/posNegCorPlots/.Rhistory,133942,0352c450ee25d01720c3f7691da10dd0959be5a18c9b53c948d20a0b5a48c4fa,100644,29cb495ba1494a4651603ff1a3f8a72c66e674f3
ch_regr_simple_linear/figures/posNegCorPlots/CorrelationPlot.R,293,241322b0599151022ffa59a7349a65cea7b75bd3d38643a67014b4d591abe35e,100644,a1032dfa75d1011ca986467f64a800d9b1cd779d
ch_regr_simple_linear/figures/posNegCorPlots/corForNonLinearPlots.R,646,cbdbf4b150126f535a78595042cb7abe445774a67756125e5d1156fbd48cb80a,100644,cc8019c64e9b460f84af36921d04afb9d9885c83
ch_regr_simple_linear/figures/posNegCorPlots/corForNonLinearPlots.pdf,13732,8c5495f817fd6173400da24432cb92da3634484dd1007a7e29f2c673f4d744e2,100644,43219f4deb6ea153f06a85bc346f56c5476d7d5c
ch_regr_simple_linear/figures/posNegCorPlots/posNegCorPlots.R,1591,60f3e40aa5d757242d1aebad39ccfd30906eb2e9da69954dd901d711dfd95a29,100644,1119fd73ba72efa7b67b0ff8b5934ace7e3a662b
ch_regr_simple_linear/figures/posNegCorPlots/posNegCorPlots.pdf,28220,25d8f9ebb8a37a96d287d09d6f6910014f69f65b96ef6c3697a375fce0913ea2,100644,5411a07f5e5a070731a5a8d6427752bd1901461a
ch_regr_simple_linear/figures/sampleLinesAndResPlots/sampleLinesAndResPlots.R,1413,3b1c9769a0ead90ecc37905a5c2c5f626a5e1885e438a376b5790c2a2d78b1b1,100644,bce46fcba247a9bc424e1bf895ca300de9e43ac7
ch_regr_simple_linear/figures/sampleLinesAndResPlots/sampleLinesAndResPlots.pdf,24100,b4795cf13f50eaf9dc2f0c179961584d2d96075fa83c08c07d04296ad44bda24,100644,636be0ef4b4412590ce85a34a65497c38e1e7862
ch_regr_simple_linear/figures/scattHeadLTotalL/scattHeadLTotalL.R,455,cab587c914cf605f91fd5bf5abd15696a97a3b67305f41ff9f723e69f225ffc6,100644,2bf8842b480d3c4ee4af1b7e65e73c65a6e7de8f
ch_regr_simple_linear/figures/scattHeadLTotalL/scattHeadLTotalL.pdf,10585,11e096681995da76c1d8a0f0f19a296e2f0a2278622508052331f5b3fb8bb73d,100644,cc998611680b4628479221f965712313739e7ded
ch_regr_simple_linear/figures/scattHeadLTotalLLine/scattHeadLTotalLLine.R,1070,74d9bdc9936be57f0d598bed4a2dd252d5e57b9af37cb5339e596359b856ab34,100644,17fef9724df84b91fb2f82678f53efe15c94c0da
ch_regr_simple_linear/figures/scattHeadLTotalLLine/scattHeadLTotalLLine.pdf,10483,d77c45ab8a399685f2af4dbd41adf95e719070f68836b4715515ee512595d006,100644,a9f174accc53dfaa6707d1d24b8e90d894b92c3d
ch_regr_simple_linear/figures/scattHeadLTotalLLine/scattHeadLTotalLLineResiduals.pdf,10457,effa3008362829b8dab31a6a2d372cd5db2178199bc7c9a822e3cafc23d937a5,100644,07be201cd1c3f4bad2020791eab17947ce0a0b83
ch_regr_simple_linear/figures/scattHeadLTotalLResidualPlot/scattHeadLTotalLResidualPlot.R,650,c14458e702fc391c5eee1d3af3802b4def7b9b4aba0919893071fdbc67080bed,100644,a3f7eaf13f175518df2a11f6413091517418e577
ch_regr_simple_linear/figures/scattHeadLTotalLResidualPlot/scattHeadLTotalLResidualPlot.pdf,10304,5cf9254760b8cb85dedabd61f016e496df5ac1fbe02c99d1d63858b8ee498370,100644,9bd326e47a5c05f07c8f96badb143aa72570a84a
ch_regr_simple_linear/figures/scattHeadLTotalLSex/scattHeadLTotalLSex.R,516,1d8306b68b6d328a7e4385fe7afd4007b80507b495842a29355fc26a4c1d9c70,100644,b181056d29a3d712fca03fce1710b9bd45a72c7d
ch_regr_simple_linear/figures/scattHeadLTotalLSex/scattHeadLTotalLSex.pdf,6183,8d984c21bfe74bfcafb6591550bb1914d2f977c7de3d5769c33a737408b27da4,100644,bee6e7c93a84d1808d16b6625ba3d407c9fd32f5
ch_regr_simple_linear/figures/scattHeadLTotalLTube/.Rhistory,65110,bf04b57da96b3f26f2d93d96654647792061abb3198411375a4bc2ddb9487c76,100644,d368b6eaa4e4508d01e8e9a6f6c6ce1ddabe97b6
ch_regr_simple_linear/figures/scattHeadLTotalLTube/scattHeadLTotalLTube.R,1391,dbf72b9b17873eaf4ed7c973f449eb9833c65aabda57cee508c8daa12a0e8c8f,100644,d6f19bf8c5eea8d5652e7ef12a94ea870dd7c476
ch_regr_simple_linear/figures/scattHeadLTotalLTube/scattHeadLTotalLTube.pdf,14157,967cbfe74a69757968083f712755f212d3c83980f0d1e037ae023c88ddedda8a,100644,944802a9f2ae7224119c56789a3b609e3b92aef3
ch_regr_simple_linear/figures/unemploymentAndChangeInHouse/unemploymentAndChangeInHouse.R,1675,07582fd7a20ba542e625955b4ec6f15005d83c3dd7269a462c1790e896063a1a,100644,ebb6f48ada6a566de0b60c1379e2086d83299f8f
ch_regr_simple_linear/figures/unemploymentAndChangeInHouse/unemploymentAndChangeInHouse.pdf,7079,96b7ecd08bb93f92ffed0bdb379b0a65f57c17ef7def577af43761308a61296c,100644,b934ec9ea103d1bc687fa9eb7033b5a7617ec505
ch_regr_simple_linear/figures/whatCanGoWrongWithLinearModel/makeTubeAdv.R,2262,d83ba38fb01dfb7b06d9583dc81b57153a0e958e45608ea5334874aa7a0db453,100644,44328d461e5706e0e1cd4e15c2db7dadd5223080
ch_regr_simple_linear/figures/whatCanGoWrongWithLinearModel/whatCanGoWrongWithLinearModel.R,2658,195dad9583b9168c99685fe2e94814702aba60deb77152584f975b03aa655353,100644,4bad8bd9e245b3a36ddf0c67d193285d0fab9967
ch_regr_simple_linear/figures/whatCanGoWrongWithLinearModel/whatCanGoWrongWithLinearModel.pdf,49544,f3ab2e2d76e71e1494e4be7447747753fe46e0b1ce118052f612258af866dd10,100644,42af9019887e0f2b75a1a2f13e2a233ab1944fbe
ch_summarizing_data/TeX/case_study_malaria_vaccine.tex,9265,d31f5dc0611b4efac08a34bb1f584e86714a4b4bf85b89b435b12ca774a326ec,100644,9b704c32eb07dcbd3fee38fbf436174d5a9ffd00
ch_summarizing_data/TeX/ch_summarizing_data.tex,114376,00fb044707824539b57a27f6e258165c62c4f29769679305641214c6d4552f51,100644,64b2281715709078bb7224092542cb4f5a64cf41
ch_summarizing_data/TeX/considering_categorical_data.tex,6457,e3f3c9c59e4eaf91af77bea44432ea244a51a160ae89f602612b136d349c47b2,100644,c8f0f7ed13d2dceb5f1fd285f0cdf55805c678d6
ch_summarizing_data/TeX/examining_numerical_data.tex,20292,701b0ce5f883da62fc2f0cf6b3e180dfa5c5bda5d3fb476ea5016c9acda24409,100644,28e22c9d7f6e0ae5333bfa8e6b397dc46f65fc47
ch_summarizing_data/TeX/review_exercises.tex,8289,ea3fc3367399f9863a91312decf5f334534ff5d75ac4b8aa698918229050aa16,100644,8a5cff166addd1a8086d16e8e8318622eeb074b7
ch_summarizing_data/figures/boxPlotLayoutNumVar/boxPlotLayoutNumVar.R,2343,e355f3f920a85ae046ff56c82268dc6e9e5a470cb91bcc35f2855f8b9d0c728b,100644,5999c3aaf28381806046dd42d58975cc4501dfe8
ch_summarizing_data/figures/boxPlotLayoutNumVar/boxPlotLayoutNumVar.pdf,8653,6dc04dc077e3144e1c21f37fd8d15e7ee7be34b1f5bacfc55905b4e7bcbe25a1,100644,4b52850f2994a006f5c8ed79385d5bee354e1116
ch_summarizing_data/figures/boxPlotLayoutNumVar/boxPlotNumVarSmall.pdf,4873,46f23317ec6dcebb355083195f6922a29033de6cfbf338a0ee18d27dc695d4ae,100644,abcda833dcc1085ff83162a29cee73be9d3e4c90
ch_summarizing_data/figures/carsPriceVsWeight/carsPriceVsWeight.R,513,7a32936579caf159fe25ca03deb29d8f862be013333e16555a6eb3250a6ff249,100644,1297de1bf45374cc43321a5332ebdf1e0ca85f04
ch_summarizing_data/figures/carsPriceVsWeight/carsPriceVsWeight.pdf,8445,8b9b1fcdb19e5fd41a301175f1f06f77e4da20e835716acf54c7a36b5f244ea3,100644,50d165b25d84232de2868d185e5e2fa44bbc9630
ch_summarizing_data/figures/countyIncomeSplitByPopGain/countyIncomeSplitByPopGain.R,2988,100875651cb8715c7c30111d39a3131f1bd38cb08d8483ed9e1a4eba76af62c3,100644,82bd3258cf8793bd9dfb24c6fd42cca98f077428
ch_summarizing_data/figures/countyIncomeSplitByPopGain/countyIncomeSplitByPopGain.pdf,9659,b21a6ce06070df7ddcef4310270a7ef93fff8b63bdad55f2271dd85d2c738bdb,100644,18f78e4b910b5612fcf1fe48ab25573f97e3bc90
ch_summarizing_data/figures/countyIntensityMaps/countyFedSpendMap.pdf,393850,707b7a47960ce5724de7d14f55726477f2cb4396755b1bc53bd7f30664b25b93,100644,12b19e5133b27864bd4f7997ded7eefce0990a44
ch_summarizing_data/figures/countyIntensityMaps/countyHomeownershipMap.pdf,396423,84a4473a3fc3d2a252d1f05c101f2a72e5c9e3dbb7277da34e7df4f5332162bd,100644,8fb30df00960e5f5e1f6e1ee9b935d8f606e384c
ch_summarizing_data/figures/countyIntensityMaps/countyIntensityMaps.R,1007,bc924d3d91688ba9004965b23cb637f8949acf1215c2e67915275b6c9849ea9d,100644,b74a099d065232032449ac25f2bbaf6395ac1841
ch_summarizing_data/figures/countyIntensityMaps/countyMap.R,3507,791e39aead0dec6422f724f072e1d31bae38f44cc2faff06a90bac4c35dd1346,100644,1b31501aa2e43656a49a346521878759d6cc61eb
ch_summarizing_data/figures/countyIntensityMaps/countyMedIncomeMap.pdf,396186,c66bfcf163a42b90a77e3c23bbf181235e5078a96fb23a1da28ae0be8d5d1f56,100644,32de922e692cae2ba876c9da0d96c0267c060115
ch_summarizing_data/figures/countyIntensityMaps/countyPopChangeMap.pdf,391694,b49e1a8be30401447118b6c1b155c16751948ca5604b49d9dc314a822df3098d,100644,87d7c699bf238f917117d565b5dbe9539a56b900
ch_summarizing_data/figures/countyIntensityMaps/countyPovertyMap.pdf,395761,0b699fdd873729250c79ddda0e1994e07f49b8e6f2859f136ef090486a249a77,100644,c2590f1540ccd9d8b81be4be3c014dcfd386daab
ch_summarizing_data/figures/countyIntensityMaps/countyUnemploymentRateMap.pdf,397028,02cc44d2fddfb8cc0f9d60230a626b3f5cab74dc7849338fe9ddd7169c0e2e00,100644,914c4607954aba78c4a4018e58af7b44f8ebcca6
ch_summarizing_data/figures/county_pop_change_v_pop_transform/county_pop_change_v_pop_transform.R,1167,293fc8b84951194c4705b1722cb735d0fb602d9581849db11a0b3c48a74b9d40,100644,92a71faad404a452224f37dae88ce9190500398c
ch_summarizing_data/figures/county_pop_change_v_pop_transform/county_pop_change_v_pop_transform_i.pdf,333342,34980b50b25fb3c4faf4c3f35e8955c7d85f9eac94ab304a760c87e4e9b25084,100644,1547fd62b8965426b8e9b14e1566d8a1d87126d8
ch_summarizing_data/figures/county_pop_change_v_pop_transform/county_pop_change_v_pop_transform_log.pdf,359575,798617588bc74c88921d6264cfb4f1d5f1f9f76d2e60ace18f701ca7a952ff51,100644,5368f43f2ebe6b45aadc63f975e9ebf1f0bea4a0
ch_summarizing_data/figures/county_pop_transformed/county_pop_transformed.R,855,79bb26d69fe61f6bf646281fca5d6c5f8d107545a394fc782a2813ba483e00ce,100644,fc7c935883a854aeced47e5d6d465dc4e146139a
ch_summarizing_data/figures/county_pop_transformed/county_pop_transformed_i.pdf,4559,5ca27adc79910776fcf6cfdd260d41da1ecab3b8c788eae21897a2c6bc118865,100644,003556e1e75056cd25c6a4d89a046fbb648734c6
ch_summarizing_data/figures/county_pop_transformed/county_pop_transformed_log.pdf,4490,28a72b666e466224941bf054de2e6b1578d77740744512833a9a14a70a14793a,100644,d57d362e3ffa6f592727543d5e4e20581a6dc5b8
ch_summarizing_data/figures/discRandDotPlot/discRandDotPlot.R,1370,0f00da1f84bb650ea4171365a099258534067fedbf06336114bd493cc280d177,100644,79fdb404dfe6a0ed7fe99d5296ef9c030c2e6288
ch_summarizing_data/figures/discRandDotPlot/discRandDotPlot.pdf,6138,a595f45f80d5add601ce812b293d1b54ac9f76ece6a85283e7a8ed3699496d83,100644,b9955c3884239428cb79cd65f6a543718343595e
ch_summarizing_data/figures/email50LinesCharacters/email50LinesCharacters.R,465,45776fb599d701deae95ea72bd98ec36da62384567f6147f8bb747e9d7e6e446,100644,6b68509ec188438d29027b6c592b77b1a4fc2f90
ch_summarizing_data/figures/email50LinesCharacters/email50LinesCharacters.pdf,8446,fc6bb5498ee37bcbff47e94a4ed138d8c61eb5c85fdfbb5b06f45919a5d5f294,100644,b0fa0063e40ec108b08f89f2ff5fb7cafc4fc194
ch_summarizing_data/figures/email50LinesCharactersMod/email50LinesCharactersMod.R,992,101cbf65bdbce450886634eb76ae9c8fa117aa1307346587340fb4551bd0ef49,100644,7936092b9d7fd3ad2acd3c607b62b0eb5722638a
ch_summarizing_data/figures/email50LinesCharactersMod/email50LinesCharactersMod.pdf,8350,f457054f7c6ffe13228f48bc1d501f6d02b654252f3171690d20a901e024e96e,100644,69bf19811223cd6902f9f97b6a50a4e92d3a3456
ch_summarizing_data/figures/email50LinesCharactersMod/email50LinesCharactersModLog.pdf,8800,457a7d3851f81f4022f1676676d48e35eb095094b0ad4f9ec6996c982c4325be,100644,2747adc195ed4a6e8ec2705d887f901dfc1bc1ed
ch_summarizing_data/figures/email50NumCharDotPlotRobustEx/email50NumCharDotPlotRobustEx.R,1282,02f0b56b2d2bdf5aa0e71ca462118d43da9600314fe01eb657bd7ce24a3454a6,100644,c3e42c87fe5a9f6654af23e87e07853d60941823
ch_summarizing_data/figures/email50NumCharDotPlotRobustEx/email50NumCharDotPlotRobustEx.pdf,11484,fdffa1e97bc01b1de41d66143f29f0aebe0c25cf79dce158587805de2d323271,100644,12e5e905ca3fc4cd38ff705de09ad9e71c5cc0b5
ch_summarizing_data/figures/email50NumCharHist/email50NumCharHist.R,605,e37da8a41d36a96dc797c8a689d631cda685f92415f4f4f8efa0b7c0bc1ef0e1,100644,f5d1217c59dc3f81a6dd4463af04fd920137adf4
ch_summarizing_data/figures/email50NumCharHist/email50NumCharHist.pdf,4706,631724bcc73eb3323f9713f409068ef8d84c578aca0c3c24a1726fe80dbd1413,100644,88ed6aa1a2bc2444d0a0ab29794233b09c00d8a0
ch_summarizing_data/figures/emailCharactersDotPlot/emailCharactersDotPlot.R,1333,92cc9a21ca776d6a86b4bc86dcfbf842dd1cf62530901c3cc0ecc7bc08aae1ec,100644,9552ee4dd4669fd73ef968c79f8aa1e9f544e1de
ch_summarizing_data/figures/emailCharactersDotPlot/emailCharactersDotPlot.pdf,7155,329ab59cf03141d37d138756283b076641a9e388bb1d407cf448d2b836261299,100644,b8175804e79163a4bfb683db3d634fbfef868cc5
ch_summarizing_data/figures/emailCharactersDotPlot/emailCharactersDotPlotStacked.pdf,4766,88a1255fef0b92365f2be7cc89084fa9d732ed51b07a293bfb9e30273371687d,100644,0bea26cae32bd6df7f46c3b7c2a29263bb9918e6
ch_summarizing_data/figures/emailNumberBarPlot/emailNumberBarPlot.R,741,82bc118cf83d88dc557b1ba490f8cc4a25b56b5233e0f17a2611e6d44d6d5fb7,100644,9485b133f1f3bd6e8a809f6e7a2335bf87e7518f
ch_summarizing_data/figures/emailNumberBarPlot/emailNumberBarPlot.pdf,4567,fa39360c143303b2918405293f3892b8d45d40b82b3d37232ac4e2b11018707d,100644,ba385bb393f01549ad7e03a7244ca4620e4c6d10
ch_summarizing_data/figures/emailNumberPieChart/emailNumberPieChart.R,451,00bbc46dc800dcaa82654a69fe8ef648275de0a009adf5882d47c192e49562f7,100644,9b3729656e62671062be67c496582cd06346b0cb
ch_summarizing_data/figures/emailNumberPieChart/emailNumberPieChart.pdf,5832,48001216159a5660514663cf0ce74f41359e81fb2eafd1ab988d64c8b7d85396,100644,22b7d2122b506ca87f6731a3f3f7329c3114c533
ch_summarizing_data/figures/emailSpamNumberMosaicPlot/emailNumberMosaic.pdf,4212,508c8f3d9586f262150f9a027be585b95fa7658818eb2d2bf30f13016cbcc68c,100644,a6e8860ba27c30fed6f220d859f5be90aed345d6
ch_summarizing_data/figures/emailSpamNumberMosaicPlot/emailSpamNumberMosaic.pdf,4253,d26c7860a854e2672fb1ae9ced1b6341fc611e1462bf689d7ba46a8bf9584ace,100644,a39521a185f589876e1554eb96a7ad9b197c15f3
ch_summarizing_data/figures/emailSpamNumberMosaicPlot/emailSpamNumberMosaicPlot.R,957,91a9d6c0c15ac71b08fcda952627616a9c5e7884f657d4d73fb62e862cb322a7,100644,9272b19db732da54ca0a881aa71b2fd5e17a4042
ch_summarizing_data/figures/emailSpamNumberMosaicPlot/emailSpamNumberMosaicRev.pdf,4293,5c8317ddcc002833ba55bd1daabbb2ac79302684be8381a90de34827b0ff2ad2,100644,2492694ad0b08fe776abf4815614c02ee6c4d6fc
ch_summarizing_data/figures/emailSpamNumberSegBar/emailSpamNumberSegBar.R,928,5c98b7b0357b809a640775f9b6c55d739c52c7206b2f5515e4713e1f5da5e2fc,100644,0309e9ae84eea1aa7274b8e563cc1a3dac760bc5
ch_summarizing_data/figures/emailSpamNumberSegBar/emailSpamNumberSegBar.pdf,4404,d62866df71cf4a12878ff08e45520e64a431e410e0673c2972f0d78233012274,100644,817137d9c6516fc2b713b1f673b5255ee1c7db6e
ch_summarizing_data/figures/emailSpamNumberSegBar/emailSpamNumberSegBarSta.pdf,4317,9e71112f80436620f9a1ad86e95c829338c2cd9ae6fe63ab92cada8d8a5ed9e6,100644,2090aaa19b617b21af6bd5cc6d6ef9934fa5758b
ch_summarizing_data/figures/eoce/air_quality_durham/air_quality_durham.R,2150,ac4fe1d8b7e56ef760ff97acbe9d7bdec1216bf485fdefd66c86c6224bbba888,100644,cac349bed1e8a767a6b429d0de603b52f4a274f5
ch_summarizing_data/figures/eoce/air_quality_durham/air_quality_durham_rel_freq_hist.pdf,4487,4f13ab9e61d1368ceeaa28f9761db94384919cdfaeffb46c462d0aaaee1a30c1,100644,1f69b99d7572cb9cf18ef949d287119b140ce48d
ch_summarizing_data/figures/eoce/air_quality_durham/air_quality_durham_rel_freq_hist_soln.pdf,4643,fe60eaf6acf34a5089998c2eb8858b8ada2c06f813febbc9d9fa130c1cb237a1,100644,dc7d20580d35eab562f73e95e4ed078a5b747660
ch_summarizing_data/figures/eoce/air_quality_durham/pm25_2011_durham.csv,85096,c8e94654cae47b17daa306b8f306780e08a485ecf175812334d5185ce441ef69,100644,82583c3473c5fe2702ae62ecfa44389e3eb38c42
ch_summarizing_data/figures/eoce/antibiotic_use_children/antibiotic_use_children.R,1348,ce7bc34dd9fb9bf60f945e5e1de066a80228cf9312510d87b4e9d0e1ec5cc2d2,100644,c5eaddaba4ee1e48db1e059c2d1c95e27045e692
ch_summarizing_data/figures/eoce/antibiotic_use_children/antibiotic_use_children_bar.pdf,4501,8dee9c620a17ce986dca44665bdec90e86c9e1c23d651fca75389b3e4a766363,100644,d89aa1a2da43cb997922fcf536b99d7609eb14ca
ch_summarizing_data/figures/eoce/antibiotic_use_children/antibiotic_use_children_pie.pdf,6077,1d158b4c4da2a4cab7c9e1e60b8114743dd050a83c74ccdc5827529bc78e7330,100644,5ab011eba7784e6aa4e72b451d70887beb05a302
ch_summarizing_data/figures/eoce/association_plots/association_plots.R,1460,29d1199dcbcf658345525fb6830b3ae10904ba7fc02c73eb185fcc0c02539461,100644,1d140537841a03ab46eb584caa32283ddb35a92f
ch_summarizing_data/figures/eoce/association_plots/association_plots.pdf,27751,f0346b81af9946622298aec8e8a118099b8f011ef57ab597c48f8c86a0a34ebb,100644,5d72578c02d21731e7b9974dd63d4c7cd0905d53
ch_summarizing_data/figures/eoce/cleveland_sacramento/cleveland_sacramento.R,1335,0ceb3d55f348a40efdbdd7119c02b17ab935c346b0778e9d03d1457c2aacf305,100644,5b0c61482135d8b196fd8a620b82074cd1319dfa
ch_summarizing_data/figures/eoce/cleveland_sacramento/cleveland_sacramento_hist.pdf,4867,6827e5f7f44613d2b7728297db9c12174a2cbefb1cdc1051c94832ab165ae464,100644,306bf339650f4d56e5328d8458899287468d3ad1
ch_summarizing_data/figures/eoce/county_commute_times/countyMap.R,3124,c35720326cd8a2a84811c3d548e2fccf11d7700dbcf38d5c9fb8e8115c4b828a,100644,64bfce4566c9c2a55842418dd7391cf7df1f0785
ch_summarizing_data/figures/eoce/county_commute_times/county_commute_times.R,1036,99c5a8cc78afeecd9d60add7e4fb8d391d75e75cc4bac607a6d57539bcef1e0f,100644,1061c619d9af256a1f21ad78281f4f145a08cd31
ch_summarizing_data/figures/eoce/county_commute_times/county_commute_times_hist.pdf,5289,30ac80e05848769d7db67966b2b5e36f39bed7d12f9def0c8e66b4f563749013,100644,31b84547ab5017ac543f13f5a83c3d3c36426494
ch_summarizing_data/figures/eoce/county_commute_times/county_commute_times_map.pdf,391930,e2265a9bfa8e267edb11e12f8c0d2642529083ab136e303dff6eb3f86b632dfb,100644,65f817b8e18f30cdc14cb3e9a30a3fbb0c772c66
ch_summarizing_data/figures/eoce/county_hispanic_pop/countyMap.R,3124,c35720326cd8a2a84811c3d548e2fccf11d7700dbcf38d5c9fb8e8115c4b828a,100644,64bfce4566c9c2a55842418dd7391cf7df1f0785
ch_summarizing_data/figures/eoce/county_hispanic_pop/county_hispanic_pop.R,1379,661785cf58c491e4ef2b72a792fde0418b4dea5a6cb03654199d95e5afd42640,100755,648497c4e91ba6b37a3f5cfb6bf25c9865374d15
ch_summarizing_data/figures/eoce/county_hispanic_pop/county_hispanic_pop_hist.pdf,4859,0087937a638a59676041b754bd0dd8e0b4190578bdf0ca946db8e9c4f78d7f28,100755,818885b13893d0542ae8b5e253917f5ed95f7241
ch_summarizing_data/figures/eoce/county_hispanic_pop/county_hispanic_pop_log_hist.pdf,5290,30ef90df09ae86bf5fc9f5da62c72156ca8a845558b6a68dfddd81b9c7cef2b1,100755,110a7824bef74834a4f97b6be96c6d5b31985728
ch_summarizing_data/figures/eoce/county_hispanic_pop/county_hispanic_pop_map.pdf,388755,9f04cd86c941db6100f00b7e9c03af214997600d0aefc19f6c05a85958faaa8c,100644,ab96607c61acb359e61ac57f9f9c56db3d9ca44a
ch_summarizing_data/figures/eoce/dream_act_mosaic/dream_act_mosaic.R,897,211764b3a529b414563b2f3dc4704952dbb7edb15028911382dcf344af0d1cc6,100644,293e263a41d2af293efa74a41b441427c79683fc
ch_summarizing_data/figures/eoce/dream_act_mosaic/dream_act_mosaic.pdf,4373,85a5464cd6f03a948b4d6e7686f2afbf6f519d6a298a086a27be72afdcb721e3,100644,f431289e6351cd0275f5730cd01b8af238bf8542
ch_summarizing_data/figures/eoce/estimate_mean_median_simple/estimate_mean_median_simple.R,602,56e6fe3daecd1c9234948143f7bb2dbb44c31a293f6fb6694550086e16876e75,100755,697017ecc6a088f0caff00fd0c3ac374ae87dfb3
ch_summarizing_data/figures/eoce/estimate_mean_median_simple/estimate_mean_median_simple.pdf,4746,858530cab1c2217139e7b6af69ede18e84a8da681445c2ea76d1b98c5af05a75,100644,4c5068a390511213183716be83f4e7cc7ebe7377
ch_summarizing_data/figures/eoce/hist_box_match/hist_box_match.R,966,7889dc8a35e3e27eb65852d445c4d51a800c0ae34069f3f47f8b0a676bf8cf99,100644,58998e172a43818db920060d2c74b7b20dc6b26a
ch_summarizing_data/figures/eoce/hist_box_match/hist_box_match.pdf,8060,86cc856f21fd5824fcc33481918abeab2abbdc608152f769d02de9a9d7d853d9,100644,61b2870b49366a41e300da5d9a220977269f8060
ch_summarizing_data/figures/eoce/hist_vs_box/hist_vs_box.R,697,88f9185bb9772e457b6480c6ebe314583de1246cdd4eb6976e51c4dc62a59b15,100644,c8b546f6f7b3cccb06eed9ac21b61dff68469dab
ch_summarizing_data/figures/eoce/hist_vs_box/hist_vs_box.pdf,5399,edae7d75617032265cdb78d1f938d69838255343407f51346902b14f3931e695,100644,ea89745cdc57e8644c51071148e45523fc03c7df
ch_summarizing_data/figures/eoce/income_coffee_shop/income_coffee_shop.R,1451,4cc5b21edd97b952cc1f16adc031c4c18d2c5972f442326bfc4148aa116b657b,100644,9e8a96ba6640be67cb18c81bc06e37603d303c42
ch_summarizing_data/figures/eoce/income_coffee_shop/income_coffee_shop.pdf,7587,ba565257e64ff187c3b1f781f9b8c24adf1e7a6c592d318eee7f2b226d497465,100644,093e775fd217523bca7d190f3e7f7c89feffef1a
ch_summarizing_data/figures/eoce/infant_mortality_rel_freq/factbook.rda,10138,4843576c765049344074a81f258e33fd79fe3107fee7f026cebe469210253918,100755,3e616a50aec8d17a73a7990817bd463b493bc299
ch_summarizing_data/figures/eoce/infant_mortality_rel_freq/infant_mortality.R,2410,11d3fa569bea67f94d26062e421793b57a33d408c210b09e8bf55f4c51c2645b,100755,bdfa3136be1764de78065c1c951eae3e74616023
ch_summarizing_data/figures/eoce/infant_mortality_rel_freq/infant_mortality_rel_freq_hist.pdf,4646,6515c65ed4f60d918f7bce140b7cb1fb5345a1ae168f757cfaafb7f6cb7e354a,100755,d72c0b5d190d579dfe1e839c14c3e73f4450012e
ch_summarizing_data/figures/eoce/infant_mortality_rel_freq/infant_mortality_rel_freq_hist_soln.pdf,4778,f70b0c59624024ecb70461b67ac77aa48b3d91c0f58100ce141c5ffce7d3853d,100755,51d32fdafc4bba59c8dd056c477a1e95a217f8a2
ch_summarizing_data/figures/eoce/mammal_life_spans/mammal_life_spans.R,751,abffdfd8d96bbd3017c8f05584a801da6eae0fc008de9994ec0f908ff275b1da,100755,1e5106c3b0918ae34fba300f04b0365e029892af
ch_summarizing_data/figures/eoce/mammal_life_spans/mammal_life_spans_scatterplot.pdf,4981,b13478ff6bd0d1b93d56b7c38664f3c5d99e2e76eaddd568f8187afb47b1dea5,100755,9c101b7a57d5b585a5efd7a64976199bd407b684
ch_summarizing_data/figures/eoce/marathon_winners/marathon_winners.R,1997,49aa5ef3eafcbfdad387b1d4686ecba797e56c7406190d918315d551f53f7caf,100644,3e8af61837dcadfaa0450ee64f6512acef28c5e7
ch_summarizing_data/figures/eoce/marathon_winners/marathon_winners_gender_box.pdf,5390,63631ae6f7d5812e60447ea263f3edbfd6f64d6023a18f5f7b1b91ee6e319d9f,100644,cffb9bae0f8e9995120b97f598099e6f822113d3
ch_summarizing_data/figures/eoce/marathon_winners/marathon_winners_hist_box.pdf,5228,040871d0206811ae78530a75a7c6dbf1f8bad4b198637400bccd1ac170ff5924,100644,032480b4db1178435b308650d79f3c78bc11de55
ch_summarizing_data/figures/eoce/marathon_winners/marathon_winners_time_series.pdf,5564,759e134a9ed483b1fea6a1dd97a8987e040c21d2dfe14b25d860aa1e49117ee4,100644,8af130469e6de58efb3a50f7984c0f2db69eafc2
ch_summarizing_data/figures/eoce/office_productivity/office_productivity.R,396,5f620bdc933093fce4874e6bdf31f9adc657738ba70e3afc225fd9a1c83b7dd8,100644,fae214293cbaa55ed81a4ee1bfac6bda4c7b4656
ch_summarizing_data/figures/eoce/office_productivity/office_productivity_sketch.pdf,4796,8cc207a59a2641e8d384c0d8d6eedd5768ef8adf588f4006b647685cb84e0cc4,100644,ad876f04a07ed021baa41f8fa684599ea9b7eab2
ch_summarizing_data/figures/eoce/oscar_winners/oscar_winners.R,760,5b5f78edde73e24d31f2bb13e7557cce290e1a4c83bf0307c0ef0df0f02181ac,100644,4cfbdccf2e1d4a289415d13cda2b3ca529be157c
ch_summarizing_data/figures/eoce/oscar_winners/oscars_winners_hist.pdf,4797,f17b02171f7e255e82c2a77bfef853860be8d244b9f37ec6e04e94a37f3f99d8,100644,fd1b8da20e470ef3bcf22dcedf4f35f7dd29c357
ch_summarizing_data/figures/eoce/raise_taxes_mosaic/raise_taxes_mosaic.R,1412,8da2ff9bfaa84aaecfe7c10a44b7b39e26aefbceb8684804b0db56247c481c09,100755,d33e044f9df163416fab69afdc9998a3e2c6438c
ch_summarizing_data/figures/eoce/raise_taxes_mosaic/raise_taxes_mosaic.pdf,4398,ce160a8aec7ed62a1c4ea5ef7cc3e9f30862eeafa1571a484a42035af44097b7,100755,c2f332964a5c59bc422aa1bf8f947690841b2b92
ch_summarizing_data/figures/eoce/randomization_avandia/randomization_avandia.R,895,427f3c6b28cbf711af6d83546fd0d0f638ac6a68d8e82d92ad7f76c82fad80ee,100644,d86c27caa7f4626a1e7c805c3271487c3f25bb47
ch_summarizing_data/figures/eoce/randomization_avandia/randomization_avandia.pdf,4618,69202b9ba715bdeba6f61b886890dfec11f56d3275eedca1239d68c7cab20787,100644,cb654037df675d17313a6e04b35a3ac1f87a7d4c
ch_summarizing_data/figures/eoce/randomization_heart_transplants/inference.RData,180341,ae8de46d6fb0cfb867e691f544d3799a6c6133e8a560642d4fce5d83af6d15e0,100644,4454ec11b2ce524474a7bb7514482b73bbda8c02
ch_summarizing_data/figures/eoce/randomization_heart_transplants/randomization_heart_transplants.R,1819,406d7792ef004b04d0e6c2f7641ab9989a4af93f9aa719dafe7e10259b9be334,100644,188311d285d095a66ea78dc1000058535853571f
ch_summarizing_data/figures/eoce/randomization_heart_transplants/randomization_heart_transplants_box.pdf,5154,6173e5e80faa450b617fd495a5c0ddbf60aae28677af2f82269d0a4acdc7d8a5,100644,fa688dbf9472fdd8d26f66b441d85e0a60031284
ch_summarizing_data/figures/eoce/randomization_heart_transplants/randomization_heart_transplants_mosaic.pdf,4232,fade35f65205c0ca57b55382f03b68001552b50728100cdca9b79639feb4d9da,100644,b46107ebf7156c30ce815e1f5759beec5e4a7c72
ch_summarizing_data/figures/eoce/randomization_heart_transplants/randomization_heart_transplants_rando.pdf,5748,fdbabbfc71cba4640572a3bf968fd5959e59bf61e67d77b2c6032609e1aed8a2,100644,29a4747328adc3cfdfbc05f34c6e3eb7bff2c5e2
ch_summarizing_data/figures/eoce/reproducing_bacteria/reproducing_bacteria.R,396,a3362d3a98254f64aa73689380bd58f3ded766f583c6d8b197639a1253fc8393,100644,d3d0ae4da56623b6dc67a2340e51182b9720b712
ch_summarizing_data/figures/eoce/reproducing_bacteria/reproducing_bacteria_sketch.pdf,4811,c9dd44040db8aced77a84e3bcf58ff6879c58b3e2c55cddab9c8e6c9815bad0f,100644,c3e7b342939df7b8c7249011b452d7ab84733182
ch_summarizing_data/figures/eoce/stats_scores_box/stats_scores_box.R,659,25eb533a2a3a000b6bef8202af4d0be1a7236b32133449386099b7ede77e3629,100755,195792384d3076a3ba3c7d0eccb412597d7d1ac8
ch_summarizing_data/figures/eoce/stats_scores_box/stats_scores_boxplot.pdf,4473,83a5404fbb7b624bc72df50b4201734c37d45c3ae18d6e5b8b0cd33f07c1654f,100755,db6b1abb9d5c5295cebbf7d8d49082236280af3b
ch_summarizing_data/figures/histMLBSalaries/histMLBSalaries.R,789,f2454b30b1b72fa0fcf0c9de2256bdb2767a440a1187e6ae999914fa7daae8ab,100644,a9d2b6ea6fdab7ce205f8f18986f643403a81612
ch_summarizing_data/figures/histMLBSalaries/histMLBSalariesLog.pdf,4446,5eb5b94161b48709086c52a88065dc38eae354daef3af9a8af45a7dcace76549,100644,23365a9d646469bd2caf7ed172b42c01e1d17f4f
ch_summarizing_data/figures/histMLBSalaries/histMLBSalariesReg.pdf,4453,2cebae0810479d883872ce9f32e3d00712c12b139e99d3523704de6e4688458f,100644,cf95438531e65eb69b9e62a7b1a8991d5c54a546
ch_summarizing_data/figures/loan50IncomeHist/loan50IncomeHist.R,832,dedf5e359c45ca84165da3b5ae6ad53aca0a9456abeafc9f768d367f9c33f1ad,100644,bd0cdb9b004c4e9e48e55eb73c44cffdaa1e1c44
ch_summarizing_data/figures/loan50IncomeHist/loan50IncomeHist.pdf,4719,7ff0e7892a8ee520843cbb26713e2e2b52af0d362bc0d6228f436717f1cc7823,100644,e7cf6f0e551f2f0615fe13ceafeb2c691047262b
ch_summarizing_data/figures/loan50IntRateHist/loan50IntRateHist.R,915,450c35e8166bd54677a3a15f35ca39087b04ff4d4b7b04f37fc01ebf3cf8b21c,100644,17d62c5bc21e09919c726e31d1ecc1e28d7a868d
ch_summarizing_data/figures/loan50IntRateHist/loan50IntRateHist.pdf,4569,cb3b776aa345ffa55233a6daf8549bd3ba365fac4443a5ef71f235d81f16a724,100644,4f1aca46b3f92e0b31ede7ec5741596eabd43c34
ch_summarizing_data/figures/loan50LoanAmountHist/loan50LoanAmountHist.R,793,e5cb9dc3b17fecc6150da43005927df9164315c9abda6156458b5f585e2ada12,100644,04b0890935de28522d2d4d9a6693a2d7ac3780ad
ch_summarizing_data/figures/loan50LoanAmountHist/loan50LoanAmountHist.pdf,4592,52ec4f17589fed949f46fbacefb1287b2583798757ddd113c06f828c3dda786d,100644,ab7df00d9f43ad9b63e6f35bfc4af4b25120f2d8
ch_summarizing_data/figures/loan50_amt_vs_income/loan50_amt_vs_income.R,824,d940aec93543d91148ca0534745e7f7e51d695368e38df62a5d40ab17d05a3a5,100644,22b93ccac95f78aca76c66778f7f5157552ab460
ch_summarizing_data/figures/loan50_amt_vs_income/loan50_amt_vs_income.pdf,7761,a83ad69ff9803af0152239d428d5d8be11b70b76c213cb84565073a52a1e5b56,100644,c7bda6a34e2f05cc8ace4eceef1c5c0f205114e1
ch_summarizing_data/figures/loan50_amt_vs_interest/loan50_amt_vs_interest.R,532,ff0cd507e2da1b1b163d462e0193440ef1d4866e18d3cc1c4a5abbec0e37080a,100644,3ba9ff340fad8de0d837e56f7785d49243a42320
ch_summarizing_data/figures/loan50_amt_vs_interest/loan50_amt_vs_interest.pdf,24271,48b80f00ee4487651b7c12c4435123e91c26d1240226d8b6e70184edb7d98c19,100644,19610a6a656a706f960d40021e6de0f5462f703a
ch_summarizing_data/figures/loan_amount_dot_plot/loan_amount_dot_plot.R,1357,544dfa4ce96258e68ffbff8bb3e6349dc6755ee1ad0006335afa1910327c4976,100644,a2ecabc4dd1333f0f1ef78f7fc615269254f80af
ch_summarizing_data/figures/loan_amount_dot_plot/loan_amount_dot_plot.pdf,6388,fd55d8c4c8d7c73d8c44a332f21a904c8e74a8c0154800227b96431295ace326,100644,363dfe5ff266df882f775ee9017c875f4c9f07cb
ch_summarizing_data/figures/loan_amount_dot_plot/loan_amount_dot_plot_stacked.pdf,23609,edce108a5cfa69a32b3e54d7d51f7412db5756b101c2c6c5bdd7ca07d9e0815e,100644,ee246cfad1d386b217bab2d0390af7b7ca2eecae
ch_summarizing_data/figures/loan_app_type_home_mosaic_plot/loan_app_type_home_mosaic.pdf,4269,a884f487abe26a4397b64d9f4192d8c600ead41fa89821734c90d110452e6984,100644,a4654ee88f98d580ec189b50438a70e3a627ae3c
ch_summarizing_data/figures/loan_app_type_home_mosaic_plot/loan_app_type_home_mosaic_plot.R,1641,be6dc0cc1ec5ecc14893f7a62f0b0b7a30f1c5a0975df294de1f26b4707e0c2f,100644,2d0e4c947d1f1f18fdf400de3ec1ffb9d4e68c6c
ch_summarizing_data/figures/loan_app_type_home_mosaic_plot/loan_app_type_home_mosaic_rev.pdf,4321,1e62de6ebe9977cb5da1ffddd33c1010120e611d356f29868bd704a7813acad3,100644,ec39f36d39d74a5f918a4c83b9e9146d80223f4c
ch_summarizing_data/figures/loan_app_type_home_mosaic_plot/loan_home_mosaic.pdf,4234,00d7e759f5f4e012746a313c17c21bd5edd146a121a87a0e77c7c469e3c4e832,100644,8d4c349ced26bff5e70b3c1c45e3a179ae04c83c
ch_summarizing_data/figures/loan_app_type_home_seg_bar/loan_app_type_home_sbs_bar.pdf,4450,f0d7cd25800d8ca6108ab9c7eeea08bc5ed751bb011d54cb6e1d1241f3a85705,100644,301f046edd26a4493e1de32b5de9fb17e79689a3
ch_summarizing_data/figures/loan_app_type_home_seg_bar/loan_app_type_home_seg_bar.R,1531,69e9c8a39a251ee189cd0b31bd810fc085f096809c51b2aafae2586925e4655d,100644,3c7242d8695d8db9088a7b606b930f21d3d3f490
ch_summarizing_data/figures/loan_app_type_home_seg_bar/loan_app_type_home_seg_bar.pdf,4446,11fc0a08b9c2b926e4ce7a7a4bed2c2e520cd65572d37c101e9ada4bcf8e7225,100644,05849887f09b80ff08c2e9efe3ac9835a356cd1b
ch_summarizing_data/figures/loan_app_type_home_seg_bar/loan_app_type_home_seg_bar_standardized.pdf,4461,b680c464e1640352e0fba51ff9bab73bdb7384559ed18a2fc064fe963f99025d,100644,d0f7583a2f52ed84c1dab406d6ae65c272670864
ch_summarizing_data/figures/loan_homeownership_bar_plot/loan_homeownership_bar_plot.R,817,185868e8c4efbb4547988e4f9d2e96ac2ae626ef18f0bddb8cb317c9b5c91aef,100644,7723ab187f8d7d1c2941a996114b9a0a15bd3126
ch_summarizing_data/figures/loan_homeownership_bar_plot/loan_homeownership_bar_plot.pdf,4560,1d69e133e8b0dda83f268f44ebb2ce608231f6dccdcc984f3935b0c3d3790859,100644,ebba8da4494b4ed718e03da604515a4a442b2f26
ch_summarizing_data/figures/loan_homeownership_pie_chart/loan_homeownership_pie_chart.R,595,14b2e6daad543f91f855b20c7c98fdd37de1c25f0b4af2818a4d54b85bb6ba75,100644,e5bf33ed6beba82083e3b378c231a15e5ef78178
ch_summarizing_data/figures/loan_homeownership_pie_chart/loan_homeownership_pie_chart.pdf,5858,9b8e7960e6722bfcd965a8a6fe06877fb80355dcd1dceb1f5d26e8004e28565a,100644,df84483357112b85733beec60ecdaf8977fc2482
ch_summarizing_data/figures/loan_int_rate_box_plot_layout/loan_int_rate_box_plot_layout.R,2285,7074b873dd835e17893d3597cb7076d5e655bdd9f31ddbbe2689e06c00ef706c,100644,153eabe9d4a708e4572dcb1626d7904cf4b6b724
ch_summarizing_data/figures/loan_int_rate_box_plot_layout/loan_int_rate_box_plot_layout.pdf,8096,47c618ecee5964442e59a6d544f73ebd6c407ac6ef4f0cf4429f71f67ff4cd9f,100644,d49f7900d60bf1d3123df6672c40fb42c8522058
ch_summarizing_data/figures/loan_int_rate_box_plot_layout/loan_int_rate_box_plot_layout_small.pdf,4754,190eac82705250b1f363592fe2c48f69a7e316387dc0940173ad16373ead5f18,100644,b1ddb7aca434e8dccc68c7efb8eeca4652824b7a
ch_summarizing_data/figures/loan_int_rate_dot_plot/loan_int_rate_dot_plot.R,1370,f7d5e96e4fb92560771597e4e116c3fc9b06db0001f2ded27c5032530bb392ea,100644,2f447ccc0a07160f38ee4b0265a1cb49e7813306
ch_summarizing_data/figures/loan_int_rate_dot_plot/loan_int_rate_dot_plot.pdf,6126,77bf899445c2b185739c2542648e40f550f36ace907b6c50c49b89d429d97edc,100644,698531dc8f20b63ad28b41583f8667f5222bb103
ch_summarizing_data/figures/loan_int_rate_dot_plot/loan_int_rate_dot_plot_stacked.pdf,4705,b02c6ff9d7264b6a5ce351eec0f4d817cdab6de91b8ee2a4c82e13fad97c372f,100644,46584e06a0c35da0be5a5ec31d14752da2c113c7
ch_summarizing_data/figures/loan_int_rate_robust_ex/loan_int_rate_robust_ex.R,1835,765fc09e4be29a465d9d3584b73efb8abea1e5a2e828e003a393276fd230b6c1,100644,0f9181e8260f97ee5f3c8b8f8f7bddc77108b46b
ch_summarizing_data/figures/loan_int_rate_robust_ex/loan_int_rate_robust_ex.pdf,12399,23829d9983906bc4b5b991df0d23dce14a1a35454b2e6206c2a3592d05c6e517,100644,8b70c77a88f262130518c7eae6b1167566d53ef6
ch_summarizing_data/figures/malaria_rand_dot_plot/malaria_rand_dot_plot.R,1321,5c0fc662699ac000942e8ba11f002714355f0ea771c777d26099533c56675a92,100644,e7d6587d954a88bdabc62fa2a5eed15cb3e03e59
ch_summarizing_data/figures/malaria_rand_dot_plot/malaria_rand_dot_plot.pdf,4865,6e42bf561f3fa30f6b8f8b99e5bf098dcfaf48b2bb3ba08b8293e87b29c8f63d,100644,ecd7fd6499a9b963a051d44275ec3cec66bdc794
ch_summarizing_data/figures/medianHHIncomePoverty/medianHHIncomePoverty.R,1350,15a3f4c62d2983c1fd39568528fe876727645b87ede07cf0feb67e1da6c87f2d,100644,9da1604f1e3597f306af0deb615a258b07892072
ch_summarizing_data/figures/medianHHIncomePoverty/medianHHIncomePoverty.pdf,199893,03a296cd23c3108fccc162ef61d9b1883e3360bb5a1822df396746da740b18a7,100644,02b6d48b9fb32878e8c9e2000bfbd5b46820ef7d
ch_summarizing_data/figures/sdAsRuleForEmailNumChar/sdAsRuleForEmailNumChar.R,1316,3c98c5d7824ccbcb4439907e04cae76fe5a24e833fc01c28779c061607d61f56,100644,6a84093e55088fbe85c63bd3f6f09cb41972fcda
ch_summarizing_data/figures/sdAsRuleForEmailNumChar/sdAsRuleForEmailNumChar.pdf,7579,83fbe0caf5ab9c001cc867670675e69881f3c0c562f75fc19a23b7948a0a5057,100644,4b89c8611816f9d44cf88428d152d586fe541bab
ch_summarizing_data/figures/sdRuleForIncome/sdRuleForIncome.R,1259,300348a012fcbb58c51a7538bdc9c64a0ef1431dd9eac3a4d1500fbe13ec2739,100644,e9e3dfc536b71aa2c850ec10ba7e89a11e654ac8
ch_summarizing_data/figures/sdRuleForIncome/sdRuleForIncome.pdf,7189,8e89625834aad718fa318a65c636d9e36a7dfbd8a6450c706318df708caa5981,100644,af2b55961292bff5b2fa6194e319a77d731f6895
ch_summarizing_data/figures/sdRuleForIntRate/sdRuleForIntRate.R,1257,e97d37d38a422d91d194c6adeee7f8540808fe8a3f8a68c605a314c3e56c7728,100644,0675a624b20bfe0e1d420f2419b69ba4fda10f3f
ch_summarizing_data/figures/sdRuleForIntRate/sdRuleForIntRate.pdf,6562,533d1f7b1e3ea6ba1c8803c7033d198cb84b7f8079d18ea6a9a1800cc6fe330d,100644,bc353249cf520c2296a4212cb1b4e54c2a383c01
ch_summarizing_data/figures/sdRuleForLoanAmount/sdRuleForLoanAmount.R,1261,aa94b76e7c76a0f53dd13b46c9597f2c4294a52f32ec14c7a31ab47b3e36983d,100644,2fa571a80d05ae873a3e6574d7d37c07ae061e21
ch_summarizing_data/figures/sdRuleForLoanAmount/sdRuleForLoanAmount.pdf,6829,4f236b110a709f2b04c5df2e54617ae550e880df7801047d3ea1fed702ec010f,100644,2025c91305f013e5062e2d2f8c9a66721579171e
ch_summarizing_data/figures/severalDiffDistWithSdOf1/severalDiffDistWithSdOf1.R,2264,eb770f9fd72a54877c5ef479e9714b9b3792155991669edbe4478f2edaec8d51,100644,8b4bcd53cc7ad025c12ac6f8df0d57e442bd92e3
ch_summarizing_data/figures/severalDiffDistWithSdOf1/severalDiffDistWithSdOf1.pdf,6924,9d12cbe2560f43394d67000841897ea961d8434b914ab0505284dc42c797448e,100644,c6093c3c8438a2ce6943c88dd515b6b48beb7f13
ch_summarizing_data/figures/singleBiMultiModalPlots/singleBiMultiModalPlots.R,570,2d094989872aa2e704e3b995e711114b396cbff10bfb71f93443979fdda09080,100644,a44ba047cf84dadf9649dcc98409cce9e1effab4
ch_summarizing_data/figures/singleBiMultiModalPlots/singleBiMultiModalPlots.pdf,5372,5ec9121bd46bf1583aaaf67b1783c03b34b27f9c4aa292104190c0d1dbbfa9b1,100644,7f0e7f7efd7fcfbd64ef1b8679e6c0d12e77dc71
ch_summarizing_data/figures/total_income_dot_plot/total_income_dot_plot.R,1371,1b7335bf310c29ce6a251dbb2c9a5b5c663078acf11fcf721b174e0ff623c234,100644,2b6ed9add8ec3975c254f767b1b2cd54bab48a28
ch_summarizing_data/figures/total_income_dot_plot/total_income_dot_plot.pdf,6752,b338f9a4cf3cee7b93a02f58627fdcbb090c5e274c1a9ac2857c9dfbc0374e06,100644,7ad453d2c35eec06e0717e7c0f8bc24ea8ec923c
ch_summarizing_data/figures/total_income_dot_plot/total_income_dot_plot_stacked.pdf,4745,3ce77f3238061eea0abe443f4b0b363fc4276b91cc4f3872c6eb22cb173fab9b,100644,d216ecc8131ed4e31e774e176719d05359f3addd
eoce.bib,30361,42191d6cb80b562e3bb769388759cba25b1798ae416536ebfdcf73de0770217a,100644,626c2ddc569b652943f52f9c611d934ab553ab2b
extraTeX/data/data.tex,26134,6456ef7e9d0f855dbba47f9f62f0f10ae731d4f7cd558399848419d3cbdfd88b,100644,2f51ce05b92eeb56e9d26acda40035a2dff70e02
extraTeX/eoceSolutions/eoceSolutions.tex,106045,6c4e01376db4c023cc7b3f9949490e57220ef1cb831c580da71efde6ce723268,100644,63fad8216370edfaec85321a8f62023da3a96294
extraTeX/icons/example.png,29569,ad493e0e0b0c1139f06b59e48929b300b300c7c0656925a861e737a3d44b1081,100644,1d100865dfa2eb14a36819471ce3e7e8fa956c95
extraTeX/icons/guided_practice.png,22818,501d81bf24444192abc3d57456dc4d34f03acd3319417b29a1faeacb9256ee4c,100644,d9d9bd23808efa517e8a89d500ddb6ca48db8bf2
extraTeX/icons/labs_and_slides.png,3611,4d7da07eefc79b92c6be5c577389ed237642b613e9c8bcfeab61d8f316e4e232,100644,47d93df6bdfa047a11928b125869bbb3c96a301b
extraTeX/icons/slides.png,2899,1fef2829ea6ca92722b3c2fbccc3594958fad0a088cfceaeaefb0b496cf0598b,100644,e516c0e57f666f5523c38a4d9d5db1b6606a3d5c
extraTeX/icons/video_and_slides.png,18230,68aea0c137a7e07baa0b21f9e1537f19d915fa0071d5804bdfd222dfd467d7d9,100644,5707dd344265fc4b442e68e2e8604cea85be02b7
extraTeX/icons/video_camera.png,11064,1ce8f89f3a22e07d50267d2727fb4cfddc5487f95118c84d3b4d01b5372dc978,100644,63fb94fb970a2d9737e942fda83359ee949448d6
extraTeX/index/index.tex,78,7a0b2c6a558aca920e0829aec00fb3f30f41187c71e4f5a9f69041697556a4d5,100644,d825ea8a4ce85c72020d4f9f649e7103f9a4eae9
extraTeX/preamble/copyright.tex,798,791c881f117fcf252865d66e558ccefafa74bfaad958b24703ed2806a2677cbf,100644,e2bc31a5dc2d8352f840a358ac5b703175d45605
extraTeX/preamble/copyright_derivative.tex,462,3c473391733db54bf15ebd67fa77e35eaf461e0c68c33ee7c51295ca1331762d,100644,f852b065fb2308b1fab2340d8f01d94ff06f0314
extraTeX/preamble/preface.tex,9654,af5029f8f17f98dc094b6ce036a74143b803f71d841d6235bb70d130c57d1424,100644,663a60f9a104729a15245f63d8958791dc3707e0
extraTeX/preamble/review_copy.tex,9140,d699e7b9af01a0fadaae028d2938da2fd09927cf53126edef9ae80de78df1844,100644,cff1f193e188627270d4760dfd435e451b3de93f
extraTeX/preamble/title.tex,408,57ff1c3082599dd1e0ce5b46209296a23b26f0bea54cfe6c6c6ca697a5e4da06,100644,03ee6bcd2106c0273ff139a374ce126c15e4aca2
extraTeX/preamble/title_derivative.tex,664,e187e431e2fad382442b631a3ca6b8f74bf783abb9f82ad64502529a071aaf47,100644,7bc9f1bf913e3f9aa84dae52bb9e9ce09b4865d9
extraTeX/style/colorsV1.tex,1106,512c616d03f9289b14b6e1d1a357bb8a08e62da503eea0b5aad47dd2b0559f99,100644,9691949f856ed3b33533f7669b1a7d193ba0b837
extraTeX/style/hardcover.tex,636,be59e8cfe1d9045cc60d9412600ee8f27745d1932afbd187b99422dd831f376c,100644,ae78a46c036c38e8a74e0ffc706784b713fd6720
extraTeX/style/headers.tex,4349,e9c018fb35feeef801c7282f4b08f2f777a2419935601e724157b3d247faef96,100644,08bd4d5f794b3c8b3be3932ba9cf888332de00ab
extraTeX/style/headers_simple.tex,4074,a2652c65b186c5688275b1d94a717fab5e968e65710ec704ca9b62b0ed36c401,100644,0f7c20c9a6aa4a6a8124ad459055980adcc4c5b3
extraTeX/style/style.tex,15415,075101ea8256a7e850c1f3b101100204feb5e4c8a5f0914138bf468d6a895901,100644,967643f6a9225c3d51b54b9f1d11844a7ce5fa73
extraTeX/style/style_appendices.tex,489,86887908bf35c3b524428fda1a1126e03a6438a10723da982fec088f6c2bcb19,100644,cfd5cefd160aa1dcb2740c740eb2b6ca19d5cb53
extraTeX/style/style_simple.tex,15715,291af7bc69e4a8fe96198248954fe376d6a41df24e91c0caa1c6d7b90ce68046,100644,69c9033f143d5ab477f1a4eeeebeaf68bedd0eb9
extraTeX/style/tablet.tex,696,965f642305bf1321f683d599df2f3c5dfe1a08f48459b4539e44f86b4dd81d66,100644,7bbe8d2624754986b360ca7558e53afe85150463
extraTeX/style/video.tex,615,0134d3a35bad6ad064e9fbb4f55be5f13ffb13501cc3416f31ba10b066945bfc,100644,45132bd58302d75bf25b230081d181d238ebe901
extraTeX/tables/TeX/chiSquareTable.tex,12800,4be0620c156d3062d2694bf25cb1da73cecdbcde329529ea9fa2af7968f255a4,100644,378eb15b045c8b5e4fb35fe692dc8fea17d247e9
extraTeX/tables/TeX/tTable.tex,17739,17a496991b0d9c47d44fec7b982c16a3fc39c6b7cb75164fe71d23f904294aa2,100644,99882fb8c20563dabe9c4f014c3ab20bfccc9e6c
extraTeX/tables/TeX/zTable.tex,28206,acde819498b56619be65c926c56d1fd79607cf8328cc0d7f534c8291cdd63b53,100644,9552b1d5397ff39b9904f046f9e2fe02cad0e4ff
extraTeX/tables/code/chiSquareProbTable.R,339,1cc6a2fdbebe8d41d09edabcdf182b11356869ea8cca73c6939ae6f2ffa273a6,100644,80f1cd547987ebcf157fdbfab0fed556a97d7ae5
extraTeX/tables/code/normalProbTable.R,1101,4fd63fd05c3962bd6af37bd53b18f225c4c30a21b6520860370c5a078b40627c,100644,bdff3f8b17400d739c2de4496e0ecb44a2dc6ee4
extraTeX/tables/figures/chiSquareTail/chiSquareTail.R,381,f48c47a3b5ccce1338f58dde10b34f211592c782aebc5a64c2e2df8abbe91181,100644,9f62b6d7c55d13aeb9871c7f2149506129618696
extraTeX/tables/figures/chiSquareTail/chiSquareTail.pdf,6348,491235b67c514e01a27aafc535c105a655a0463feacccfbd33afae1cbe28f373,100644,29112272d11c48ab19432b0e849fad275352e8d1
extraTeX/tables/figures/normalTails/normalTailLeft.pdf,8319,f48f3dfe818ca2ddfdb5124b8715126a87dba761fbdc5c1381bed53cc35a1f37,100644,16ea6b4225c175ef3e53ec08f5a8f3d35d78b3b3
extraTeX/tables/figures/normalTails/normalTailRight.pdf,8383,ccc0450b1d24b2192b00dac570d63a3b0cc9f4a3248f7a21ca3c3cd5f9b69f18,100644,c4c4f064f9b2588e1c219085ab9c3b3dc3d3a190
extraTeX/tables/figures/normalTails/normalTails.R,1120,027ef45abe77a9c4958753099dccadae42c9baadd8462cf1ac1b58e4ed0870e4,100644,7f9b2fe24ac2aa81c8200323ccf1640fca0aa9ba
extraTeX/tables/figures/normalTails/normalTails.pdf,11446,b897623bb4fb51740de42d6e4e27cb77baf329864c92a0db013f809ac0971176,100644,3742dcd1e05f2b7b40eb3fb14bd028f98215b19a
extraTeX/tables/figures/normalTails/subtractingArea/subtractingArea.R,1183,f8a475b52a1cc06766243f7b5ac71a6a42ca96d96b72924cf786db52838cb406,100644,1cac912075fb74ac4e4ec6297977070cb787c004
extraTeX/tables/figures/normalTails/subtractingArea/subtractingArea.pdf,20187,cbfe6032cf8c949c1fb64e1c9319dad3a220cdb1df3ed5ff4354f6dc9794109b,100644,cf30bb7bc4a171f2c85c32343535aa4594fb341b
extraTeX/tables/figures/tTails/tTails.R,393,af67ee78d4002b43675af08708b4ff9fe2c2b2724daeafb832636e1922be5593,100644,418728798a5519c2ee6231921a28b779c6dd8508
extraTeX/tables/figures/tTails/tTails.pdf,16428,9ad3e152063b041720a8b8c862dff255b75457d0c24231deb23dc0bf22f21255,100644,0a64ede1f5738a96dbd0e6255b03c6217f60bd58
fullminipage.sty,3786,bf77fe6e9632c2aa33965e53714589f3dd781c0f6cb23be3a92aa73ac37f97ce,100644,9aa3491b4f2c2b437f85cf732fecdcd1031ba1cc
main.tex,4155,1ed8952651f4b21e7175d82b4c1fda780aee5ec78f88143b97c692477ee2750b,100644,77996ffee9f98bed3ec3a9070c651f836e1c2b4d
openintro-statistics.Rproj,205,3a81ccc25a62f1a31c7d3404389935ced50831abea5e848408745ad1a1bf6126,100644,8e3c2ebc99e2e337f7d69948b93529a437590b27
