segment_id,unit_id,order,segment_kind,source_locale,source_path,line_start,line_end,source_sha256,target_locale,target_path,target_line_start,target_line_end,target_sha256,translation_state,target_text,rights_component_ids
00d13211-5a64-5c4f-a8fd-4ef9760a9a26,48d76130-cdf3-5c50-aecb-e80b5c96ded3,1,exercise,en,ch_intro_to_data/TeX/experiments.tex,5,17,b345834578c33c0eacde4487984e9b6884691c1c3cdfbd53d8705cea6733da65,id-ID,repo/ch_intro_to_data/TeX/experiments.tex,5,18,a37f199514745d6a17dc970776b7f386b35f71a0d2d160f62c473f85ca29e8f1,translated,"\eoce{\qt{Kondisi pencahayaan dan kinerja ujian\label{light_exam_performance}} Sebuah studi 
dirancang untuk menguji pengaruh kondisi pencahayaan terhadap kinerja ujian mahasiswa. 
Peneliti menduga bahwa kondisi pencahayaan dapat memberikan pengaruh yang berbeda pada 
laki-laki dan perempuan, sehingga keduanya hendak diwakili sama banyak dalam setiap 
perlakuan. Perlakuannya adalah pencahayaan fluoresen dari atas, pencahayaan kuning dari 
atas, dan tanpa pencahayaan dari atas (hanya menggunakan lampu meja). 
\begin{parts}
\item Apa variabel responsnya?
\item Apa variabel penjelasnya? Apa saja levelnya?
\item Apa variabel pemblokannya? Apa saja levelnya?
\end{parts}
}{}

% 30
","[""18223f28-a74d-5f9f-a586-6c3ab2bbef1f""]"
01ce8b42-afa1-5960-902a-7c0763069db3,17acf038-9821-5e3d-9ffa-1526fab12218,2,subsection_prose,en,ch_summarizing_data/TeX/ch_summarizing_data.tex,535,542,e601613cac2b10c1407262f59658ba12260a79db76a6bcd9014b705b8f7a19aa,id-ID,repo/ch_summarizing_data/TeX/ch_summarizing_data.tex,526,532,d6d4e7541c8d488d861e83997ca6f95332dcb9c81f5693123fed1bb527f1a6d5,translated,"\end{exercisewrap}
\footnotetext{Kemencengan terlihat pada ketiga diagram, meskipun
  diagram titik datar adalah yang paling kurang membantu.
  Diagram titik bertumpuk dan histogram merupakan visualisasi
  yang berguna untuk mengenali kemencengan.}

\begin{exercisewrap}
","[""18223f28-a74d-5f9f-a586-6c3ab2bbef1f""]"
025ef970-3f3f-5fee-b75a-ffad7021a927,39b0852e-4b0d-551c-b376-6cabf3fbb132,1,public_appendix_solution,en,extraTeX/eoceSolutions/eoceSolutions.tex,290,294,ebdf7ceb9d309124a229ab4b058a286868731eb5c17716f8c65a4b3d4fb0083d,id-ID,repo/extraTeX/eoceSolutions/eoceSolutions.tex,305,309,72c71ebb0c1c7371cc52bc60f78425c2e08b1cb720727b042eed6a29685b8c94,translated,"% 13

\eocesol{Histogram menunjukkan bahwa distribusinya bimodal, sesuatu yang tidak tampak pada 
diagram kotak. Diagram kotak memudahkan kita mengidentifikasi secara lebih tepat nilai-nilai 
pengamatan yang berada di luar garis kumis.}
","[""18223f28-a74d-5f9f-a586-6c3ab2bbef1f""]"
04c71223-707a-5b63-8f52-1590ce3abcae,ea975387-3208-52a7-bab8-012230362971,1,public_appendix_solution,en,extraTeX/eoceSolutions/eoceSolutions.tex,302,310,4fa1027109440ccf0b13022151050ddfb18cf07920777d28fa3401f0588502bc,id-ID,repo/extraTeX/eoceSolutions/eoceSolutions.tex,323,331,613497112971466d1f4a9c0f508b5316db8d937e9e296f37389e3979d948c692,translated,"% 17

\eocesol{(a)~Median merupakan ukuran yang jauh lebih baik untuk pendapatan tipikal 42 orang 
tersebut. Rata-rata jauh lebih tinggi daripada pendapatan 40 dari 42 orang itu. Hal ini 
terjadi karena rata-rata merupakan rerata aritmetika yang dipengaruhi oleh dua pengamatan 
ekstrem. Median tidak terlalu terpengaruh karena robust terhadap pencilan.
(b)~IQR merupakan ukuran yang jauh lebih baik untuk menggambarkan variabilitas pendapatan 
bagi hampir semua dari 42 orang tersebut. Simpangan baku sangat dipengaruhi oleh dua pendapatan tinggi, 
sedangkan IQR robust terhadap kedua pengamatan ekstrem itu.}
","[""18223f28-a74d-5f9f-a586-6c3ab2bbef1f""]"
0512bc2a-4154-5eb3-b510-b4f411b4c5ed,464d9b37-0ad1-53d0-b540-74effa8239f3,1,guided_exercise,en,ch_summarizing_data/TeX/ch_summarizing_data.tex,152,155,8cf5ab9361cefccb36f0c0bf58676a1188f2290a9e2736640ab215eef7349773,id-ID,repo/ch_summarizing_data/TeX/ch_summarizing_data.tex,150,153,7f9d4309c4e16cf08ff2209ffb882347a8052b4e1f2aa308f424456a2ce217ce,translated,"\begin{nexercise}
Sebutkan dua variabel yang akan mempunyai hubungan berbentuk
tapal kuda dalam diagram pencar ($\cap$ atau $\frown$).\footnotemark{}
\end{nexercise}
","[""18223f28-a74d-5f9f-a586-6c3ab2bbef1f""]"
091354a3-1aba-5166-a107-7b5c9259e95b,0f31ef05-8651-5e86-9185-b5d10b8fda5d,1,exercise,en,ch_intro_to_data/TeX/sampling_principles_and_strategies.tex,21,39,b13ab622097680e2e24c23195a0bf260f0f0fb6414ddc75e590ffe2b28e45ea1,id-ID,repo/ch_intro_to_data/TeX/sampling_principles_and_strategies.tex,21,39,24c5614f651062640fca6473d23ddc464d17f40f55dff157c729b21d626958e7,translated,"\eoce{\qt{Kecurangan: cakupan inferensi\label{scope_cheaters}} 
Latihan~\ref{study_components_cheaters} memperkenalkan studi tentang hubungan 
antara kejujuran, usia, dan pengendalian diri. Para peneliti melakukan eksperimen 
pada 160 anak berusia 5 hingga 15 tahun. Setiap anak diminta melempar koin 
seimbang tanpa dilihat orang lain dan mencatat hasilnya (putih atau hitam) pada 
selembar kertas; hanya anak yang melaporkan hasil putih yang akan diberi hadiah. 
Separuh anak 
secara eksplisit diminta untuk tidak berbuat curang, sedangkan separuh lainnya 
tidak diberi instruksi eksplisit. Terdapat perbedaan tingkat kecurangan antara 
kelompok dengan dan tanpa instruksi, serta sejumlah perbedaan menurut 
karakteristik anak di dalam setiap kelompok.
\begin{parts}
\item Tentukan populasi sasaran dan sampel dalam studi ini.
\item Jelaskan apakah hasil studi dapat digeneralisasikan ke populasi dan apakah 
temuannya dapat digunakan untuk menetapkan hubungan kausal.
\end{parts}
}{}

% 15
","[""18223f28-a74d-5f9f-a586-6c3ab2bbef1f""]"
0aa5cebc-ffc1-53f1-a4e2-2ba726586d43,4a0f5bef-95db-5c6c-ae94-097778cff15d,1,section_lead,en,ch_summarizing_data/TeX/ch_summarizing_data.tex,1323,1343,39b27f56c2ea3398b10509567a63c9530f74461b2a62c627a4a15201e9b6aff3,id-ID,repo/ch_summarizing_data/TeX/ch_summarizing_data.tex,1268,1288,9f71699f18403f88d21e92cad455530ef3637c45d5bb1ecf18ae2c6ff5df560f,translated,"\section{Menelaah data kategoris}
\label{categoricalData}

\index{data!loans|(}

Pada bagian ini, kita akan memperkenalkan tabel dan perangkat dasar lain
untuk data kategoris yang digunakan di seluruh buku ini.
Himpunan data \data{loan50} merupakan sampel dari himpunan data pinjaman
yang lebih besar, yaitu \data{loans}.
Himpunan data yang lebih besar ini memuat informasi tentang 10,000 pinjaman
yang diberikan melalui Lending Club.
Kita akan menelaah hubungan antara
\var{homeownership}, yang dalam data \data{loans} dapat bernilai
\resp{rent}, \resp{mortgage}
(memiliki rumah, tetapi masih menanggung hipotek), atau \resp{own},
dan \var{app\us{}type},
yang menunjukkan apakah pengajuan pinjaman dilakukan
bersama pemohon lain atau diajukan secara perorangan.
% library(openintro); dim(loans_full_schema)


","[""18223f28-a74d-5f9f-a586-6c3ab2bbef1f""]"
0ba65e22-5fea-57a5-975a-01b4314628fb,6a97129a-886b-5c53-bcbb-de071986d1e8,1,guided_exercise,en,ch_summarizing_data/TeX/ch_summarizing_data.tex,1590,1597,3d7fde403c78b48034f261f58745dd2e43559e66f62a6436b7abccb119e02055,id-ID,repo/ch_summarizing_data/TeX/ch_summarizing_data.tex,1533,1540,0fe5c4677449fe3dcf5b6812b475a06e568db1c46c597ff8804208dec74588e5,translated,"\begin{nexercise}
(a)~Apa arti 0.122 pada perpotongan \resp{joint} dan
\resp{own} dalam
Gambar~\ref{rowPropAppTypeHomeownership}?

(b)~Apa arti 0.135 pada
Gambar~\ref{colPropAppTypeHomeownership}?\footnotemark{}
\end{nexercise}
","[""18223f28-a74d-5f9f-a586-6c3ab2bbef1f""]"
0cb607e1-ee87-5d63-97cb-b8a8bf85c7fb,8c1f82f6-34a3-53be-9da6-0fa74df91111,1,exercise,en,ch_summarizing_data/TeX/examining_numerical_data.tex,316,335,98504cc6b5f60249f899a9cb458f880dfda96a0cee2310628cb805a5c3e1242e,id-ID,repo/ch_summarizing_data/TeX/examining_numerical_data.tex,321,339,ad3c73b3bccbd9f0aed161d13e9590d76c8cc55c2734098ffbe0b5058dae5603,language_reviewed,"\eoce{\qt{Populasi Hispanik\label{county_hispanic_pop}} Sensus Amerika Serikat mengumpulkan 
data tentang ras dan etnis penduduk Amerika, selain banyak variabel lain. Histogram di bawah 
ini menunjukkan distribusi persentase penduduk Hispanik di 3,142 county di Amerika Serikat 
pada tahun 2010. Histogram logaritma nilai-nilai tersebut juga ditampilkan.
\begin{center}
\Figures[Sebuah histogram untuk variabel ""Persentase Hispanik"" ditampilkan dengan sumbu horizontal dari 0 hingga 100. Interval kelas pertama, dari 0 hingga 5, jauh lebih tinggi daripada semua kelas lain, yaitu sekitar 2000. Setelah itu, tinggi interval-interval kelas turun dengan cepat: sekitar 500 antara 5 dan 10, 200 antara 10 dan 15, serta 100 antara 15 dan 20. Selanjutnya, tingginya terus menurun hingga hampir tidak dapat dibedakan dari 0 untuk interval-interval kelas di sekitar 50\%.]{0.48}{eoce/county_hispanic_pop}{county_hispanic_pop_hist}
\Figures[Sebuah histogram untuk variabel yang telah ditransformasi, ""logaritma natural Persentase Hispanik"", ditampilkan dengan sumbu horizontal dari sekitar -2.5 hingga 4.5. Frekuensi interval-interval kelas sangat dekat dengan 0 hingga -1, lalu naik sedikit sampai sekitar -0.5 sebelum meningkat tajam menuju puncak pada sekitar 0.5. Setelah itu, tingginya menurun secara teratur menuju frekuensi 0 pada nilai horizontal 4.5.]{0.48}{eoce/county_hispanic_pop}{county_hispanic_pop_log_hist}
\Figures[Sebuah peta intensitas spasial Amerika Serikat ditampilkan. Legenda arsiran membentang dari nilai 0\% hingga nilai tertinggi ""lebih dari 40\%"". Sebagian besar wilayah timur dan tengah negara tersebut---di sebelah timur Texas, Colorado, Utah, dan Idaho---diarsir dengan nilai di bawah 10\%. Florida merupakan pengecualian karena beberapa county menunjukkan nilai yang lebih tinggi. Nilai yang lebih tinggi sangat menonjol di Texas, New Mexico, Arizona, dan California, yang sebagian besar menunjukkan arsiran untuk nilai sedikitnya 20\%. Nevada, Idaho, Oregon, dan Washington menunjukkan nilai rata-rata sekitar 10--20\%.]{0.48}{eoce/county_hispanic_pop}{county_hispanic_pop_map}
\end{center}
\begin{parts}
\item Deskripsikan distribusi numeriknya dan jelaskan mengapa kita mungkin ingin menggunakan 
nilai yang telah ditransformasi dengan logaritma ketika menganalisis atau memodelkan data ini.
\item Karakteristik distribusi populasi Hispanik di county-county Amerika Serikat apa yang 
tampak pada peta tetapi tidak pada histogram? Karakteristik apa yang tampak pada histogram 
tetapi tidak pada peta?
\item Apakah salah satu visualisasi lebih tepat atau lebih membantu daripada yang lain? 
Jelaskan alasan Anda.
\end{parts} 
}{}
","[""18223f28-a74d-5f9f-a586-6c3ab2bbef1f""]"
0fb45c54-df84-520c-bd5d-435388ba2460,9c3f7c19-0f6c-5060-9c70-d8585ba33850,1,exercise,en,ch_intro_to_data/TeX/experiments.tex,67,73,50699e262e202d360f16d6be85cb52942b4897cafa277638a15660cb984424cc,id-ID,repo/ch_intro_to_data/TeX/experiments.tex,67,73,e82bf8c6b977f3923ef9f25d11a77fb0aa4fea3011756b99676f57cbee26fde8,translated,"\eoce{\qt{Musik dan pembelajaran\label{music_learning}} Anda hendak melakukan eksperimen di 
kelas untuk mengetahui apakah mahasiswa belajar lebih baik ketika belajar tanpa musik, 
dengan musik tanpa lirik (instrumental), atau dengan musik berlirik. Uraikan secara 
ringkas sebuah rancangan untuk studi ini.
}{}

% 33
","[""18223f28-a74d-5f9f-a586-6c3ab2bbef1f""]"
0fe4cadc-23e7-5146-a6a3-457454d535fd,5418b4f9-77ac-546a-b7e2-5bc1c3fb75ca,1,exercise,en,ch_intro_to_data/TeX/sampling_principles_and_strategies.tex,269,302,441807a0122342c714e792eab47adf9d7ed8106c564102d3c68087e10ad6c286,id-ID,repo/ch_intro_to_data/TeX/sampling_principles_and_strategies.tex,274,307,1d39975171a85429abe29124dc28ca5301beebe5b486751ef9db71381bb4560f,translated,"\eoce{\qt{Membaca berita\label{reading_paper}} Dua artikel di \emph{NY Times}
memberitakan studi berikut. Uraian di bawah adalah ringkasan faktual yang
disusun ulang, bukan kutipan dari artikel:
\begin{parts}
\item Artikel berjudul \emph{Risks: Smokers Found More Prone to Dementia} 
melaporkan hal-hal berikut. \footfullcite{news:smokingDementia}
\begin{adjustwidth}{1em}{1em}
{\footnotesize Analisis mencakup 23.123 anggota program kesehatan yang berusia
50--60 tahun ketika secara sukarela menjalani pemeriksaan dan survei perilaku
pada 1978--1985. Setelah 23 tahun, sekitar 25\% peserta tercatat mengalami
demensia; 1.136 kasus adalah penyakit Alzheimer dan 416 kasus adalah demensia
vaskular. Dalam perbandingan yang telah disesuaikan terhadap faktor lain,
perkiraan risiko relatif terhadap bukan perokok adalah 37\% lebih tinggi untuk
satu bungkus per hari, 44\% lebih tinggi untuk satu hingga dua bungkus, dan
sekitar dua kali lipat untuk lebih dari dua bungkus per hari.}
\end{adjustwidth}
Berdasarkan studi ini, dapatkah kita menyimpulkan bahwa merokok menyebabkan 
demensia di kemudian hari? Jelaskan alasan Anda.
\item Artikel lain berjudul \emph{The School Bully Is Sleepy} melaporkan hal-hal 
berikut. \footfullcite{news:bullySleep}
\begin{adjustwidth}{1em}{1em}
{\footnotesize Studi University of Michigan menggabungkan laporan orang tua
tentang kebiasaan tidur anak dengan penilaian orang tua dan guru mengenai
perilaku. Sekitar sepertiga siswa memperoleh penandaan masalah perilaku
mengganggu atau perundungan. Gejala gangguan tidur dilaporkan sekitar dua kali
lebih sering pada anak dalam kelompok bermasalah tersebut dan pada anak yang
diidentifikasi sebagai perundung.}
\end{adjustwidth}
Seorang teman yang membaca artikel itu menyimpulkan bahwa gangguan tidur 
menyebabkan perundungan pada anak sekolah. Apakah pernyataan tersebut dapat 
dibenarkan? Jika tidak, bagaimana sebaiknya Anda menjelaskan kesimpulan yang 
dapat ditarik dari studi ini?
\end{parts}
}{}
","[""18223f28-a74d-5f9f-a586-6c3ab2bbef1f"",""33ab015a-b878-52bd-af46-2f824ee486c4""]"
10ba747c-aab0-507f-9637-27e5c0cf4d8b,8fd6ebca-4ca4-55c1-89f8-d040729c3b3e,1,chapter_intro,en,ch_intro_to_data/TeX/ch_intro_to_data.tex,17,35,70b60753156622c657f83656e7b5fb69964e1bed674081eb67d37126e791fd67,id-ID,repo/ch_intro_to_data/TeX/ch_intro_to_data.tex,17,35,43a59c0e51e90fcdb2f8bd246b853a4d299dcaa58eaca5cdc0c9a036d8e53f25,translated,"\chapterintro{Para ilmuwan berupaya menjawab pertanyaan
  dengan menggunakan metode yang ketat dan pengamatan yang cermat.
  Pengamatan ini -- yang dihimpun, antara lain, dari catatan lapangan,
  survei, dan eksperimen -- menjadi landasan penyelidikan statistika
  dan disebut \term{data}.
  Statistika adalah ilmu tentang cara terbaik untuk mengumpulkan dan menganalisis
  data serta menarik kesimpulan darinya, %Statistika dapat ditempatkan dalam konteks proses penyelidikan secara umum:
%\begin{enumerate}
%\setlength{\itemsep}{0mm}
%\item Tentukan pertanyaan atau masalah.
%\item Kumpulkan data yang relevan dengan topik tersebut.
%\item Analisis data tersebut.
%\item Tarik kesimpulan.
%%\item Ambil keputusan berdasarkan kesimpulan tersebut.
%\end{enumerate}
%Sebagai bidang ilmu, statistika berfokus untuk menjadikan tahap 2--4 objektif, ketat, dan efisien. Dengan~kata lain, statistika memiliki tiga komponen utama: Bagaimana cara terbaik mengumpulkan data? Bagaimana data seharusnya dianalisis? Dan apa yang dapat kita simpulkan dari analisis tersebut?
  dan pada bab pertama ini,
  kita berfokus pada sifat-sifat data
  serta cara pengumpulannya.}
","[""18223f28-a74d-5f9f-a586-6c3ab2bbef1f""]"
116e69d6-fac6-5803-bb28-24e867ff424d,dbda91d1-7c2a-59ea-8049-c1847a4c4218,2,subsection_prose,en,ch_summarizing_data/TeX/ch_summarizing_data.tex,246,255,0c537932c09c330da7ccc3f60d9e560f8f9d2b45027a016252f1388f130920b3,id-ID,repo/ch_summarizing_data/TeX/ch_summarizing_data.tex,244,252,fb53d016642c438edce5891aa831ba8fff69fe2105e5e8fe31433efaf999e61f,translated,"\end{exercisewrap}
\footnotetext{$x_1$ menyatakan suku bunga pinjaman pertama
  dalam sampel (\loanA\%), $x_2$ menyatakan suku bunga pinjaman
  kedua (\loanB\%), dan $x_i$ menyatakan suku bunga untuk
  pinjaman ke-$i$ dalam kumpulan data.
  Sebagai contoh, jika $i = 4$, kita menelaah $x_4$,
  yang merujuk pada pengamatan keempat dalam kumpulan data.}

\begin{exercisewrap}
","[""18223f28-a74d-5f9f-a586-6c3ab2bbef1f""]"
1199c1d0-c597-56af-ab73-b42911a126ae,2967fbd0-7fb9-5e4c-9c33-436c98c436bd,1,exercise,en,ch_summarizing_data/TeX/examining_numerical_data.tex,190,203,76060f71516ffb7c52848667dc684e304817f420bc1ce53d2b61952104dfc052,id-ID,repo/ch_summarizing_data/TeX/examining_numerical_data.tex,196,209,80c778f548dd55a5efa85922293d227574ccb859e64b863bbd644cb290078bf5,language_reviewed,"\eoce{\qt{Histogram versus diagram kotak\label{hist_vs_box}} Bandingkan kedua diagram di bawah 
ini. Karakteristik distribusi apa yang tampak dalam histogram tetapi tidak dalam diagram kotak? 
Karakteristik apa yang tampak dalam diagram kotak tetapi tidak dalam histogram?
\begin{center}
\Figures[Dua diagram ditampilkan: yang pertama histogram dan yang kedua diagram kotak. Data pada setiap diagram membentang dari sekitar 0 hingga 30.

Histogram memiliki interval kelas dengan lebar 2. Dimulai dari nilai yang lebih rendah, interval-interval kelas menunjukkan puncak pertama pada nilai horizontal sekitar 5, lalu menurun hingga mendekati sumbu horizontal pada 10, sebelum naik kembali antara 10 dan 14. Tinggi interval-interval kelas kembali lebih rendah antara 15 dan 30.

Kotak pada diagram kotak berpusat pada 10 dan membentang dari sekitar 5 hingga 12. Garis kumisnya mencapai sekitar 2 di bawah dan sekitar 22 di atas. Terdapat beberapa titik di atas garis kumis atas.
]{0.6}{eoce/hist_vs_box}{hist_vs_box}
\end{center}
}{}

% 14
","[""18223f28-a74d-5f9f-a586-6c3ab2bbef1f""]"
12f1cb3a-92ed-5dce-8905-e336b631871f,a10d1176-5b95-56e2-8941-573322a79e39,1,table_and_caption,en,ch_intro_to_data/TeX/ch_intro_to_data.tex,84,99,105024147d974675ea6023773247b9fc166735c4868218385064f3fe9448eaa5,id-ID,repo/ch_intro_to_data/TeX/ch_intro_to_data.tex,84,99,8ac829022a718502f431fe19ca1136890764fa2dc2dd50670d01dbea48d01645,translated,"\begin{figure}[h]
\centering
\begin{tabular}{l cc c cc}
& \multicolumn{2}{c}{0--30 hari} &\hspace{5mm}\ & \multicolumn{2}{c}{0--365 hari} \\
  \cline{2-3} \cline{5-6}
	& 	strok 	& tidak ada kejadian && 	strok 	& tidak ada kejadian \\
  \hline
perlakuan 	& 33		& 191	&&	45 	& 179 \\
kontrol 		& 13		& 214	&& 	28	& 199 \\
  \hline
Jumlah				& 46		& 405	&&	73	& 378 \\
  \hline
\end{tabular}
\caption{Statistik deskriptif untuk penelitian stent.}
\label{stentStudyResults}
\end{figure}
","[""18223f28-a74d-5f9f-a586-6c3ab2bbef1f""]"
138b3eb4-b5f4-5304-bb4a-36718f122b91,b4cd26a2-3443-5b4d-9a38-f2d9766ae10a,3,subsection_prose,en,ch_summarizing_data/TeX/ch_summarizing_data.tex,971,985,5ee6f4099cf7958868c99046ade49b027b032e608d953e5caa346e75d5396eb9,id-ID,repo/ch_summarizing_data/TeX/ch_summarizing_data.tex,927,940,be0e2f95c827521eed7cb293934f41ff3b2d6546fce69eabb7c4a3ec58c16038,translated,"\end{exercisewrap}
\footnotetext{Estimasi visual ini akan sedikit berbeda dari
  satu orang ke orang lain:
  $Q_1=$ 8\%,
  $Q_3=$ 14\%,
  $\text{IQR} = Q_3 - Q_1 = 6\%$.
  (Nilai sebenarnya: $Q_1= \loanQA{}\%$, $Q_3 = \loanQC{}\%$,
  $\text{IQR} = \loanIQR{}\%$.)}

\CalculatorVideos{cara membuat ringkasan statistik dan diagram kotak}


% R011-B005 D023: jeda halaman paksa sebelum statistik robust ditiadakan.

","[""18223f28-a74d-5f9f-a586-6c3ab2bbef1f""]"
16f52590-1026-5382-a3e7-cba4d085a082,464e9807-e94f-510e-8157-c2c60c345df9,1,exercise,en,ch_summarizing_data/TeX/examining_numerical_data.tex,179,188,e2882c3f0bd92f9adf6ffec41fa54250b9948a6850a2fa4693560ffe7666ec65,id-ID,repo/ch_summarizing_data/TeX/examining_numerical_data.tex,185,194,b5a72573cf76f86a8b22a261b6644f4835eb3d243d9dd4b44b35bcf94548c255,language_reviewed,"\eoce{\qt{Median versus rata-rata\label{estimate_mean_median_simple}} Perkirakan median untuk 
400 pengamatan yang ditampilkan dalam histogram, lalu nyatakan apakah Anda memperkirakan 
rata-ratanya lebih tinggi atau lebih rendah daripada median.
\begin{center}
\Figures[Sebuah histogram ditampilkan dengan sumbu horizontal data dari 40 hingga 100 dan lebar interval kelas 5. Frekuensi interval-interval kelas tersebut adalah sebagai berikut, dengan jumlah yang bersifat perkiraan: 2 (untuk kelas 40 hingga 45), 4, 2, 10, 20, 25, 50, 75, 70, 85, 45, dan 10 untuk kelas terakhir dari 95 hingga 100.
]{0.6}{eoce/estimate_mean_median_simple}{estimate_mean_median_simple}
\end{center}
}{}

% 13
","[""18223f28-a74d-5f9f-a586-6c3ab2bbef1f""]"
1732669a-02f7-58c1-951a-6250aba96161,12e0f174-2d4f-5b85-8270-8cf241d02f42,1,exercise,en,ch_intro_to_data/TeX/review_exercises.tex,5,45,37ef80fc41aa1fd0ffa8c7430f4f89ccdc165bdc738b482bc6128cdb8ef133de,id-ID,repo/ch_intro_to_data/TeX/review_exercises.tex,8,45,a67cfc16e6a217c022ba7019e2f0ccddfc8986ce4d21d30320ff204320aed0f0,translated,"\eoce{% Replaces gpa_study_hours
\qt{Nama hewan peliharaan\label{seattle_pet_names}}
Kota Seattle, Washington, memiliki portal data terbuka yang
mencakup hewan peliharaan yang terdaftar di kota tersebut.
Untuk setiap hewan peliharaan yang terdaftar, tersedia informasi
tentang nama dan spesiesnya.
Visualisasi berikut memetakan proporsi anjing dengan nama tertentu
terhadap proporsi kucing dengan nama yang sama.
Ditampilkan 20 nama kucing dan anjing yang paling umum.
Garis diagonal pada grafik adalah garis $x = y$;
jika suatu nama terletak pada garis ini, nama tersebut sama populernya
di kalangan anjing maupun kucing.

\noindent\begin{minipage}[c]{0.4\textwidth}
\raggedright\begin{parts}
\item
    Apakah data ini dikumpulkan sebagai bagian dari eksperimen
    atau studi observasional?
\item
    Apa nama anjing yang paling umum? Apa nama kucing yang paling umum?
\item
    Nama apa saja yang lebih umum untuk kucing daripada anjing?
\item
    Apakah hubungan antara kedua variabel positif atau negatif?
    Apa artinya dalam konteks data ini?
\end{parts}\vspace{5mm}
\end{minipage}
\begin{minipage}[c]{0.05\textwidth}
\ 
\end{minipage}
\begin{minipage}[c]{0.53\textwidth}
\begin{center}
\Figures[Ditampilkan diagram pencar dengan setiap titik diberi label nama hewan peliharaan. Sumbu horizontal menyatakan ``Proporsi kucing'' dan membentang dari 0,002 hingga 0,010. Sumbu vertikal menyatakan ``Proporsi anjing'' dan membentang dari 0,002 hingga 0,010. Terdapat pula garis diagonal (y = x), dan hanya dua titik yang berada di bawah garis ini: ``Oliver'' sekitar (0,0045; 0,004) dan ``Lily'' sekitar (0,005; 0,004). Data menunjukkan tren positif yang lemah. Kasus paling ekstrem (proporsi tertinggi untuk anjing atau kucing) adalah ``Lucy'' pada (0,006; 0,0095), ``Charlie'' pada (0,005; 0,009), ``Luna'' pada (0,0065; 0,007), dan ``Bella'' pada (0,005; 0,007).]{0.95}{eoce/seattle_pet_names}{seattle_pet_names}
\end{center}
\end{minipage}
}{}

% 36
","[""18223f28-a74d-5f9f-a586-6c3ab2bbef1f"",""bad63bfb-9cf6-5f60-bbe6-9e93ae431ce0"",""67382a1e-7768-5d98-9912-2c3a848ce7a1""]"
179fea7c-2d45-535c-be68-7124e4ab33a1,7fd8dc8e-619e-5d32-a046-da020e549122,1,exercise,en,ch_intro_to_data/TeX/sampling_principles_and_strategies.tex,204,212,b8a090cde6bac3960b07497a190d4d4cd519f717f514a1b69f0029304539f0da,id-ID,repo/ch_intro_to_data/TeX/sampling_principles_and_strategies.tex,200,208,bcd72b65db99960b3ddb7a0a101c5c498884af6bb205d9d7bfd71bb0341a1464,translated,"\eoce{\qt{Pemanggilan digit acak\label{random_digit_dialing}} Gallup Poll 
menggunakan prosedur yang disebut pemanggilan digit acak. Prosedur ini membuat 
nomor telepon berdasarkan daftar seluruh kode area di Amerika Serikat serta 
jumlah rumah tangga yang terkait dengan setiap kode area. Berikan satu alasan 
yang mungkin menjelaskan mengapa Gallup Poll menggunakan pemanggilan digit acak 
alih-alih memilih nomor telepon dari buku telepon.
}{}

% 25
","[""18223f28-a74d-5f9f-a586-6c3ab2bbef1f""]"
1896fff7-77ab-5fc7-ad72-cf19b1678641,58a46bf1-0ddc-500b-908e-b1ca06bb63d2,1,exercise,en,ch_intro_to_data/TeX/sampling_principles_and_strategies.tex,5,19,abb2ca12aff54cafca81843f328e61b5043204ec572406e2a93ab49bf2b72811,id-ID,repo/ch_intro_to_data/TeX/sampling_principles_and_strategies.tex,5,19,6af6440ef634f15f3bd5780fe03755249e95624f3e04aabba94dca4c3974fd26,translated,"\eoce{\qt{Pencemaran udara dan luaran kelahiran: cakupan inferensi\label{scope_airpoll}} 
Latihan~\ref{study_components_airpoll} memperkenalkan sebuah studi yang 
mengumpulkan data untuk menelaah hubungan antara pencemar udara dan kelahiran 
prematur di California Selatan. Selama studi, tingkat pencemaran udara diukur 
oleh stasiun pemantau kualitas udara. Data lama kehamilan dikumpulkan untuk 
143.196 kelahiran antara 1989 dan 1993, dan paparan pencemaran udara selama 
kehamilan dihitung untuk setiap kelahiran.
\begin{parts}
\item Tentukan populasi sasaran dan sampel dalam studi ini.
\item Jelaskan apakah hasil studi dapat digeneralisasikan ke populasi dan apakah 
temuannya dapat digunakan untuk menetapkan hubungan kausal.
\end{parts}
}{}

% 14
","[""18223f28-a74d-5f9f-a586-6c3ab2bbef1f""]"
1bad614c-c211-5fa3-a42b-ab6c8944ab07,fc3d849c-7c46-5c07-8ca2-c458b8032805,1,guided_exercise,en,ch_summarizing_data/TeX/ch_summarizing_data.tex,1040,1046,3751186aa1879453bdb11c0d03f2d31bb10ac94ccdb05cd7d2f9572b38c49569,id-ID,repo/ch_summarizing_data/TeX/ch_summarizing_data.tex,992,998,290567013e042bf6357ea8c615b12fbc574154930d8de78c7789350ebb6337fb,translated,"\begin{nexercise} \label{interestRateWhichIsMoreRobust}
(a)~Manakah yang lebih dipengaruhi pengamatan ekstrem,
rata-rata atau median?
Gambar~\ref{robustOrNotTable} mungkin membantu.
(b)~Manakah yang lebih dipengaruhi pengamatan ekstrem,
simpangan baku atau IQR?\footnotemark{}
\end{nexercise}
","[""18223f28-a74d-5f9f-a586-6c3ab2bbef1f""]"
1bbd9706-5396-549d-8374-68c3d2190c96,17acf038-9821-5e3d-9ffa-1526fab12218,1,subsection_prose,en,ch_summarizing_data/TeX/ch_summarizing_data.tex,436,527,9f4bb55ca5d7498b2f0d504387ad49052c278a7a9a42a64d07a74d01d3e25695,id-ID,repo/ch_summarizing_data/TeX/ch_summarizing_data.tex,427,518,7d603f74bd0cbba826995b632dfd982e23cf7258491c42b66e94161a64559f14,language_reviewed,"\subsection{Histogram dan bentuk distribusi}
\label{histogramsAndShape}

Diagram titik menunjukkan nilai tepat setiap pengamatan.
Tampilan ini berguna untuk kumpulan data kecil, tetapi dapat
menjadi sulit dibaca pada sampel yang lebih besar. Alih-alih
menampilkan nilai setiap pengamatan, kita menganggap setiap nilai
sebagai anggota suatu \emph{interval kelas} (\emph{bin}).
Sebagai contoh, untuk kumpulan data \data{loan50}, kita membuat
tabel hitungan banyaknya pinjaman dengan suku bunga antara 5.0\%
dan 7.5\%, kemudian banyaknya pinjaman dengan suku bunga antara
7.5\% dan 10.0\%, dan seterusnya.
Pengamatan yang tepat berada pada batas interval kelas
(misalnya 10.00\%) dimasukkan ke kelas yang lebih rendah.
Tabulasi ini ditampilkan dalam Gambar~\ref{binnedIntRateAmountTable}.
Hitungan per interval kelas tersebut digambar sebagai batang dalam
Gambar~\ref{loan50IntRateHist}, membentuk apa yang disebut
\term{histogram}. Bentuknya menyerupai diagram titik bertumpuk pada
Gambar~\ref{loan_int_rate_dot_plot_stacked}, tetapi dengan
pengelompokan interval kelas yang lebih lebar.

\begin{figure}[ht]
\centering\small
\begin{tabular}{l ccc ccc ccc}
  \hline
  Suku Bunga &
      5.0\% - 7.5\% &
      7.5\% - 10.0\% &
      10.0\% - 12.5\% &
      12.5\% - 15.0\% &
      $\cdots$ &
      25.0\% - 27.5\% \\
  \hline
  Hitungan & 11 & 15 & 8 & 4 & $\cdots$ & 1 \\
  \hline
\end{tabular}
\caption{Hitungan data \var{interest\us{}rate}
    menurut interval kelas.}
\label{binnedIntRateAmountTable}
\end{figure}
% library(openintro); library(xtable); d <- loan50$interest_rate; max(d); t1 <- table(cut(d, seq(5, 27.5, 2.5), right = TRUE)); t1; xtable(rbind(t1))

\begin{figure}[bth]
  \centering
  \Figure
    [Histogram dengan sumbu horizontal berlabel ""Suku Bunga"" (suku bunga) dan frekuensi kemunculan berbagai interval kelas suku bunga pada sumbu vertikal. Kelas pertama, 5\%-7.5\%, mempunyai frekuensi (hitungan) 11 pengamatan; 7.5\%-10\% berfrekuensi 15; 10\%-12.5\% berfrekuensi 8; 12.5\%-15\% berfrekuensi 4; 15\%-17.5\% berfrekuensi 5; 17.5\%-20\% berfrekuensi 4; sedangkan kelas 20\%-22.5\%, 22.5\%-25\%, dan 25\%-27.5\% masing-masing berfrekuensi 1.]
    {0.76}{loan50IntRateHist}
  \caption{Histogram \var{interest\us{}rate}.
      Distribusi ini sangat menceng ke kanan.
      \index{kemencengan!kuat}}
  \label{loan50IntRateHist}
\end{figure}

Histogram menyajikan \term{kepadatan data}.
Batang yang lebih tinggi menunjukkan tempat data relatif lebih
sering muncul. Sebagai contoh, kumpulan data ini memuat jauh lebih
banyak pinjaman bersuku bunga antara 5\%~dan~10\% daripada
pinjaman bersuku bunga antara 20\% dan~25\%.
Batang-batang tersebut memudahkan kita melihat perubahan kepadatan
data terhadap suku bunga.

Histogram sangat berguna untuk memahami bentuk distribusi
data\label{shapeFirstDiscussed}.
Gambar~\ref{loan50IntRateHist} menunjukkan bahwa sebagian besar
pinjaman mempunyai suku bunga di bawah 15\%, sedangkan hanya
segelintir yang bersuku bunga di atas 20\%.
Jika data makin jarang ke arah kanan seperti ini dan mempunyai
\hiddenterm{ekor}\index{kemencengan!ekor} kanan yang lebih panjang,
bentuknya disebut \termsub{menceng kanan}{kemencengan!menceng kanan}.
\footnote{Ungkapan lain untuk data yang menceng kanan ialah
  \termni{menceng ke kanan},
  \termni{menceng ke arah nilai tinggi}, atau
  \termni{menceng ke arah nilai positif}.}

Kumpulan data dengan ciri sebaliknya---ekor panjang yang lebih
tipis ke arah kiri---disebut
\termsub{menceng kiri}{kemencengan!menceng kiri}.
Distribusi demikian juga dikatakan mempunyai ekor kiri yang
panjang. Kumpulan data yang makin jarang dengan pola kira-kira
sama pada kedua arah disebut \term{simetris}.
\index{kemencengan!simetris}

\begin{onebox}{Mengenali kemencengan dari ekor panjang}
  Jika data makin jarang ke satu arah, distribusi mempunyai
  \term{ekor panjang}. \index{kemencengan!ekor panjang|textbf}
  Distribusi dengan ekor kiri panjang bersifat menceng kiri.
  Distribusi dengan ekor kanan panjang bersifat menceng kanan.
\end{onebox}

% R011-B005 D021: jeda halaman paksa untuk cetak ditiadakan.

\begin{exercisewrap}
","[""18223f28-a74d-5f9f-a586-6c3ab2bbef1f""]"
1bcc3c84-bca8-5252-b5ba-17cc90854edc,b23f3ca2-973a-561f-8d7b-0808ca9315e8,1,subsection_prose,en,ch_summarizing_data/TeX/ch_summarizing_data.tex,2003,2102,f8afd182061e1e89fb3bc4e93537b71628b9d90264d108beec3669f04ba6819c,id-ID,repo/ch_summarizing_data/TeX/ch_summarizing_data.tex,1936,2036,e25e1039680bbbd830ebda3c9f73438fea0eea07e8689f62f236a9b4bd14f6cc,language_reviewed,"\subsection{Membandingkan data numerik antarkelompok}
\label{comparingAcrossGroups}

\index{data!county|(}

Sejumlah penyelidikan yang lebih menarik dapat dilakukan
dengan menelaah data numerik antarkelompok.
Metode yang diperlukan di sini sebenarnya tidak baru:
kita cukup membuat diagram numerik untuk setiap kelompok
dalam grafik yang sama.
Di sini diperkenalkan dua cara yang praktis:
diagram kotak berdampingan dan histogram berongga.

Kita akan kembali menggunakan himpunan data \data{county}
dan membandingkan pendapatan rumah tangga median di county
yang mengalami pertambahan penduduk antara 2010 dan 2017
dengan county yang tidak mengalami pertambahan.
Meskipun kita mungkin tergoda untuk menarik kesimpulan kausal,
ingatlah bahwa data ini bersifat observasional sehingga penafsiran
semacam itu, paling banter, belum matang.

\newcommand{\numcountieswithgains}{1454}
\newcommand{\numcountieswithgainsC}{1,454}
\newcommand{\numcountieswithoutgains}{1672}
\newcommand{\numcountieswithoutgainsC}{1,672}

Terdapat \numcountieswithgainsC{} county yang penduduknya
bertambah antara 2010 dan 2017, dan terdapat
\numcountieswithoutgainsC{} county tanpa pertambahan
(semuanya berkurang, kecuali satu).
Sampel acak 100 county dari kelompok pertama dan
50 county dari kelompok kedua ditampilkan pada
Gambar~\ref{countyIncomeSplitByPopGainTable}
agar sebagian data mentah pendapatan median
lebih mudah diamati.

\newcommand{\npgpad}[1]{\hspace{2mm}#1\hspace{1.5mm}\ }
\begin{figure}[h]
\centering
\begin{tabular}{ ccc ccc c ccc }
\multicolumn{10}{c}{\bf Pendapatan Median untuk 150 County,
    dalam satuan \$1000} \\
\hline
\vspace{-2mm} \\
\multicolumn{6}{c}{\bf Penduduk Bertambah} &\hspace{5mm}\ &
    \multicolumn{3}{c}{\bf Penduduk Tidak Bertambah} \\
  \cline{1-6} \cline{8-10}
38.2 & 43.6 & 42.2 & 61.5 & 51.1 & 45.7 &&
    \npgpad{48.3} & \npgpad{60.3} & \npgpad{50.7} \\
44.6 & 51.8 & 40.7 & 48.1 & 56.4 & 41.9 && 39.3 & 40.4 & 40.3 \\
40.6 & 63.3 & 52.1 & 60.3 & 49.8 & 51.7 && 57 & 47.2 & 45.9 \\
51.1 & 34.1 & 45.5 & 52.8 & 49.1 & 51 && 42.3 & 41.5 & 46.1 \\
80.8 & 46.3 & 82.2 & 43.6 & 39.7 & 49.4 && 44.9 & 51.7 & 46.4 \\
75.2 & 40.6 & 46.3 & 62.4 & 44.1 & 51.3 && 29.1 & 51.8 & 50.5 \\
51.9 & 34.7 & 54 & 42.9 & 52.2 & 45.1 && 27 & 30.9 & 34.9 \\
61 & 51.4 & 56.5 & 62 & 46 & 46.4 && 40.7 & 51.8 & 61.1 \\
53.8 & 57.6 & 69.2 & 48.4 & 40.5 & 48.6 && 43.4 & 34.7 & 45.7 \\
53.1 & 54.6 & 55 & 46.4 & 39.9 & 56.7 && 33.1 & 21 & 37 \\
63 & 49.1 & 57.2 & 44.1 & 50 & 38.9 && 52 & 31.9 & 45.7 \\
46.6 & 46.5 & 38.9 & 50.9 & 56 & 34.6 && 56.3 & 38.7 & 45.7 \\
74.2 & 63 & 49.6 & 53.7 & 77.5 & 60 && 56.2 & 43 & 21.7 \\
63.2 & 47.6 & 55.9 & 39.1 & 57.8 & 42.6 && 44.5 & 34.5 & 48.9 \\
50.4 & 49 & 45.6 & 39 & 38.8 & 37.1 && 50.9 & 42.1 & 43.2 \\
57.2 & 44.7 & 71.7 & 35.3 & 100.2 &  && 35.4 & 41.3 & 33.6 \\
42.6 & 55.5 & 38.6 & 52.7 & 63 &  && 43.4 & 56.5 &  \\
\cline{1-6} \cline{8-10}
\end{tabular}
\caption{Di sebelah kiri ditampilkan pendapatan rumah tangga median
    (dalam satuan \$1000) dari sampel acak 100 county yang
    mengalami pertambahan penduduk.
    Di sebelah kanan ditampilkan pendapatan median dari sampel acak
    50 county yang tidak mengalami pertambahan penduduk.}
\label{countyIncomeSplitByPopGainTable}
\end{figure}

\D{\newpage}

\term{Diagram kotak berdampingan}
\index{box plot!side-by-side box plot}
merupakan perangkat tradisional untuk membandingkan kelompok.
Contohnya ditampilkan pada panel kiri
Gambar~\ref{countyIncomeSplitByPopGain},
yang memuat dua diagram kotak, masing-masing untuk satu kelompok,
dalam bidang gambar yang sama dan
digambar dengan skala yang sama.

\begin{figure}[!t]
  \centering
  \Figure[Dua grafik ditampilkan: diagram kotak berdampingan di kiri dan dua histogram berongga yang ditumpangtindihkan di kanan. Keduanya menggambarkan data yang sama dari himpunan data county: variabel numerik ""Pendapatan Rumah Tangga Median"" dan variabel kategoris ""Perubahan jumlah penduduk"" dengan kategori ""Bertambah"" serta ""Tidak bertambah"". Pada grafik kiri, diagram kotak ""Bertambah"" berada di kiri dan ""Tidak bertambah"" di kanan, dengan sumbu vertikal dari sekitar \$20,000 sampai sekitar \$130,000. Kumis bawah ""Tidak bertambah"" berada di sekitar \$20,000, sedangkan kumis bawah ""Bertambah"" sekitar \$25,000. Batas bawah kotak ""Tidak bertambah"" sekitar \$40,000 dan batas bawah kotak ""Bertambah"" sekitar \$47,000. Garis median ""Tidak bertambah"" sekitar \$45,000, bahkan lebih rendah daripada batas bawah kotak ""Bertambah"". Median ""Bertambah"" sekitar \$53,000, sedikit di atas batas atas kotak ""Tidak bertambah"" yang sekitar \$52,000. Batas atas kotak ""Bertambah"" sekitar \$62,000. Kumis atas ""Bertambah"" mencapai sekitar \$87,000 dan kumis atas ""Tidak bertambah"" sekitar \$70,000. Banyak titik pengamatan terletak di atas kumis atas; pencilan terbesar ""Bertambah"" sekitar \$130,000 dan ""Tidak bertambah"" sekitar \$112,000. Pada grafik kanan, dua histogram berongga untuk kategori ""Bertambah"" (biru) dan ""Tidak bertambah"" (merah) ditumpangtindihkan. Sumbu horizontal membentang dari sekitar \$20,000 sampai sekitar \$130,000. Setiap histogram hanya menampilkan garis batas atas setiap interval kelas. Di sisi kiri, garis ""Tidak bertambah"" mulai sedikit naik pada \$20,000, sedangkan garis ""Bertambah"" mulai naik sekitar \$25,000. Garis ""Tidak bertambah"" kemudian naik tajam mulai sekitar \$30,000, disusul garis ""Bertambah"" yang naik tajam sekitar \$40,000. Pada titik ini, ""Tidak bertambah"" juga mencapai puncak dan relatif datar sampai sekitar \$50,000; di sekitar \$50,000 garis ""Bertambah"" juga mencapai puncak. Pada titik tersebut, garis ""Tidak bertambah"" turun tajam dari puncak yang relatif datar antara sekitar \$35,000 sampai \$50,000, sedangkan kelompok ""Bertambah"" mulai turun jauh lebih lambat di sekitar \$50,000. Di sekitar \$70,000, ""Tidak bertambah"" hampir menyentuh sumbu horizontal, sementara ""Bertambah"" baru turun sekitar 70\% dari puncaknya. ""Tidak bertambah"" tetap dekat sumbu sampai menyatu dengannya sedikit di atas \$90,000. Sebaliknya, ""Bertambah"" menurun perlahan dari sekitar 30\% puncaknya pada \$70,000 hingga mendekati sumbu pada \$100,000. Kelompok ""Bertambah"" sedikit naik antara \$100,000 dan \$130,000 sebelum menyatu dengan sumbu horizontal.]
      {1.00}{countyIncomeSplitByPopGain}
  \caption{Diagram kotak berdampingan (panel kiri)
      dan histogram berongga (panel kanan) untuk
      \var{med\us{}hh\us{}income},
      dengan county dibagi menurut apakah penduduknya
      bertambah atau tidak bertambah.}
  \label{countyIncomeSplitByPopGain}
\end{figure}

Metode grafis lain yang berguna menggunakan \termsub{histogram berongga}{hollow histogram} untuk membandingkan data numerik antarkelompok. Histogram ini hanya berupa garis luar histogram setiap kelompok yang ditempatkan pada grafik yang sama, seperti pada panel kanan Gambar~\ref{countyIncomeSplitByPopGain}.

\begin{exercisewrap}
","[""18223f28-a74d-5f9f-a586-6c3ab2bbef1f""]"
1da15654-a1b4-5231-9b66-397a6a566d75,42d71cb2-708a-5c1c-bdc6-5d86d05d2841,1,public_appendix_solution,en,extraTeX/eoceSolutions/eoceSolutions.tex,84,89,67c0396a63f33062aa1b64322c65043778fc8a6d18e65acb9b9ecb5e7788f556,id-ID,repo/extraTeX/eoceSolutions/eoceSolutions.tex,91,96,4f0de60a4f2dac75391c1e14f8603586ebe62c3eac4254e95f723e23d73e602b,translated,"% 17

\eocesol{(a)~Observasi.
(b)~Variabel.
(c)~Statistik sampel (rata-rata).
(d)~Parameter populasi (rata-rata).}
","[""18223f28-a74d-5f9f-a586-6c3ab2bbef1f""]"
1daad2a4-44c0-5327-8cb7-54879b4f9be5,aa6de920-293e-53d9-bae5-bdb90e35f8f4,1,section_lead,en,ch_summarizing_data/TeX/ch_summarizing_data.tex,26,72,9835a786451fd66135fcc5104f98ac401e962ab0a0792d79a7117330f6791aa4,id-ID,repo/ch_summarizing_data/TeX/ch_summarizing_data.tex,26,72,d1361bbd92a2e87979a3fd776162b39f509af8ac8ae2066b13605a20f9b361d3,translated,"\section{Menelaah data numerik}
\label{numericalData}

% library(openintro); ind <- c(1:5, 50); d <- loan50$interest_rate; (m <- round(mean(d), 2)); d[ind]; (dev <- d - m)[ind]; (dev2 <- dev^2)[ind]; (s2 <- sum(dev2) / 49); (s <- sqrt(s2)); var(d); sd(d); median(d); IQR(d); quantile(d, c(0.25, 0.75))
\newcommand{\loanA}{10.90}
\newcommand{\loanB}{9.92}
\newcommand{\loanC}{26.30}
\newcommand{\loanD}{9.92}
\newcommand{\loanY}{9.43}
\newcommand{\loanZ}{6.08}
\newcommand{\loanAvg}{11.57}
\newcommand{\loanVar}{25.52}
\newcommand{\loanSD}{5.05}
\newcommand{\loanN}{50}
\newcommand{\loanMedianBelow}{9.93\%}
\newcommand{\loanMedianAbove}{9.93\%}
\newcommand{\loanMedian}{9.93\%}
\newcommand{\loanQA}{7.96}
\newcommand{\loanQC}{13.72}
\newcommand{\loanIQR}{5.76}
\newcommand{\loanAdev}{-0.67}
\newcommand{\loanBdev}{-1.65}
\newcommand{\loanCdev}{14.73}
\newcommand{\loanDdev}{-1.65}
\newcommand{\loanYdev}{-2.14}
\newcommand{\loanZdev}{-5.49}
\newcommand{\loanSmallestValue}{5.31}
\newcommand{\loanLargestValue}{26.30}


Dalam bagian ini kita akan mempelajari teknik untuk
merangkum variabel numerik.
Sebagai contoh, perhatikan variabel \var{loan\us{}amount}
dari kumpulan data \data{loan50}, yang menyatakan besar pinjaman
untuk seluruh 50 pinjaman dalam kumpulan data tersebut.
Variabel ini bersifat numerik karena selisih besar dua pinjaman
dapat dibahas secara bermakna sebagai suatu bilangan.
Sebaliknya, kode wilayah telepon dan kode pos bukanlah numerik,
melainkan variabel kategoris.

Sepanjang bagian ini dan bagian berikutnya, kita akan menerapkan
metode-metode tersebut pada kumpulan data \data{loan50} dan
\data{county}, yang diperkenalkan dalam Bagian~\ref{dataBasics}.
Jika Anda ingin meninjau variabel dalam kedua kumpulan data itu,
lihat Gambar~\ref{loan50DF} dan~\ref{countyDF}.


","[""18223f28-a74d-5f9f-a586-6c3ab2bbef1f""]"
1e42b3d4-328c-5540-af94-ae31a341cec9,85124b7a-8d55-5597-8711-5649f8f185e2,1,guided_exercise,en,ch_summarizing_data/TeX/ch_summarizing_data.tex,896,899,a4ba4dc715e095aa3cd10f30b58c7d266b8c47c7092c3e3e960c381c01cae430,id-ID,repo/ch_summarizing_data/TeX/ch_summarizing_data.tex,859,862,55cdf604ebc4004d871d8f7fee35a59de64315127c5429cb772105fd6e22a861,translated,"\begin{nexercise}
Berapa persen data yang berada di antara $Q_1$ dan median?
Berapa persen yang berada di antara median dan $Q_3$?\footnotemark{}
\end{nexercise}
","[""18223f28-a74d-5f9f-a586-6c3ab2bbef1f""]"
1e71e44e-1f38-5310-b593-5a2f58c7f0ef,a27e1433-9658-5f30-a1b5-b8b28da30519,1,public_appendix_solution,en,extraTeX/eoceSolutions/eoceSolutions.tex,296,300,1b357b82f63392bcb7f0b4630af9e51394f55afe570b5dc22916a8f3d3bb44ce,id-ID,repo/extraTeX/eoceSolutions/eoceSolutions.tex,311,321,d49bd84ba725e5092be92031439d439acf6502713b339a036c9c74bc04ddfdda,translated,"% 15

\eocesol{(a)~Distribusi jumlah hewan peliharaan per rumah tangga kemungkinan menceng kanan 
karena terdapat batas alami pada 0 dan hanya sedikit orang yang memiliki banyak hewan 
peliharaan. Oleh karena itu, pusat distribusi paling tepat dideskripsikan dengan median dan 
variabilitasnya dengan IQR.
(b)~Distribusi jarak ke tempat kerja kemungkinan menceng kanan karena terdapat batas alami 
pada 0 dan hanya sedikit orang yang tinggal sangat jauh dari tempat kerja. Oleh karena itu, 
pusat distribusi paling tepat dideskripsikan dengan median dan variabilitasnya dengan IQR.
(c)~Distribusi tinggi badan laki-laki kemungkinan simetris. Oleh karena itu, pusat distribusi 
paling tepat dideskripsikan dengan rata-rata dan variabilitasnya dengan simpangan baku.}
","[""18223f28-a74d-5f9f-a586-6c3ab2bbef1f""]"
1f74ab8d-0089-5f04-bad0-9aadcef964be,76ecd2e2-efd6-5cd9-b054-41be3101723f,1,subsection_prose,en,ch_summarizing_data/TeX/ch_summarizing_data.tex,1872,1969,7cdfa079a1e0b32b5d1b586b6938af72ab595adb7d6b239857a59f4546b77d70,id-ID,repo/ch_summarizing_data/TeX/ch_summarizing_data.tex,1809,1903,ae506527a1aa36783824747945186c3390606667c240dde8c723421725240372,translated,"\subsection{Diagram mosaik}
\label{mosaic_plots_subsection}

\term{Diagram mosaik} merupakan teknik visualisasi
yang cocok untuk tabel kontingensi. Bentuknya menyerupai
diagram batang bertumpuk terstandarisasi, tetapi tetap
memperlihatkan ukuran relatif kelompok pada variabel utama.

Untuk mulai membuat diagram mosaik pertama,
kita membagi sebuah persegi menjadi kolom-kolom bagi setiap kategori
variabel \var{homeownership},
seperti pada Gambar~\ref{loan_home_mosaic}.
Setiap kolom mewakili satu kategori \var{homeownership},
dan lebarnya sebanding dengan proporsi
pinjaman dalam kategori tersebut.
Sebagai contoh, jumlah pinjaman bagi peminjam
yang memiliki rumah lebih sedikit daripada jumlah pinjaman
bagi peminjam yang memiliki hipotek.
Secara umum, diagram mosaik menggunakan \emph{luas} kotak
untuk menyatakan banyaknya kasus dalam setiap kategori.

\begin{figure}[h]
  \centering
  \subfigure[]{
    \Figures[Diagram mosaik satu variabel ditampilkan untuk variabel kepemilikan rumah, yang memiliki kategori sewa, hipotek, dan milik. Diagram mosaik satu variabel dapat dibayangkan sebagai sebuah persegi yang dipotong secara vertikal menjadi tiga bagian, satu untuk setiap kategori. Luas setiap bagian sebanding dengan jumlah kasus dalam kategori tersebut. Bagian ""sewa"" di sisi kiri berwarna hijau; persegi panjang tinggi ini mencakup sekitar 40\% dari luas persegi. Persegi panjang tinggi di tengah berwarna biru dan berlabel ""hipotek""; lebarnya mendekati setengah lebar keseluruhan. Persegi panjang tinggi paling kanan berwarna merah dan berlabel ""milik""; lebarnya tampak sedikit lebih dari 10\% lebar keseluruhan.]
        {0.36}
        {loan_app_type_home_mosaic_plot}
        {loan_home_mosaic}
    \label{loan_home_mosaic}
  }
  \subfigure[]{
    \Figures[Diagram mosaik dua variabel ditampilkan. Mula-mula diagram dibagi menjadi irisan vertikal menurut variabel kepemilikan rumah seperti pada diagram mosaik satu variabel. Kemudian setiap persegi panjang tinggi dibagi secara horizontal menurut jenis pengajuan: perorangan (berlabel ringkas ""peror."" pada gambar) pada bagian atas dan bersama pada bagian bawah. Persegi panjang pertama di kiri berwarna hijau dan berlabel ""sewa""; bagian bawahnya berupa kotak ""bersama"" yang kecil, sedangkan bagian atas untuk ""perorangan"" jauh lebih besar. Pembagian serupa diterapkan pada persegi panjang biru ""hipotek"" di tengah dan persegi panjang merah ""milik"" di kanan. Lebar ketiga persegi panjang memperlihatkan komposisi proporsional kategori kepemilikan rumah, sedangkan posisi pembagian horizontal memperlihatkan komposisi jenis pengajuan. Batas horizontal pada sewa lebih rendah daripada pada hipotek dan milik, sehingga proporsi pengajuan ""bersama"" untuk sewa lebih kecil. Batas pada milik juga sedikit lebih rendah daripada pada hipotek, sehingga hipotek memiliki proporsi pengajuan bersama tertinggi di antara sewa, hipotek, dan milik.]
        {0.44}
        {loan_app_type_home_mosaic_plot}
        {loan_app_type_home_mosaic}
    \label{loan_app_type_home_mosaic}
  }
  \caption{\subref{loan_home_mosaic}~Diagram mosaik satu variabel
      untuk \var{homeownership}.
      \subref{loan_app_type_home_mosaic}~Diagram mosaik dua variabel
      untuk \var{homeownership}
      dan \var{app\us{}type}.}
  \label{loan_app_type_home_mosaic_plot}
\end{figure}

Untuk menghasilkan diagram mosaik lengkap, diagram mosaik satu variabel
pada Gambar~\ref{loan_app_type_home_mosaic} dibagi lagi menjadi beberapa
bagian menggunakan variabel \var{app\us{}type}.
Setiap kolom dibagi sebanding dengan
banyaknya pinjaman dari peminjam perorangan dan peminjam bersama.
Sebagai contoh, kolom kedua mewakili pinjaman
bagi peminjam yang memiliki hipotek
dan dibagi menjadi pinjaman perorangan (bagian atas)
serta pinjaman bersama (bagian bawah).
Sebagai contoh lain, bagian bawah kolom ketiga
mewakili peminjam yang memiliki rumah
dan mengajukan pinjaman bersama, sedangkan bagian atas
kolom tersebut mewakili
pemilik rumah yang mengajukan pinjaman secara perorangan.
Diagram ini sekali lagi menunjukkan adanya hubungan antara
variabel \var{homeownership} dan \var{app\us{}type},
sebab garis pembagi horizontal berada pada ketinggian yang berbeda
di setiap kolom.
Teknik yang sama digunakan untuk memeriksa
hubungan pada diagram batang bertumpuk terstandarisasi.

Pada Gambar~\ref{loan_app_type_home_mosaic_plot},
kita memilih status kepemilikan rumah
peminjam sebagai pembagian pertama.
Namun, kita juga dapat terlebih dahulu membagi menurut
jenis pengajuan, seperti pada
Gambar~\ref{loan_app_type_home_mosaic_rev}.
Seperti pada diagram batang, variabel penjelas lazim digunakan
untuk pembagian pertama dalam diagram mosaik,
lalu setiap kategori variabel penjelas dibagi
menurut variabel respons,
apabila sebutan tersebut memang masuk akal bagi
variabel yang sedang dipertimbangkan.

\begin{figure}[h]
  \centering
  \Figures[Diagram mosaik dua variabel mula-mula dibagi secara vertikal menurut jenis pengajuan pinjaman, yaitu perorangan di kiri dan bersama di kanan. Kedua persegi panjang itu kemudian dibagi secara horizontal: ""milik"" berwarna merah di bawah, ""hipotek"" berwarna biru di tengah, dan ""sewa"" berwarna hijau di atas. Persegi panjang utama ""perorangan"" di kiri mencakup sekitar 85\% lebar keseluruhan, sedangkan persegi panjang utama ""bersama"" di kanan sekitar 15\%. Bagian kepemilikan rumah dalam kedua persegi panjang menunjukkan bahwa ""milik"" mencakup proporsi yang kurang lebih sama, sekitar 10\% tinggi dari bawah. Bagian ""hipotek"" mencakup sekitar 45\% persegi panjang ""perorangan"", tetapi sekitar 60\% persegi panjang ""bersama"". Bagian ""sewa"" di atas mencakup sekitar 40\% persegi panjang ""perorangan"" dan sekitar 25\% persegi panjang ""bersama"".]
      {0.37}
      {loan_app_type_home_mosaic_plot}
      {loan_app_type_home_mosaic_rev}
  \caption{Diagram mosaik yang mengelompokkan pinjaman menurut
      variabel \var{homeownership} setelah terlebih dahulu
      membaginya ke dalam jenis pengajuan \resp{individual}
      dan \resp{joint}.}
  \label{loan_app_type_home_mosaic_rev}
\end{figure}

%In a similar way, a mosaic plot representing row proportions of Figure~\ref{loan_home_app_type_totals} could be constructed, as shown in Figure~\ref{loan_app_type_home_mosaic_rev}. However, because it is more insightful for this application to consider the fraction of spam in each category of the \var{number} variable, we prefer Figure~\ref{loan_app_type_home_mosaic}.


","[""18223f28-a74d-5f9f-a586-6c3ab2bbef1f""]"
216039b4-bb8e-503a-962b-125b14f319a7,21410d70-b32f-52d9-8f1a-9c5f14f67fb5,1,public_appendix_solution,en,extraTeX/eoceSolutions/eoceSolutions.tex,255,258,ba7bb788e6eba6652693d2e7f0c3b20ff0a96e0c3d1bbd21ddc15d5f6c18b574,id-ID,repo/extraTeX/eoceSolutions/eoceSolutions.tex,269,272,a6241e5ba7e2f3de76b293bf5e4f0e19414d2229ae1ad4eb50f32182a25a4274,translated,"% 5

\eocesol{(a)~Rata-rata populasi, $\mu_{2007} = 52$; rata-rata sampel, $\bar{x}_{2008} = 58$.
(b)~Rata-rata populasi, $\mu_{2001} = 3.37$; rata-rata sampel, $\bar{x}_{2012} = 3.59$.}
","[""18223f28-a74d-5f9f-a586-6c3ab2bbef1f""]"
219eaf65-0609-5d85-8e46-9f00cef7fa64,4ad79ac2-b6ea-5eb3-86f4-298962d0bb50,1,public_appendix_solution,en,extraTeX/eoceSolutions/eoceSolutions.tex,331,340,58e1494404b049c827c270b475bf9aab180cf8c8763ef89e4da8c9dc2e9d8b07,id-ID,repo/extraTeX/eoceSolutions/eoceSolutions.tex,353,361,93cf7df2703c7407e99a8be0851b8d6e7d18ade3da8f7707fa7dad9d3f58f7d1,translated,"% 23

\eocesol{Posisi vertikal tempat setiap kelompok ideologi terbagi ke dalam kategori Mendukung,
Tidak mendukung, dan Tidak yakin berbeda-beda. Hal ini menunjukkan bahwa peluang mendukung
DREAM Act berubah menurut ideologi politik, sehingga kedua variabel tersebut
mungkin saling dependen.}

\end{multicols}
\begin{multicols}{2}
","[""18223f28-a74d-5f9f-a586-6c3ab2bbef1f""]"
21c7fe6c-29f9-5a32-a70d-a7e378db0ca6,ca42976d-868b-528b-8451-40e275e0fa37,1,subsection-prose,en,ch_summarizing_data/TeX/ch_summarizing_data.tex,2362,2421,610c2365e2e67c8ab9316afc6f32df7d151a4fb527688809ad9e78abafb18b4c,id-ID,repo/ch_summarizing_data/TeX/ch_summarizing_data.tex,2287,2346,d1e830bf42fab0aabc686d03b63f82081d8c9ba29d37449d2b5f98aeb646440d,language_reviewed,"\subsection{Menyimulasikan penelitian}
\label{simulatingTheStudy}

Kita akan menjalankan
\termsub{simulasi}{simulation@simulasi},
dengan berpura-pura mengetahui bahwa vaksin malaria
yang sedang diuji \emph{tidak} bekerja.
Pada akhirnya, kita ingin memahami apakah perbedaan besar
yang kita amati lazim muncul dalam simulasi-simulasi ini.
Jika lazim, mungkin perbedaan yang kita amati murni
terjadi karena kebetulan.
Jika sangat tidak lazim, kemungkinan bahwa vaksin tersebut
bermanfaat menjadi lebih masuk akal.

Gambar~\ref{malaria_vaccine_20_exp_summary}
menunjukkan bahwa 11 pasien mengalami infeksi dan 9 tidak.
Untuk simulasi ini, kita akan menganggap bahwa infeksi
tidak bergantung pada vaksin dan bahwa kita dapat
\emph{memutar balik} waktu ke saat peneliti mengalokasikan
pasien dalam penelitian secara acak.
Seandainya pasien dialokasikan secara acak dengan cara yang berbeda,
kita mungkin memperoleh hasil berbeda dalam dunia hipotetis
yang menganggap vaksin tidak memengaruhi infeksi ini.
Mari kita lakukan \term{pengacakan} lain dengan
sebuah simulasi.

\D{\newpage}

Dalam \term{simulasi} ini, kita menggunakan 20 kartu indeks untuk
mewakili 20 pasien, lalu menuliskan ``terinfeksi''
pada 11 kartu dan ``tidak terinfeksi'' pada 9 kartu.
Dalam dunia hipotetis ini, kita menganggap setiap pasien
yang mengalami infeksi memang akan mengalaminya terlepas
dari kelompoknya. Karena itu, mari kita lihat apa yang terjadi
jika kita kembali mengalokasikan pasien secara acak ke kelompok
perlakuan dan kontrol.
Kita mengocok kartu-kartu indeks tersebut secara menyeluruh,
lalu membagikan 14 kartu ke tumpukan \resp{vaccine}
dan 6 kartu ke tumpukan \resp{placebo}.
Terakhir, kita menyusun hasilnya dalam tabel, seperti ditampilkan
pada Gambar~\ref{malaria_vaccine_20_exp_summary_rand_1}.

\begin{figure}[ht]
\centering
\begin{tabular}{l l cc rr}
  & & \multicolumn{2}{c}{\var{outcome}} \\
  \cline{3-4}
  &  &  {terinfeksi} & {tidak terinfeksi} & Total & \hspace{3mm}  \\ 
  \cline{2-5}
  perlakuan & {vaksin} & 7 & 7 & 14 \\ 
  (simulasi) & {plasebo} & 4 & 2 & 6 \\ 
  \cline{2-5}
  & Total & 11 & 9 & 20 \\
  \cline{2-5}
\end{tabular}
\caption{Hasil simulasi; setiap perbedaan tingkat infeksi
    di sini semata-mata terjadi karena kebetulan.}
\label{malaria_vaccine_20_exp_summary_rand_1}
\end{figure}

","[""18223f28-a74d-5f9f-a586-6c3ab2bbef1f""]"
25e0de6b-f309-5f03-b5b7-ff64e1fee4ff,cc807b75-61bb-5246-adef-100e98d605fe,1,public_appendix_solution,en,extraTeX/eoceSolutions/eoceSolutions.tex,151,156,91ff952c7b152db66f0301a02498ab5db5c7bf2c82b86771249563746d8d4669,id-ID,repo/extraTeX/eoceSolutions/eoceSolutions.tex,162,167,e7a7858ac7870e1b9d21665b3dad83bfbe51b0dbb919954bfda1b00027364a08,translated,"% 29

\eocesol{(a)~Kinerja ujian.
(b)~Kondisi pencahayaan: pencahayaan fluoresen dari atas, pencahayaan kuning dari atas, 
dan tanpa pencahayaan dari atas (hanya menggunakan lampu meja).
(c)~Variabel jenis kelamin: laki-laki, perempuan.}
","[""18223f28-a74d-5f9f-a586-6c3ab2bbef1f""]"
262d3091-0826-5eba-b807-af1e3b223b0e,580446af-d384-52ed-bf61-e76ca3df060f,1,preface,en,extraTeX/preamble/preface.tex,1,276,af5029f8f17f98dc094b6ce036a74143b803f71d841d6235bb70d130c57d1424,id-ID,repo/extraTeX/preamble/preface.tex,1,277,5c1c7811bb067ff7d3c0a3eb50c3a8d9e141c832ec7013220378159ce4a0561d,language_reviewed,"\chapter*{{\color{oiB}Prakata}}
\markboth{\MakeUppercase{Prakata}}{}
%\chaptertext{}
%\sectiontext{}

\noindent%
OpenIntro Statistics mencakup materi mata kuliah statistika tingkat pengantar
dan menyajikan pengantar statistika terapan yang ketat secara ilmiah,
jelas, ringkas, dan mudah dipahami.
Buku ini ditulis terutama untuk jenjang sarjana,
tetapi juga banyak digunakan di sekolah menengah dan program pascasarjana.
\vspace{3mm}

Selain membangun landasan pemikiran dan metode statistika,
kami berharap pembaca memperoleh tiga gagasan berikut
dari buku ini.\vspace{-1mm}
\begin{itemize}
\setlength{\itemsep}{0mm}
\item
    Statistika adalah bidang terapan dengan cakupan
    penerapan praktis yang luas.
\item
    Anda tidak harus menjadi ahli matematika untuk belajar
    dari data nyata yang menarik.
\item
    Data sering kali tidak rapi, dan alat statistika tidak sempurna.
    Namun, jika memahami kekuatan dan keterbatasan alat-alat tersebut,
    Anda dapat menggunakannya untuk mempelajari dunia.
\end{itemize}


%\subsection*{Is this a data science book?}
%
%\noindent%
%Short answer: yes.
%Long answer: it depends what you mean by \term{data science},
%since two types of data scientists have emerged.
%\vspace{3mm}
%
%\noindent%
%Type~A data scientists focus on \emph{analysis},
%such as exploratory data analysis, inference,
%model building, and other related topics.
%Type~B data scientists focus on \emph{building},
%typically in the form of machine learning models
%or other systems.
%As you might expect, these two types share many skills,
%though their main focuses differ.
%This book focuses on skills most commonly used by
%Type~A data scientists.
%For more thoughts, please check out the following page:
%\begin{center}
%\oiRedirect{data_science_types}{{\color{red}BROKEN}}
%\end{center}
%\vspace{3mm}
%
%\noindent%


\subsection*{{\color{oiB}Ikhtisar buku ajar}}

\noindent%
Bab-bab dalam buku ini adalah sebagai berikut:%\vspace{2mm}
\begin{description}
\setlength{\itemsep}{0mm}
\item[1. Pengantar data.]
    Struktur data, variabel,
    dan teknik dasar pengumpulan data.
\item[2. Meringkas data.]
    Ringkasan data, grafik,
    dan pengantar singkat inferensi menggunakan pengacakan.
\item[3. Probabilitas.]
    Prinsip-prinsip dasar probabilitas.
    %This chapter is not required for the later chapters.
\item[4. Distribusi peubah acak.]
    Model normal dan distribusi penting lainnya.
\item[5. Dasar-dasar inferensi.]
    %Introduction to uncertainty in point estimates,
    %confidence intervals, and hypothesis tests.
    Gagasan umum statistika inferensial dalam konteks
    pendugaan proporsi populasi.
\item[6. Inferensi untuk data kategoris.]
    Inferensi untuk proporsi dan tabel dengan menggunakan distribusi
    normal dan khi-kuadrat.
\item[7. Inferensi untuk data numerik.]
    Inferensi untuk rata-rata satu atau dua sampel dengan menggunakan
    distribusi~\mbox{$t$},
    daya statistik untuk membandingkan dua kelompok,
    serta perbandingan banyak rata-rata
    menggunakan ANOVA.
\item[8. Pengantar regresi linear.]
    Regresi untuk hasil numerik dengan satu variabel prediktor.
    Sebagian besar bab ini dapat dipelajari setelah
    Bab~\ref{introductionToData}.
\item[9. Regresi berganda dan logistik.]
    Regresi untuk data numerik dan kategoris
    dengan menggunakan banyak prediktor. %for an accelerated course.
\end{description}


%\newpage

\noindent%
Struktur \emph{OpenIntro Statistics} memberi keleluasaan
dalam memilih dan mengurutkan topik.
Jika tujuan utama Anda adalah mempelajari regresi berganda
(Bab~\ref{ch_regr_mult_and_log})
secepat mungkin, prasyarat yang ideal adalah sebagai berikut:
\begin{itemize}
\setlength{\itemsep}{0mm}
\item Bab~\ref{ch_intro_to_data} dan
    Bagian~\ref{numericalData}--\ref{caseStudyMalariaVaccine}
    untuk memperoleh
    pengantar yang kokoh tentang struktur data dan ringkasan
    statistika yang digunakan di seluruh buku.
\item Bagian~\ref{normalDist}
    untuk memperoleh pemahaman yang kokoh tentang distribusi normal.
\item Bab~\ref{ch_foundations_for_inf}
    untuk membangun perangkat inti inferensi.
%\item Section~\ref{oneSampleMeansWithTDistribution}
%    and Chapter~\ref{ch_regr_simple_linear}
%    provide required for multiple regression with a numerical
%    outcome.
%    For the remaining chapters, they could be tackled in
%    almost any order, with the exception that
%    
%    
%    come before Chapter~\ref{ch_regr_mult_and_log}.
\item Bagian~\ref{oneSampleMeansWithTDistribution}
    untuk membangun landasan pemahaman tentang distribusi~$t$.
\item Bab~\ref{ch_regr_simple_linear}
    untuk membangun gagasan dan prinsip regresi
    dengan satu prediktor.
%    introduce the 
%    which introduces the $t$-distribution, should come before
%    Section~\ref{oneSampleMeansWithTDistribution}
%Chapters~\ref{ch_inference_for_props}-\ref{ch_regr_mult_and_log},
%    could be tackled in
%    almost any order, with the exception that
%    Section~\ref{oneSampleMeansWithTDistribution}
%    and Chapter~\ref{ch_regr_simple_linear}
%    come before Chapter~\ref{ch_regr_mult_and_log}.
%\item Sections~\ref{ch_inference_for_props}
%    and~\ref{} are recommended before logistic regression.
\end{itemize}
%One conspicuously missing topic from the list above is the
%chapter on Probability.
%While useful for a deeper understanding of the calculations,
%especially for anyone looking to take a second course in
%statistics, it is not required reading when the focus is on
%applied data analysis.


\subsection*{{\color{oiB}Contoh dan latihan}}
%, and appendices}

\noindent%
Contoh disediakan untuk membangun pemahaman tentang cara
menerapkan metode.

\begin{examplewrap}
\begin{nexample}{Ini adalah sebuah contoh.
    Jika pertanyaan diajukan di sini, di mana jawabannya dapat ditemukan?}
  Jawabannya dapat ditemukan di sini, pada bagian penyelesaian
  dalam contoh tersebut!
\end{nexample}
\end{examplewrap}

\noindent%
Jika kami menilai bahwa pembaca sudah siap mencoba menentukan
sendiri penyelesaian suatu contoh, kami menyajikannya sebagai Latihan Terbimbing.

\begin{exercisewrap}
\begin{nexercise}
Pembaca dapat memeriksa atau mempelajari jawaban setiap soal Latihan Terbimbing
dengan membaca penyelesaian lengkap dalam catatan kaki.\footnotemark{}
%Readers are strongly encouraged to attempt these practice problems.
\end{nexercise}
\end{exercisewrap}
\footnotetext{Soal Latihan Terbimbing dirancang untuk mengembangkan
  cara berpikir Anda. Anda dapat memeriksa jawaban dengan membaca
  penyelesaian dalam catatan kaki pada setiap Latihan Terbimbing.}

\noindent%
Latihan juga disediakan pada akhir setiap bagian,
bersama latihan ulasan pada akhir setiap bab.
Penyelesaian untuk latihan bernomor ganjil diberikan dalam
Lampiran~\ref{eoceSolutions}.
%Probability tables for the normal, $t$,
%and chi-square distributions are in
%Appendix~\ref{distributionTables}.


\subsection*{{\color{oiB}Sumber daya tambahan}}

Ikhtisar video, salindia, laboratorium perangkat lunak statistika,
himpunan data yang digunakan dalam buku ajar,
dan banyak sumber daya lainnya tersedia dengan mudah di\\[-5mm]
\begin{center}
\oiRedirect{os}
    {\color{black}\textbf{openintro.org/os}}
\end{center}
%Data sets for this textbook are available on the website
%and in a companion R package.\footnote{Diez DM,
%    Barr CD, \c{C}etinkaya-Rundel M. 2015.
%    \texttt{openintro}: OpenIntro data sets and supplement
%    functions.
%    \oiRedirect{textbook-github_openintro}
%        {github.com/OpenIntroOrg/openintro-r-package}.}
%All of these resources are free and may be used with
%or without this textbook as a companion.
Kami juga telah mempermudah akses ke data dalam buku ini
dengan menambahkan Lampiran~\ref{appendix_data},
yang memberikan informasi tambahan untuk setiap himpunan data
dalam teks utama dan merupakan bagian baru pada Edisi Keempat.
Panduan daring untuk setiap himpunan data tersebut juga tersedia di
\oiRedirect{data}
    {\color{black}\textbf{openintro.org/data}}
dan melalui
\oiRedirect{textbook-github_openintro}
    {paket pendamping R}.
% Official:
% http://www.openintro.org/package/openintro
% Currently redirect it to:
% http://openintrostat.github.io/openintro-r-package/
\vspace{3mm}

\noindent%
Kami menghargai semua umpan balik serta laporan kesalahan ketik
yang disampaikan melalui situs web.
Tautan singkat untuk melaporkan kesalahan ketik baru atau meninjau
kesalahan ketik yang telah diketahui adalah
\oiRedirect{os_typos}
    {\color{black}\textbf{openintro.org/os/typos}}. \vspace{3mm}

\noindent%
Bagi pembaca yang berfokus pada statistika di tingkat sekolah menengah,
pertimbangkan
\oiRedirect{textbook-books}
    {\emph{Advanced High School Statistics}},
yakni versi \emph{OpenIntro Statistics} yang telah
disesuaikan secara ekstensif oleh \oiRedirect{people}{Leah Dorazio}
untuk pelajaran sekolah menengah dan
AP\textsuperscript{\textregistered} Statistics.


\subsection*{{\color{oiB}Ucapan terima kasih}}
Proyek ini tidak akan terwujud tanpa semangat dan
dedikasi banyak orang selain mereka yang tercantum sebagai penulis.
Para penulis mengucapkan terima kasih kepada
\oiRedirect{textbook-openintro_about}{Staf OpenIntro}
atas keterlibatan dan kontribusi mereka yang berkelanjutan.
Kami~juga sangat berterima kasih kepada ratusan mahasiswa, siswa,
dan pengajar yang telah memberikan umpan balik berharga
sejak kami pertama kali mengunggah materi buku ini pada~2009. \vspace{3mm}

\noindent%
Kami juga berterima kasih kepada banyak pengajar yang membantu meninjau
edisi ini, termasuk
Laura Acion,
\oiRedirect{matthew_e_aiello-lammens}
    {Matthew E. Aiello-Lammens},
\oiRedirect{jonathan_akin}{Jonathan Akin},
Stacey C. Behrensmeyer,
Juan Gomez,
Jo Hardin,
\oiRedirect{nicholas_horton}{Nicholas Horton},
\oiRedirect{danish_khan}{Danish Khan},
\oiRedirect{peter_hm_klaren}{Peter H.M. Klaren},
Jesse Mostipak,
Jon C. New,
Mario Orsi,
Steve Phelps,
dan David Rockoff.
Kami menghargai semua umpan balik mereka, yang membantu
menyempurnakan teks ini secara berarti dan meningkatkan
kualitas buku ini secara substansial.
","[""18223f28-a74d-5f9f-a586-6c3ab2bbef1f""]"
2747d5fd-f64a-5476-a4c8-686ce6b587b3,ca6367c4-15b1-502f-9fa9-3f7229c912ee,3,subsection_prose,en,ch_summarizing_data/TeX/ch_summarizing_data.tex,156,166,b224e015aa8ff97df99b76cbb8bc15b2b4f871eb5c1c5639e2762347d696bb4a,id-ID,repo/ch_summarizing_data/TeX/ch_summarizing_data.tex,154,163,0ffb5a7e31c486362af24f9049cc91bf9ae0f023b7122d6fcc23b6c13f4fa7a4,translated,"\end{exercisewrap}
\footnotetext{Bayangkan sumbu vertikal menyatakan sesuatu yang
  ``baik'', sedangkan sumbu horizontal menyatakan sesuatu yang
  hanya baik dalam jumlah sedang.
  Kesehatan dan konsumsi air memenuhi gambaran ini: kita
  memerlukan air untuk bertahan hidup, tetapi konsumsi berlebihan
  membuatnya beracun dan dapat mematikan.}



","[""18223f28-a74d-5f9f-a586-6c3ab2bbef1f""]"
279cc466-872e-592b-96d5-1356d4658eee,d79811d2-246c-52cc-8ca4-361c37772b63,1,exercise,en,ch_intro_to_data/TeX/review_exercises.tex,200,228,68759c8b356a1795cca73abc035c2cf1e77df12b71d5c1694ecff05c5d3bdf31,id-ID,repo/ch_intro_to_data/TeX/review_exercises.tex,183,206,bb1785c2ca9fcc95ae277a4101f77f5eccec8ec99084e64f8fb384319cd1f763,translated,"\eoce{\qt{Layar, remaja, dan kesejahteraan psikologis\label{screen_time_well_being}}
Studi terhadap tiga kumpulan data berskala besar yang mewakili populasi nasional
Irlandia, Amerika Serikat, dan Britania Raya (n = 17.247) meminta remaja usia 12--15 tahun
mencatat waktu layar dalam buku harian serta menjawab pertanyaan tentang
perasaan atau perilaku; jawaban
itu digunakan untuk menghitung skor kesejahteraan psikologis. Analisis juga menyertakan
jenis kelamin dan usia anak serta, untuk ibu, tingkat pendidikan, etnisitas, tekanan
psikologis, dan status pekerjaan. Studi tersebut menyimpulkan bahwa hanya ada sedikit
bukti tegas bahwa waktu layar menurunkan kesejahteraan remaja.\footfullcite{orben2018screens}
\begin{parts}
\item
    Jenis studi apakah ini?
\item
    Tentukan variabel penjelasnya.
\item
    Tentukan variabel responsnya.
\item
    Dapatkah hasil studi digeneralisasikan ke populasi? Mengapa?
\item
    Dapatkah hasil studi menetapkan hubungan sebab-akibat? Jelaskan.
\end{parts}
}{}

% 43
","[""18223f28-a74d-5f9f-a586-6c3ab2bbef1f""]"
281c895a-66ed-5b31-85d6-56c4af55187e,91fc3301-cb1f-55c9-be90-4bcb58dca050,1,exercise,en,ch_summarizing_data/TeX/examining_numerical_data.tex,5,23,c7d06cce7704eb12347c8e16be9a65f3e4bfb4121b57c06d3099fd404a3196c3,id-ID,repo/ch_summarizing_data/TeX/examining_numerical_data.tex,8,26,fc93b73812d9ea3c4666aa4121f1c3f9fabcc56bb601771e63ad3df56047a9f7,translated,"\eoce{\qt{Rentang hidup mamalia\label{mammal_life_spans}} Data rentang hidup (dalam 
tahun) dan masa kehamilan (dalam hari) dikumpulkan untuk 62 mamalia. Diagram pencar rentang 
hidup terhadap masa kehamilan ditampilkan di bawah ini. \footfullcite{Allison+Cicchetti:1975}

\noindent\begin{minipage}[c]{0.44\textwidth}
\begin{parts}
\item Jenis asosiasi apa yang tampak antara rentang hidup dan masa kehamilan?
\item Jenis asosiasi apa yang Anda perkirakan akan terlihat jika sumbu-sumbu diagram dibalik, yaitu jika masa kehamilan diplot terhadap rentang hidup?
\item Apakah rentang hidup dan masa kehamilan saling bebas? Jelaskan alasan Anda.
\end{parts}
\end{minipage}
\begin{minipage}[c]{0.55\textwidth}
\begin{center}
\Figures[Sebuah diagram pencar berisi 55 titik ditampilkan. Variabel ""Masa kehamilan"" ditampilkan pada sumbu horizontal dengan rentang dari 0 hari hingga sekitar 650 hari. Variabel ""Rentang hidup"" ditampilkan pada sumbu vertikal dengan rentang dari 0 tahun hingga 100 tahun. Sekumpulan besar titik berada antara 0 dan 250 hari kehamilan serta antara 0 dan 30 tahun. Di luar kumpulan ini, terdapat satu titik pada sekitar (10, 50). Kumpulan titik lain berada antara 250 dan 450 hari kehamilan serta antara 25 dan 50 tahun. Di luar titik-titik yang telah dijelaskan, terdapat tiga titik pada (250 hari, 100 tahun), (640 hari, 70 tahun), dan (650 hari, 45 tahun).]{0.86}{eoce/mammal_life_spans}{mammal_life_spans_scatterplot}
\end{center}
\end{minipage}
}{}

% 2
","[""18223f28-a74d-5f9f-a586-6c3ab2bbef1f""]"
2f8890bf-1625-5e92-9a48-1fe86b67d5a0,ad5e9a37-7767-5450-9dab-f54b570978e8,1,public_appendix_solution,en,extraTeX/eoceSolutions/eoceSolutions.tex,325,329,1b0e5aac42b56c4c0bfcf0e88e8d8fcd622b8526787a1ec500217018c7609ecd,id-ID,repo/extraTeX/eoceSolutions/eoceSolutions.tex,347,351,46c843a57d865da0af4dc19c4109fc14d7c7109d53a48e71a097098ba489f479,translated,"% 21

\eocesol{(a)~Diagram batang memperlihatkan urutan kategori dan frekuensi relatifnya.
(b)~Tidak ada ciri yang tampak pada diagram lingkaran tetapi tidak tampak pada diagram batang.
(c)~Pada umumnya kami lebih memilih diagram batang karena grafik ini juga memperlihatkan frekuensi relatif setiap kategori.}
","[""18223f28-a74d-5f9f-a586-6c3ab2bbef1f""]"
338bd728-e565-547f-83e6-6d727dcd2b61,7addf1c9-9003-5d87-b901-6211727146b0,1,guided_exercise,en,ch_summarizing_data/TeX/ch_summarizing_data.tex,963,970,315e87cfa644b5b46ef5b39f8963ec7d9d5ca29e7bef8c7ef6515efa216c1b03,id-ID,repo/ch_summarizing_data/TeX/ch_summarizing_data.tex,919,926,a25fb619da47209f0c0bb0c73ddfe862f94895bd9f0e5b45cba0af38f0603c7d,translated,"\begin{nexercise}
Dengan menggunakan Gambar~\ref{loan_int_rate_box_plot_layout},
estimasikan nilai-nilai berikut untuk
\var{interest\us{}rate} dalam kumpulan data \data{loan50}: \\
(a) $Q_1$,
(b) $Q_3$, dan
(c) IQR.\footnotemark{}
\end{nexercise}
","[""18223f28-a74d-5f9f-a586-6c3ab2bbef1f""]"
344a724b-37d5-5de0-9c7f-8f530c72f9b0,ec3b569a-6059-551c-9ddb-937edfb55960,1,exercise,en,ch_intro_to_data/TeX/review_exercises.tex,138,158,304a7ce816b26ff231ccfe4fe78399c91db0f8cfecc13923636ed77c548a6ec7,id-ID,repo/ch_intro_to_data/TeX/review_exercises.tex,132,152,e6e2c075ac231a4cbd45d55ea9fcab5feb88d04f8ff174ac5403d148392ad7d3,translated,"\eoce{\qt{Pendapatan dan pendidikan di county Amerika Serikat\label{income_education_county}}
Diagram pencar di bawah ini menunjukkan hubungan antara pendapatan per kapita
(dalam ribuan dolar) dan persentase penduduk yang memiliki gelar sarjana di
3.143 county di Amerika Serikat pada tahun 2010.

\noindent\begin{minipage}[c]{0.44\textwidth}
\begin{parts}
\item Apa variabel penjelas dan variabel responsnya?
\item Jelaskan hubungan antara kedua variabel. Pastikan untuk membahas pengamatan
yang tidak biasa, jika ada.
\item Dapatkah kita menyimpulkan bahwa memiliki gelar sarjana meningkatkan pendapatan seseorang?
\end{parts}\vspace{8mm}
\end{minipage}
\begin{minipage}[c]{0.55\textwidth}
\begin{center}
\Figures[Ditampilkan diagram pencar dengan ``Persentase bergelar sarjana'' pada sumbu horizontal (0\% hingga 80\%) dan ``Pendapatan per kapita'' pada sumbu vertikal (\$0 hingga \$65.000). Terlihat ribuan titik. Untuk persentase bergelar sarjana antara 0\% dan 20\%, titik-titik biasanya berada pada rentang vertikal \$10.000 hingga \$25.000. Untuk 20\% hingga 40\% pada sumbu horizontal, sebagian besar titik berada antara \$15.000 dan \$35.000 pada sumbu vertikal. Untuk 40\% hingga 60\%, sebagian besar titik berada antara \$25.000 dan \$45.000. Hanya sekitar lima titik yang persentasenya melebihi 60\%, dan semuanya berada di atas \$45.000 pada sumbu vertikal.]{0.78}{eoce/county_income_education}{county_income_education_scatterplot}
\end{center}
\end{minipage}
}{}

% 41
","[""18223f28-a74d-5f9f-a586-6c3ab2bbef1f"",""965b18a2-8bea-5a5c-9012-129137cfb727"",""358ce2a1-ab16-5858-8236-9d6bc6abe31a""]"
361876a0-0c09-5033-b927-7a89582e7cd2,168bbda2-828e-5071-9433-7c4c114136ba,1,guided_exercise,en,ch_summarizing_data/TeX/ch_summarizing_data.tex,256,259,0c55a8f7a9820014053429f8a1759ae934aa842685ca1f559e5d8e0189f081b5,id-ID,repo/ch_summarizing_data/TeX/ch_summarizing_data.tex,253,256,736e327baa796e535187f5a62ec648d3e261b02029dc2f68753616e5489530f0,translated,"\begin{nexercise}
Berapakah $n$ dalam sampel pinjaman
ini?\footnotemark{}
\end{nexercise}
","[""18223f28-a74d-5f9f-a586-6c3ab2bbef1f""]"
3a0b8dbf-cc25-54a7-bc65-8f42fb5c6f4f,34955eb4-a25f-5029-a4de-2749d28473d5,1,guided-practice,en,ch_summarizing_data/TeX/ch_summarizing_data.tex,2253,2266,b3a89e9130211209eeac38685fe72b537baf60651d1ed9a20c8c630c2730fb39,id-ID,repo/ch_summarizing_data/TeX/ch_summarizing_data.tex,2183,2194,87cb7e9b6db24bbd8a7bb124f2a2043f959506a6cd181c30daf0755e0ffeb70f,language_reviewed,"\begin{exercisewrap}
\begin{nexercise}
Apakah penelitian ini merupakan studi observasional atau eksperimen?
Apa dampak jenis penelitian ini terhadap kesimpulan yang dapat
ditarik dari hasilnya?\footnotemark{}
\end{nexercise}
\end{exercisewrap}
\footnotetext{Penelitian ini merupakan eksperimen karena pasien
  dialokasikan secara acak ke kelompok eksperimen.
  Karena penelitian ini merupakan eksperimen, hasilnya dapat digunakan
  untuk menilai hubungan kausal antara vaksin malaria
  dan apakah pasien menunjukkan tanda-tanda infeksi.}
","[""18223f28-a74d-5f9f-a586-6c3ab2bbef1f""]"
3e1c3dbd-6f2e-54c1-993b-34966b0a037b,2074e3bc-e444-5c50-82e0-9cb61eebf94b,1,public_appendix_solution,en,extraTeX/eoceSolutions/eoceSolutions.tex,107,121,13622842c7832124dffd51364332a3a323d5241e1d7e5a64b4a590c150cec4e2,id-ID,repo/extraTeX/eoceSolutions/eoceSolutions.tex,116,129,da8b927d1f581b96c01fdeb60685c7cc88c717ac50c1635102a38e30320ea68e,translated,"% 23

\eocesol{(a)~Pengambilan sampel acak sederhana layak digunakan. Bahkan, jarang 
sekali metode ini tidak masuk akal untuk digunakan!
(b)~Pendapat mahasiswa mungkin berbeda menurut bidang studi, sehingga 
stratifikasi berdasarkan variabel ini masuk akal dan layak digunakan.
(c)~Mahasiswa yang seusia mungkin memiliki pendapat yang lebih serupa, padahal 
setiap klaster sebaiknya beragam sehubungan dengan hasil yang diteliti. Karena 
itu, pendekatan ini \textbf{tidak} baik. (Pertimbangan tambahan: jumlah orang 
dalam setiap klaster juga mungkin sangat berbeda sehingga ukuran sampel yang 
dihasilkan tidak terduga.)}

\end{multicols}
\begin{multicols}{2}
","[""18223f28-a74d-5f9f-a586-6c3ab2bbef1f""]"
3fb95d59-f8cc-599c-bb4f-23813aa4d9da,08a0e42f-434e-5621-ad7a-49c7c1f63adf,1,subsection-prose,en,ch_summarizing_data/TeX/ch_summarizing_data.tex,2439,2579,df305002d9070a2c71ee17e2748e1f8ed4a396f007878219c27c4f33de114217,id-ID,repo/ch_summarizing_data/TeX/ch_summarizing_data.tex,2364,2498,a852a285f8fac75de94f43490e889a4240e2268f6c194a2ef2c24d125b016d88,language_reviewed,"\subsection{Memeriksa independensi}

Kita menghitung satu perbedaan yang mungkin terjadi di bawah
model independensi dalam Latihan Terpandu
\ref{malaria_vaccine_20_exp_summary_rand_1_diff};
perbedaan tersebut mewakili satu perbedaan akibat kebetulan.
Dalam simulasi pertama ini, kita membagikan kartu indeks
secara fisik untuk mewakili pasien, tetapi simulasi ini
lebih efisien dilakukan dengan komputer.
Ketika simulasi diulangi dengan komputer, kita memperoleh
perbedaan lain akibat kebetulan:
\begin{align*}
\frac{2}{\malariaBD{}} - \frac{9}{\malariaAD{}} = -0.310
\end{align*}
Lalu perbedaan lainnya:
\begin{align*}
\frac{3}{\malariaBD{}} - \frac{8}{\malariaAD{}} = -0.071
\end{align*}
Demikian seterusnya, hingga simulasi telah cukup sering
diulangi sehingga kita memahami dengan baik seperti apa
\emph{distribusi perbedaan yang semata-mata timbul karena kebetulan}.
Gambar~\ref{malaria_rand_dot_plot} menampilkan diagram titik bertumpuk
untuk perbedaan yang diperoleh dari 100 simulasi;
setiap titik mewakili selisih tingkat infeksi hasil simulasi
(tingkat kelompok kontrol dikurangi tingkat kelompok perlakuan).

\begin{figure}[ht]
  \centering
  \Figure[Ditampilkan sebuah diagram titik bertumpuk. Sumbu horizontal menyatakan ""selisih tingkat infeksi"" dan membentang dari -0.6 sampai 0.8. Diagram memuat enam tumpukan titik: 3 titik pada -0.55, 20--25 titik pada -0.32, 30--35 titik pada -0.08, 25--30 titik pada 0.18, 10--12 titik pada 0.41, dan 2 titik pada 0.64.]
      {0.85}{malaria_rand_dot_plot}
  \caption{Diagram titik bertumpuk untuk perbedaan dari
      100 simulasi yang dihasilkan di bawah model independensi,
      $H_0$, dengan infeksi yang tidak dipengaruhi oleh vaksin
      dalam simulasi-simulasi ini.
      Dua dari 100 simulasi menghasilkan perbedaan setidaknya
      sebesar \malariaIRDiffPerc{}, yaitu perbedaan yang diamati
      dalam penelitian.}
  \label{malaria_rand_dot_plot}
\end{figure}

Perhatikan bahwa distribusi perbedaan hasil simulasi ini
berpusat di sekitar 0.
Kita menyimulasikan perbedaan-perbedaan tersebut dengan menganggap
model independensi benar. Dalam kondisi ini,
kita memperkirakan selisihnya mendekati nol dengan sedikit
fluktuasi acak. Istilah \emph{mendekati} digunakan cukup longgar
dalam kasus ini karena ukuran sampel penelitian begitu kecil.

\begin{examplewrap}
\begin{nexample}{Seberapa sering Anda akan mengamati perbedaan
    setidaknya sebesar \malariaIRDiffPerc{} (\malariaIRDiff{})
    menurut Gambar~\ref{malaria_rand_dot_plot}?
    Sering, kadang-kadang, jarang, atau tidak pernah?}
  Perbedaan setidaknya sebesar \malariaIRDiffPerc{} yang
  semata-mata terjadi karena kebetulan tampaknya hanya muncul
  sekitar 2\% dari seluruh simulasi menurut
  Gambar~\ref{malaria_rand_dot_plot}.
  Peluang serendah itu menunjukkan peristiwa yang jarang.
\end{nexample}
\end{examplewrap}


Karena perbedaan sebesar \malariaIRDiffPerc{} merupakan
peristiwa langka, hasil penelitian ini dapat ditafsirkan
dengan dua cara:
\begin{itemize}
  \setlength{\itemsep}{0mm}
  \item[$H_0$] \textbf{Model independensi.}
      Vaksin tidak memengaruhi tingkat infeksi,
      dan kebetulan saja kita mengamati perbedaan yang
      hanya akan terjadi sesekali.
  \item[$H_A$] \textbf{Model alternatif.}
      Vaksin memengaruhi tingkat infeksi,
      dan perbedaan yang kita amati memang terjadi karena
      vaksin efektif melawan malaria; hal ini menjelaskan
      perbedaan besar sebesar~\malariaIRDiffPerc{}.
\end{itemize}
Berdasarkan simulasi tersebut, kita memiliki dua pilihan.
(1)~Kita menyimpulkan bahwa hasil penelitian tidak memberikan
bukti kuat untuk menentang model independensi.
Dengan kata lain, kita tidak memiliki bukti yang cukup kuat
untuk menyimpulkan bahwa vaksin berpengaruh dalam
konteks klinis ini.
(2)~Kita menyimpulkan bahwa bukti tersebut cukup kuat
untuk menolak $H_0$ dan menyatakan bahwa vaksin bermanfaat.
Ketika melakukan penelitian formal, biasanya kita menolak
gagasan bahwa kita kebetulan mengamati suatu peristiwa
langka.\footnote{Penalaran ini pada umumnya tidak dapat diperluas
    ke pengamatan anekdotal.
    Setiap orang mengamati berbagai peristiwa yang sangat langka
    setiap hari, yaitu peristiwa yang mustahil dapat kita ramalkan.
    Namun, dalam konteks bukti anekdotal yang tidak ketat,
    hampir segala sesuatu dapat tampak sebagai peristiwa langka.
    Karena itu, mencari peristiwa langka dalam kegiatan sehari-hari
    dapat sangat menyesatkan.
    Sebagai contoh, perhatikan lotere:
    hanya terdapat peluang 1 banding 292 juta bahwa nomor Powerball
    untuk hadiah terbesar sepanjang sejarah (13 Januari 2016)
    akan berupa (04, 08, 19, 27, 34) dengan nomor Powerball (10),
    tetapi nomor-nomor itu tetap muncul!
    Namun, nomor apa pun yang muncul
    akan memiliki peluang luar biasa kecil yang sama.
    Artinya, \emph{setiap himpunan nomor yang mungkin kita amati
    pada akhirnya akan sama-sama sangat langka}.
    Situasi seperti ini lazim dalam kehidupan sehari-hari:
    setiap peristiwa yang mungkin terjadi tampak sangat langka
    jika ditinjau sendiri, tetapi jika semua alternatif dipertimbangkan,
    hasil-hasil lain tersebut juga sangat langka.
    Kita harus berhati-hati agar tidak salah menafsirkan
    bukti anekdotal semacam ini.}
Jadi, dalam kasus ini kita menolak model independensi dan memilih
model alternatif.
Dengan kata lain, kita menyimpulkan bahwa data memberikan bukti kuat
bahwa vaksin memberi perlindungan tertentu terhadap malaria
dalam konteks klinis ini.

\index{data!malaria vaccine@vaksin malaria|)}

Salah satu cabang statistika, yaitu statistika inferensial, dibangun
di atas penilaian apakah perbedaan semacam ini terjadi karena kebetulan.
Dalam statistika inferensial, ilmuwan data menilai model mana yang
paling masuk akal berdasarkan data.
Kesalahan tetap dapat terjadi, seperti halnya peristiwa langka,
dan kita mungkin memilih model yang salah.
Walaupun pilihan kita tidak selalu tepat, statistika inferensial
memberi kita perangkat untuk mengendalikan dan menilai seberapa
sering kesalahan itu terjadi.
Dalam Bab~\ref{foundationsForInference},
kita memberikan pengantar formal mengenai masalah pemilihan model.
Dua bab berikutnya digunakan untuk membangun landasan probabilitas
dan teori yang diperlukan agar pembahasan tersebut menjadi ketat.



{\input{ch_summarizing_data/TeX/case_study_malaria_vaccine.tex}}
","[""18223f28-a74d-5f9f-a586-6c3ab2bbef1f""]"
3fcfe49a-62f4-562b-b965-4b6688595c1f,c9faaa37-1ac5-54ae-b62f-1556d2b63374,5,prose,en,ch_intro_to_data/TeX/ch_intro_to_data.tex,125,136,55230f213b20ce31e356017b622bf930552ed1c74126612e274c182edeb36edf,id-ID,repo/ch_intro_to_data/TeX/ch_intro_to_data.tex,125,136,6aa862405209f9e6a484abbd0c7d5617730f2bbdf6ce608c07584c90edcc4522,translated,"Meskipun kita belum memiliki perangkat statistik untuk menjawab pertanyaan ini sepenuhnya secara mandiri, kita dapat memahami kesimpulan analisis yang telah dipublikasikan: terdapat bukti kuat bahwa penggunaan stent membahayakan pasien dalam penelitian ini.

\textbf{Berhati-hatilah:}
Jangan menggeneralisasi hasil penelitian ini kepada semua pasien
dan semua jenis stent.
Penelitian ini mengamati pasien dengan karakteristik yang sangat khusus,
yang secara sukarela ikut serta dan mungkin tidak
mewakili semua pasien strok.
Selain itu, terdapat banyak jenis stent, sedangkan penelitian ini hanya
mempertimbangkan stent Wingspan yang dapat mengembang sendiri (Boston Scientific).
Namun, penelitian ini tetap memberi kita pelajaran penting:
kita harus selalu siap menghadapi temuan yang mengejutkan.
","[""18223f28-a74d-5f9f-a586-6c3ab2bbef1f""]"
3ffb7507-4ed2-58a3-bfaf-72a113382721,d031fd92-364c-5922-9977-7d4f68b6f109,3,subsection_prose,en,ch_summarizing_data/TeX/ch_summarizing_data.tex,1598,1700,f7a2857c68b0406d37f0fcfaa93622bcf800c532011d7d85cc287118e0f7e858,id-ID,repo/ch_summarizing_data/TeX/ch_summarizing_data.tex,1541,1639,931127e78a03016a8fc0fd5f740b02d88b6424a5eb6b2763fb9c1c24c8210f87,translated,"\end{exercisewrap}
\footnotetext{(a)~0.122 menyatakan proporsi peminjam bersama
  yang memiliki rumah.
  (b)~0.135 menyatakan proporsi peminjam pemilik rumah
  yang mengajukan pinjaman bersama.}

\begin{examplewrap}
\begin{nexample}{
    Ilmuwan data menggunakan statistika untuk menyaring spam dari
    pesan surel masuk.
    Dengan memperhatikan karakteristik tertentu pada sebuah surel,
    ilmuwan data dapat menggolongkan sebagian surel sebagai spam
    atau bukan spam dengan ketepatan tinggi.
    Salah satu karakteristik tersebut ialah apakah surel
    tidak memuat angka, memuat angka kecil, atau memuat angka besar.
    Karakteristik lainnya ialah format surel, yang menunjukkan
    apakah sebuah surel memuat konten HTML,
    misalnya teks tebal.
    Kita akan memusatkan perhatian pada format surel dan status spam
    dalam himpunan data \data{email}; kedua variabel tersebut dirangkum
    dalam tabel kontingensi pada
    Gambar~\ref{emailSpamHTMLTableTotals}.
    Untuk orang yang ingin menggolongkan surel sebagai spam atau surel biasa,
    manakah yang lebih membantu: proporsi baris atau proporsi kolom?}
  \label{weighingRowColumnProportions}
  Ilmuwan data akan tertarik pada perubahan proporsi spam
  di dalam setiap format surel.
  Hal ini bersesuaian dengan proporsi kolom:
  proporsi spam dalam surel teks biasa
  dan proporsi spam dalam surel HTML.

  Jika kita menghitung proporsi kolom, terlihat bahwa
  proporsi surel teks biasa yang merupakan spam
  ($209/1195 = 17.5\%$) lebih tinggi daripada
  proporsi surel HTML yang merupakan spam ($158/2726 = 5.8\%$).
  Informasi ini saja belum cukup untuk menggolongkan sebuah surel
  sebagai spam atau bukan spam, sebab lebih dari 80\% surel teks biasa
  bukanlah spam.
  Namun, bila informasi ini dipadukan secara cermat dengan banyak
  karakteristik lain,
  cukup masuk akal bahwa kita dapat menggolongkan
  sebagian surel sebagai spam atau bukan spam dengan yakin.
\end{nexample}
\end{examplewrap}

\begin{figure}[ht]
\centering
\begin{tabular}{l cc r}
  \hline
  & teks & HTML & Total \\ 
  \hline
  spam & 209 & 158 & 367 \\ 
  bukan spam & 986 & 2568 & 3554 \\ 
  \hline
  Total & 1195 & 2726 & 3921 \\
  \hline
\end{tabular}
\caption{Tabel kontingensi untuk \var{spam} dan \var{format}.}
\label{emailSpamHTMLTableTotals}
%library(openintro); library(xtable); data(email); tab <- table(email[,c(""spam"", ""format"")])[2:1,]; tab; colSums(tab); rowSums(tab)
\end{figure}

Contoh~\ref{weighingRowColumnProportions} menunjukkan
bahwa proporsi baris dan proporsi kolom tidaklah setara.
Sebelum memilih satu bentuk tabel,
keduanya perlu dipertimbangkan agar tabel yang paling berguna
dapat dibuat.
Namun, kadang-kadang memang tidak jelas mana yang lebih berguna,
atau apakah salah satunya berguna.

\begin{examplewrap}
\begin{nexample}{Perhatikan kembali
    Tabel~\ref{rowPropAppTypeHomeownership}
    dan~\ref{colPropAppTypeHomeownership}.
    Adakah situasi yang jelas ketika salah satunya lebih berguna
    daripada yang lain?}
  Tidak ada yang menurut kami jelas!
  Perbedaan antara \var{app\us{}type}
  dan \var{homeownership} dengan contoh surel ialah bahwa
  kedua variabel tersebut tidak memiliki hubungan variabel
  penjelas--respons yang jelas untuk dihipotesiskan
  (lihat Bagian~\ref{explanatoryAndResponse} untuk istilah ini).
  Biasanya, paling berguna bila kita ""mengondisikan"" pada
  variabel penjelas.
  Misalnya, dalam contoh surel, format surel dipandang sebagai
  kemungkinan variabel penjelas bagi status spam suatu pesan.
  Karena itu, lebih menarik untuk menghitung frekuensi relatif
  (proporsi) pada setiap format surel.
\end{nexample}
\end{examplewrap}

%\Comment{Any risk with the above example that students
%  would think they need not know how to describe (what
%  are effectively) conditional probabilities based
%  on row or column proportions?
%  If so, we could add in an exercise that calls this
%  out and requires them to create such a description.}


","[""18223f28-a74d-5f9f-a586-6c3ab2bbef1f""]"
4232ff5e-a685-55f7-9777-a6ff0405a287,f476eaff-0729-5ce0-9e73-4cf11501b67e,1,exercise,en,ch_intro_to_data/TeX/review_exercises.tex,58,78,de52ca0eb6bd0bc453a24d9307716d0a6f17ff18fac7e77f19fa613d627a52c7,id-ID,repo/ch_intro_to_data/TeX/review_exercises.tex,58,79,b1360549382222f6f99e97cc38e73277550d329c1f99ad33bac27130366a119b,translated,"\eoce{\qt{Biji chia dan penurunan berat badan\label{chia_weight_lostt}} Chia Pets---patung kecil
terakota yang menumbuhkan ``rambut'' hijau lebat---membuat tanaman chia dikenal luas.
Namun, chia kemudian memperoleh reputasi yang sama sekali baru sebagai suplemen diet.
Dalam sebuah studi tahun 2009, tim peneliti merekrut 38 laki-laki dan membagi mereka
secara acak ke dalam dua kelompok: perlakuan atau kontrol. Mereka juga merekrut 38 perempuan,
lalu menetapkan secara acak separuh peserta ini ke kelompok perlakuan dan separuh lainnya
ke kelompok kontrol. Satu kelompok diberi 25 gram biji chia dua kali sehari, sedangkan
kelompok lain diberi plasebo. Para subjek menjadi sukarelawan untuk mengikuti studi.
Setelah 12 minggu, para ilmuwan tidak menemukan perbedaan signifikan antarkelompok dalam
hal nafsu makan maupun penurunan berat badan.
\footfullcite{Nieman:2009}
\begin{parts}
\item Jenis studi apakah ini?
\item Apa perlakuan eksperimen dan perlakuan kontrol dalam studi ini?
\item Apakah pemblokan digunakan dalam studi ini? Jika ya, apa variabel pemblokannya?
\item Apakah pembutaan digunakan dalam studi ini?
\item Jelaskan apakah kita dapat membuat pernyataan kausal, dan nyatakan apakah
kesimpulannya dapat digeneralisasikan ke populasi yang lebih luas.
\end{parts}
}{}

% 38
","[""18223f28-a74d-5f9f-a586-6c3ab2bbef1f""]"
42ce4282-23fe-5ea0-bb2a-304137a23be6,c749f377-8b05-530a-9e33-4073fe3f435f,1,exercise,en,ch_intro_to_data/TeX/sampling_principles_and_strategies.tex,41,57,f4fe8c4f9a5c666a85454eb24a649eadcc12e17ba1e6105893296171e5cbeb2c,id-ID,repo/ch_intro_to_data/TeX/sampling_principles_and_strategies.tex,41,56,9021e963aec6340d8b702b7c445e6e6090909b2b6594b7976867d2be02f1891d,translated,"\eoce{\qt{Metode Buteyko: cakupan inferensi\label{scope_buteyko}} 
Latihan~\ref{study_components_buteyko} memperkenalkan studi mengenai penggunaan 
teknik pernapasan dangkal Buteyko untuk mengurangi gejala asma dan meningkatkan 
kualitas hidup. Studi ini merekrut 600 pasien asma berusia 18--69 tahun yang 
mengandalkan obat untuk perawatan asma, lalu mengalokasikan mereka secara acak 
ke dua kelompok: satu kelompok mempraktikkan metode Buteyko dan kelompok lainnya 
tidak. Kelompok Buteyko rata-rata mengalami penurunan gejala asma yang signifikan 
dan peningkatan kualitas hidup.
\begin{parts}
\item Tentukan populasi sasaran dan sampel dalam studi ini.
\item Jelaskan apakah hasil studi dapat digeneralisasikan ke populasi dan apakah 
temuannya dapat digunakan untuk menetapkan hubungan kausal.
\end{parts}
}{}

% 16
","[""18223f28-a74d-5f9f-a586-6c3ab2bbef1f""]"
42ed1a41-e87a-5f07-ba56-e7b2edd045bc,4a67928d-9842-5598-8a98-8360b6b3ab69,1,subsection_prose,en,ch_summarizing_data/TeX/ch_summarizing_data.tex,1207,1253,81faf037158ae71c48286219d3a3cd72cf5675e90a2da551c9d28aebe7b09b16,id-ID,repo/ch_summarizing_data/TeX/ch_summarizing_data.tex,1150,1195,94386a30a61c347b527aacec78ec6159ed2850cf9cb3284c14a764b07508bc68,translated,"\subsection{Memetakan data (topik khusus)}

\index{data!county|(}
%\index{intensity map|(}

Kumpulan data \data{county} menyediakan banyak variabel numerik
yang dapat kita gambar dengan diagram titik, diagram pencar, atau
diagram kotak, tetapi ketiganya tidak menangkap sifat geografis
data. Ketika berhadapan dengan data geografis, kita sebaiknya
membuat \term{peta intensitas}, yang menggunakan warna untuk
menunjukkan nilai variabel yang lebih tinggi dan lebih rendah.
Gambar~\ref{countyIntensityMaps1} dan~\ref{countyIntensityMaps2}
menampilkan peta intensitas untuk persentase tingkat kemiskinan
(\var{poverty}), tingkat pengangguran
(\var{unemployment\us{}rate}), persentase tingkat kepemilikan rumah
(\var{homeownership}), dan median pendapatan rumah tangga
(\var{median\us{}hh\us{}income}).
Kunci warna menunjukkan warna yang bersesuaian dengan setiap nilai.
Peta intensitas umumnya tidak terlalu membantu untuk memperoleh
nilai tepat di suatu county, tetapi sangat membantu untuk melihat
tren geografis dan merumuskan pertanyaan penelitian atau hipotesis
yang menarik.

\begin{examplewrap}
\begin{nexample}{Ciri menarik apa yang tampak pada peta intensitas
    \var{poverty} dan \var{unemployment\us{}rate}?}
    \label{map_example_poverty_and_unemployment}
  Tingkat kemiskinan jelas lebih tinggi di beberapa lokasi.
  Khususnya, wilayah Selatan Jauh menunjukkan tingkat kemiskinan
  yang lebih tinggi, demikian pula sebagian besar Arizona dan
  New Mexico. Tingkat kemiskinan tinggi tampak di dataran banjir
  Mississippi yang sedikit ke utara dari New Orleans serta di
  sebagian besar Kentucky.

  Tingkat pengangguran mengikuti tren serupa, dan kita dapat
  melihat kesesuaian antara kedua variabel. Memang masuk akal
  apabila tingkat pengangguran yang lebih tinggi berkaitan erat
  dengan tingkat kemiskinan. Satu pengamatan menonjol saat kedua
  peta dibandingkan: tingkat kemiskinan jauh lebih tinggi daripada
  tingkat pengangguran. Artinya, walaupun banyak orang mungkin
  bekerja, penghasilan mereka tidak cukup untuk keluar dari
  kemiskinan.
\end{nexample}
\end{examplewrap}

\begin{exercisewrap}
","[""18223f28-a74d-5f9f-a586-6c3ab2bbef1f""]"
44862382-4d5d-5d41-8aed-6bb5dd2a110e,9723bec2-d07b-5e14-996f-2416bcef0f22,1,public_appendix_solution,en,extraTeX/eoceSolutions/eoceSolutions.tex,248,253,d8adfffd0ecff5baf7d3bd91c31d57886174f48b37da96db1bdfeb5ea4236790,id-ID,repo/extraTeX/eoceSolutions/eoceSolutions.tex,262,267,982b3b7b0ade49eb93f790724ea990994c191068151b6b9fc0ff554e5e631973,translated,"% 3

\eocesol{Grafik di bawah ini menunjukkan fase peningkatan.
Pada awalnya mungkin juga terdapat periode pertumbuhan eksponensial
sebelum ukuran cawan petri mulai memperlambat pertumbuhan. \\
\FigureFullPath[Sebuah grafik ditampilkan dengan sumbu horizontal ""waktu"" dan sumbu vertikal berlabel ""jumlah sel bakteri"". Sebuah kurva naik dengan curam di sisi kiri; ketika bergerak ke kanan, kenaikannya melambat hingga hampir berhenti ketika mencapai sisi kanan grafik.]{0.25}{ch_summarizing_data/figures/eoce/reproducing_bacteria/reproducing_bacteria_sketch}}
","[""18223f28-a74d-5f9f-a586-6c3ab2bbef1f""]"
455f6d3d-9ca4-5423-8ca8-3715f0b7a5b6,51f8c9e8-d47d-503f-a0db-38a0564b62f2,2,subsection-prose,en,ch_summarizing_data/TeX/ch_summarizing_data.tex,2267,2361,a735d10e60fd2608f439d0542e15ef1be2a651f5c62494b1e4a0ab853461bdf2,id-ID,repo/ch_summarizing_data/TeX/ch_summarizing_data.tex,2195,2286,949456789f53dd5ed6a4de0aa753c99846437f70b09f47d61adf5135e324bd01,language_reviewed,"
Dalam penelitian ini, proporsi pasien yang menunjukkan tanda-tanda
infeksi lebih kecil pada kelompok yang menerima vaksin
(\malariaVIRPerc{} dibandingkan dengan \malariaPIRPerc{}).
Namun, sampelnya sangat kecil,
dan belum jelas apakah perbedaan tersebut memberikan
\emph{bukti meyakinkan} bahwa vaksin itu efektif.

\D{\newpage}

\begin{examplewrap}
\begin{nexample}{Ilmuwan data terkadang diminta
    menilai kekuatan bukti.
    Ketika melihat tingkat infeksi pasien
    pada kedua kelompok dalam penelitian ini,
    apa yang terlintas dalam pikiran saat kita mencoba menentukan apakah
    data tersebut menunjukkan bukti meyakinkan adanya perbedaan nyata?}
  \label{malaria_vaccine_20_what_is_convincing}
  Tingkat infeksi yang diamati
  (\malariaVIRPerc{} pada kelompok perlakuan dibandingkan dengan
  \malariaPIRPerc{} pada kelompok kontrol)
  mengisyaratkan bahwa vaksin mungkin efektif.
  Namun, kita tidak dapat memastikan apakah perbedaan yang diamati
  mencerminkan efikasi vaksin atau sekadar timbul
  karena faktor kebetulan.
  Data sampel umumnya mengalami sedikit fluktuasi, dan kita tidak
  mengharapkan proporsi sampel \emph{persis} sama,
  meskipun sebenarnya tingkat infeksi
  tidak bergantung pada pemberian vaksin.
  Selain itu, dengan sampel sekecil ini,
  mungkin perbedaan sebesar itu memang lazim muncul ketika
  kita membagi sebuah kelompok secara acak semata-mata karena kebetulan!
\end{nexample}
\end{examplewrap}

Contoh~\ref{malaria_vaccine_20_what_is_convincing}
mengingatkan kita bahwa hasil yang diamati dalam sampel data
mungkin tidak mencerminkan secara sempurna hubungan sebenarnya
antara variabel karena terdapat \term{derau acak}.
Walaupun perbedaan tingkat infeksi yang diamati besar,
ukuran sampel penelitian ini kecil,
sehingga belum jelas apakah perbedaan yang diamati tersebut
mencerminkan efikasi vaksin atau sekadar timbul karena kebetulan.
Kita menamai dua pernyataan yang bersaing ini, $H_0$ dan $H_A$,
yang dibaca ``H-nol'' dan ``H-A'':
\begin{itemize}
\setlength{\itemsep}{0mm}
\item[$H_0$:] \textbf{Model independensi.}
    Variabel \var{treatment} dan \var{outcome}
    saling independen.
    Keduanya tidak memiliki hubungan, dan perbedaan yang diamati
    antara proporsi pasien yang mengalami infeksi
    pada kedua kelompok, yaitu \malariaIRDiffPerc{},
    terjadi karena kebetulan.
\item[$H_A$:] \textbf{Model alternatif.}
    Kedua variabel \emph{tidak} saling independen.
    Perbedaan tingkat infeksi sebesar
    \malariaIRDiffPerc{}
    tidak terjadi karena kebetulan,
    dan vaksin memengaruhi tingkat infeksi.
\end{itemize}

Apa artinya jika model independensi,
yang menyatakan bahwa vaksin tidak memengaruhi
tingkat infeksi, benar?
Artinya, 11~pasien akan mengalami infeksi
\emph{terlepas dari kelompok mana mereka dialokasikan
secara acak},
dan 9~pasien tidak akan mengalami infeksi
\emph{terlepas dari kelompok mana mereka dialokasikan
secara acak}.
Dengan kata lain, jika vaksin tidak memengaruhi tingkat
infeksi, perbedaan tingkat infeksi itu semata-mata
terjadi secara kebetulan akibat cara pasien dialokasikan
secara acak.

Sekarang tinjau model alternatif:
tingkat infeksi dipengaruhi oleh apakah seorang pasien
menerima vaksin atau tidak.
Jika hal ini benar, terlebih jika pengaruhnya cukup besar,
kita akan mengharapkan adanya perbedaan tingkat infeksi
antara pasien dalam kedua kelompok.

Kita memilih di antara kedua pernyataan yang bersaing ini
dengan menilai apakah data sedemikian bertentangan dengan
$H_0$ sehingga model independensi tidak lagi dapat dianggap
masuk akal.
Jika demikian, dan data mendukung $H_A$,
kita akan menolak gagasan independensi
dan menyimpulkan bahwa vaksin tersebut efektif.


","[""18223f28-a74d-5f9f-a586-6c3ab2bbef1f""]"
4695139d-27a3-5e9b-b80a-46c0fdf5d8c2,539c9f92-ebb5-583a-bbe7-033054cf48e2,1,guided_exercise,en,ch_summarizing_data/TeX/ch_summarizing_data.tex,240,245,5a65b642e0499b81f9b384811b7c891674fefbdab31bcd3627fd4da09536ce52,id-ID,repo/ch_summarizing_data/TeX/ch_summarizing_data.tex,238,243,d34457c2f8766e39256048df79df5f4d5061984a7a8d669e4f356693a8064451,translated,"\begin{nexercise}
Perhatikan persamaan untuk rata-rata.
Apa yang dinyatakan oleh $x_1$? Bagaimana dengan $x_2$?
Dapatkah Anda menyimpulkan makna umum dari
$x_i$?\footnotemark{}
\end{nexercise}
","[""18223f28-a74d-5f9f-a586-6c3ab2bbef1f""]"
46b01b26-d623-583a-8579-f3dbb715e79c,ef7f55d2-6426-5c6b-a525-29e747da8d0b,1,section_body,en,ch_intro_to_data/TeX/ch_intro_to_data.tex,1251,1408,ceade6b7e625b0db093e9f5cd33669b8ae1b389dd2529b23f6e3088270c46c35,id-ID,repo/ch_intro_to_data/TeX/ch_intro_to_data.tex,1248,1419,a8feca96b5fcbd3d8090736ebd7baa824d8e201cd6dd13bc147545b184df231a,translated,"\section{Eksperimen}
\label{experimentsSection}

%\sectionintro{
Penelitian yang dalam pelaksanaannya peneliti menetapkan perlakuan kepada kasus disebut \termsub{eksperimen}{eksperimen}. Jika penetapan ini melibatkan pengacakan, misalnya menggunakan pelemparan koin untuk menentukan perlakuan yang diterima seorang pasien, penelitian tersebut disebut \term{eksperimen acak}. Eksperimen acak sangat penting ketika kita ingin menunjukkan hubungan sebab-akibat antara dua variabel.
%}\setstretch{1.0}


\subsection{Prinsip perancangan eksperimen}
\label{experimentalDesignPrinciples}

\noindent{}Eksperimen acak pada umumnya dibangun berdasarkan empat prinsip.

\begin{description}
\item[Pengendalian.]
    Peneliti menetapkan perlakuan kepada kasus dan berupaya sebaik mungkin
    untuk \term{mengendalikan} setiap perbedaan lain antarkelompok.\footnote{Konsep
      ini berbeda dari \emph{kelompok kontrol}, yang dibahas pada prinsip
      kedua dan pada Bagian~\ref{biasInHumanExperiments}.}
    Sebagai contoh, ketika pasien meminum obat berbentuk pil, sebagian pasien
    mungkin menelannya hanya dengan seteguk air, sedangkan yang lain dengan
    segelas penuh air. Untuk mengendalikan pengaruh banyaknya air yang diminum,
    dokter dapat meminta semua pasien meminum pil dengan 12 ons cair AS
    (sekitar 355~mL) air.
\item[Pengacakan.] Peneliti mengalokasikan pasien secara acak ke kelompok kontrol
    dan kelompok perlakuan untuk menangani variabel yang tidak dapat dikendalikan. Sebagai
    contoh, pola makan dapat membuat sebagian pasien lebih rentan terhadap
    penyakit daripada pasien lain. Dalam jangka panjang, pengacakan
    menyeimbangkan perbedaan yang terukur maupun yang tidak terukur secara
    rata-rata dan membantu mencegah bias alokasi yang tidak disengaja. Namun, dalam
    satu eksperimen, pengacakan tidak menjamin bahwa kelompok-kelompok yang
    terbentuk akan persis sama.
\item[Replikasi.] Dalam sebuah eksperimen, peneliti melakukan \term{replikasi}
    dengan menerapkan kondisi perlakuan secara independen kepada banyak
    \term{unit eksperimen}. Semakin banyak unit independen yang diamati,
    semakin cermat peneliti dapat mengestimasi pengaruh variabel penjelas
    terhadap variabel respons. Replikasi perlakuan di dalam satu eksperimen
    berbeda dari pengulangan seluruh penelitian oleh tim ilmuwan lain untuk
    memeriksa temuan sebelumnya.

\begin{figure}
  \centering
  \Figure
    [Gambar memperlihatkan tiga tahap dari atas ke bawah. Tahap pertama berupa persegi panjang berisi kisi 54 pasien bernomor 1 sampai 54. Pasien berisiko rendah ditandai dengan lingkaran merah kosong, sedangkan pasien berisiko tinggi ditandai dengan segitiga biru penuh. Tahap kedua memisahkan pasien menjadi blok berisiko rendah di kiri dan blok berisiko tinggi di kanan. Pada tahap ketiga, separuh anggota setiap blok dialokasikan secara acak ke kotak Kontrol dan separuh lainnya ke kotak Perlakuan; warna dan bentuk penanda tetap dipertahankan.]
    {0.82}{figureShowingBlocking}
  \caption{Pemblokan berdasarkan variabel yang menggambarkan risiko pasien.
      Pasien mula-mula dibagi menjadi blok berisiko rendah dan berisiko tinggi;
      kemudian, melalui pengacakan, setiap blok dibagi sama banyak antara
      kelompok kontrol dan kelompok perlakuan. Strategi ini memberi kedua kelompok tersebut
      jumlah pasien berisiko rendah yang sama dan jumlah pasien berisiko
      tinggi yang sama.}
  \label{figureShowingBlocking}
\end{figure}

\item[Pemblokan.] Peneliti kadang-kadang mengetahui atau menduga bahwa variabel
    selain perlakuan turut memengaruhi respons. Dalam keadaan ini, mereka dapat
    lebih dahulu mengelompokkan individu berdasarkan variabel tersebut ke dalam
    \term{blok}, lalu mengalokasikan secara acak kasus di dalam setiap blok ke
    kelompok kontrol dan kelompok perlakuan. Strategi ini disebut \term{pemblokan}. Misalnya, untuk
    meneliti pengaruh obat terhadap serangan jantung, kita dapat lebih dahulu
    membagi pasien menjadi blok berisiko rendah dan berisiko tinggi. Selanjutnya,
    separuh pasien dari setiap blok dialokasikan secara acak ke kelompok kontrol
    dan separuh lainnya ke kelompok perlakuan, seperti pada
    Gambar~\ref{figureShowingBlocking}. Dengan demikian, kelompok kontrol maupun
    kelompok perlakuan memiliki komposisi risiko yang seimbang.
\end{description}

Ketiga prinsip pertama perancangan eksperimen perlu diterapkan dalam setiap
eksperimen. Buku ini menjelaskan metode yang sesuai untuk menganalisis data dari
eksperimen semacam itu. Pemblokan merupakan teknik yang sedikit lebih lanjut;
metode statistik dalam buku ini dapat diperluas untuk menganalisis data yang
dikumpulkan dengan pemblokan.

\subsection{Mengurangi bias dalam eksperimen pada manusia}
\label{biasInHumanExperiments}

Eksperimen acak merupakan tolok ukur utama untuk pengumpulan data, tetapi tidak
selalu menjamin penilaian bebas bias atas hubungan sebab-akibat. Eksperimen pada
manusia merupakan contoh yang baik tentang bagaimana bias dapat muncul tanpa
disengaja. Di sini kita meninjau kembali penelitian yang menggunakan obat baru
untuk menangani pasien serangan jantung. Secara khusus, peneliti ingin mengetahui
apakah obat tersebut mengurangi kematian pasien.

Para peneliti merancang eksperimen acak karena ingin menarik kesimpulan kausal
tentang pengaruh obat. Sukarelawan penelitian\footnote{Subjek manusia sering
disebut \term{pasien}, \term{sukarelawan}, atau \term{peserta penelitian}.}
dialokasikan secara acak ke dua kelompok. Satu kelompok, yaitu \term{kelompok
perlakuan}, menerima obat. Kelompok lainnya, yang disebut \term{kelompok kontrol},
tidak menerima perlakuan obat.

Bayangkan diri Anda sebagai peserta penelitian. Jika masuk kelompok perlakuan,
Anda menerima obat baru yang Anda harapkan akan membantu. Sebaliknya, peserta
di kelompok lain tidak menerima obat dan hanya dapat berharap partisipasinya
tidak meningkatkan risiko kematian. Perbedaan pengalaman ini mengisyaratkan dua
pengaruh: pengaruh yang menjadi perhatian ialah efektivitas obat, sedangkan yang
kedua ialah pengaruh psikologis yang sulit diukur.

Peneliti biasanya tidak berminat pada pengaruh psikologis tersebut karena dapat
membiaskan hasil. Untuk mengatasinya, peneliti berusaha agar pasien tidak
mengetahui kelompoknya. Jika pasien tidak diberi tahu tentang perlakuan yang
diterimanya, eksperimen disebut \term{tersamar}. Namun, ada masalah: pasien yang
sama sekali tidak menerima perlakuan akan tahu bahwa ia berada di kelompok
kontrol. Salah satu solusinya ialah memberi pasien kelompok kontrol perlakuan
semu yang disebut \term{plasebo}. Plasebo yang meyakinkan membantu mempertahankan
penyamaran. Contoh klasiknya ialah pil gula yang dibuat menyerupai pil perlakuan
yang sebenarnya. Kadang-kadang teramati sedikit perbaikan pada pasien yang
menerima plasebo. Fenomena ini sering disebut \term{efek plasebo}; akan tetapi,
pengamatan tersebut tidak dengan sendirinya membuktikan bahwa plasebo menyebabkan
perbaikan, sebab perjalanan alami penyakit dan faktor lain juga dapat berperan.

Bukan hanya pasien yang perlu disamarkan: dokter dan peneliti pun dapat tanpa
sengaja membiaskan eksperimen. Jika mengetahui bahwa seorang pasien menerima
perlakuan sebenarnya, dokter mungkin tanpa sadar memberi pasien itu lebih banyak
perhatian atau perawatan daripada pasien yang menerima plasebo. Untuk mencegah
bias ini, yang dalam beberapa keadaan terbukti memiliki pengaruh terukur,
kebanyakan penelitian modern menggunakan rancangan \term{tersamar ganda}.
Dalam rancangan ini, baik pasien maupun dokter atau peneliti yang berinteraksi
dengan mereka tidak mengetahui siapa yang menerima perlakuan.\footnote{Sebagian
peneliti yang terlibat tetap mengetahui alokasi perlakuan. Namun, mereka tidak
berinteraksi dengan pasien dan tidak memberi tahu tenaga kesehatan yang
disamarkan tentang perlakuan yang diterima setiap pasien.}

\begin{exercisewrap}
\begin{nexercise}
Tinjau kembali penelitian pada Bagian~\ref{basicExampleOfStentsAndStrokes},
tempat peneliti menguji apakah stent efektif mengurangi strok pada pasien
berisiko. Apakah penelitian tersebut merupakan eksperimen? Apakah eksperimen
itu tersamar? Apakah eksperimen itu tersamar ganda?\footnotemark{}
\end{nexercise}
\end{exercisewrap}
\footnotetext{Peneliti mengalokasikan pasien ke kelompok-kelompok eksperimen, jadi penelitian
ini merupakan eksperimen. Namun, pasien dapat membedakan perlakuan yang mereka
terima sehingga eksperimen tidak tersamar. Karena pasien tidak tersamar,
eksperimen tersebut juga tidak mungkin tersamar ganda.}

\begin{exercisewrap}
\begin{nexercise}
\label{gp_sham_surgery}%
Untuk penelitian pada Bagian~\ref{basicExampleOfStentsAndStrokes}, dapatkah
peneliti menggunakan plasebo? Jika dapat, seperti apa bentuk plasebo
tersebut?\footnotemark{}
\end{nexercise}
\end{exercisewrap}
\footnotetext{Secara teknis, peneliti dapat menggunakan \term{bedah semu} agar
pasien tidak mengetahui apakah ia menerima komponen terapeutik. Dalam bedah semu,
pasien menjalani langkah prosedural yang menyerupai operasi, tetapi tidak
menerima perlakuan lengkap. Penyamaran semacam ini memungkinkan peneliti
mengukur respons yang berkaitan dengan plasebo, tetapi tetap memaparkan pasien
pada risiko prosedural tanpa manfaat terapeutik langsung.}

Setelah membaca Latihan Terbimbing~\ref{gp_sham_surgery}, Anda mungkin memiliki
banyak pertanyaan tentang etika penggunaan bedah semu sebagai plasebo.
Pertanyaan serupa berlaku lebih umum ketika perlakuan yang mungkin membantu
tidak diberikan kepada kelompok kontrol. Bedah semu menambahkan risiko dari
prosedur itu sendiri. Menahan perlakuan yang manfaatnya belum terbukti dapat
mempertahankan risiko dasar, sedangkan menahan terapi standar yang sudah terbukti
bermanfaat juga dapat meningkatkan risiko. Karena itu, eksperimen yang etis
memerlukan \emph{ekuipoise klinis}: harus ada ketidakpastian yang sungguh-sungguh
di kalangan ahli mengenai perlakuan mana yang lebih baik.

Eksperimen dan plasebo selalu dapat dilihat dari beberapa sudut pandang, dan
pilihan yang secara etis ``benar'' jarang tampak jelas. Misalnya, etiskah
menggunakan bedah semu jika prosedur tersebut menimbulkan risiko bagi pasien?
Di sisi lain, tanpa pembanding bedah semu, kita mungkin mendorong penggunaan
perlakuan mahal yang sebenarnya tidak efektif. Jika itu terjadi, uang dan
sumber daya lain dapat teralihkan dari perlakuan yang sudah diketahui
bermanfaat. Pada akhirnya, kita menghadapi situasi sulit: perlindungan sempurna
tidak dapat sekaligus diberikan kepada pasien yang menjadi sukarelawan sekarang
dan kepada pasien yang mungkin memperoleh manfaat, atau tidak memperoleh
manfaat, dari perlakuan tersebut di masa mendatang.


","[""18223f28-a74d-5f9f-a586-6c3ab2bbef1f"",""41e46d05-03d3-56bd-9f01-2e691bfe3e60""]"
46e8be66-a947-5a10-9a2d-8a663934c88a,b1193e47-cb89-5836-85ff-5fa2be7997ce,1,exercise,en,ch_intro_to_data/TeX/case_study_using_stents_to_prevent_strokes.tex,5,58,9e30e7c4d6bddeb924c8e836733cf9b8c06e54b37031cbacd4db8d2205cc7cce,id-ID,repo/ch_intro_to_data/TeX/case_study_using_stents_to_prevent_strokes.tex,5,55,0f3fe70081151edf6b50043b146d66aef76433905e076d6520317a7d49752138,translated,"\eoce{\qt{Migrain dan akupunktur,
    Bagian I\label{migraine_and_acupuncture_intro}}
Migrain merupakan jenis sakit kepala yang sangat nyeri,
dan sebagian pasien berupaya mengatasinya dengan akupunktur.
Untuk menentukan apakah akupunktur meredakan nyeri
migrain, para peneliti melakukan uji terkontrol acak
yang melibatkan 89 perempuan yang didiagnosis menderita migrain.
Mereka dialokasikan secara acak ke salah satu dari dua kelompok:
perlakuan atau kontrol.
Sebanyak 43 pasien dalam kelompok perlakuan menerima akupunktur
yang dirancang secara khusus untuk menangani migrain.
Sebanyak 46 pasien dalam kelompok kontrol menerima akupunktur plasebo
(penusukan jarum pada lokasi yang bukan titik akupunktur).
24 jam setelah menerima akupunktur, pasien ditanya
apakah mereka bebas nyeri.
Hasilnya dirangkum dalam tabel kontingensi
di bawah ini.\footfullcite{Allais:2011}

\noindent\begin{minipage}[l]{0.4\textwidth}
\begin{tabular}{ll  cc c} 
			                         		&           & \multicolumn{2}{c}{\textit{Bebas nyeri}} \\
\cline{3-4}
			                        	 	&			& Ya 	& Tidak 	                  & Jumlah \\
\cline{2-5}
							& Perlakuan 	& 10	 	& 33		                  & 43 \\
\raisebox{1.5ex}[0pt]{\emph{Kelompok}} & Kontrol	 	& 2	 	& 44 	 	                  & 46 \\
\cline{2-5}
							& Jumlah		& 12		& 77		                  & 89
\end{tabular}
\end{minipage}

\begin{quote}
\small\textit{Deskripsi tekstual: Pada skema telinga dalam artikel asli,
titik M berada di dekat bagian bawah depan daun telinga, sedangkan titik S
berada di bagian tengah atas. Artikel tersebut membedakan area akupunktur
yang sesuai (M) dan yang tidak sesuai (S) untuk menangani serangan migrain.
Gambar pihak ketiga tidak disertakan dalam edisi turunan ini.}
\end{quote}
\begin{parts}
\item Berapa persen pasien dalam kelompok perlakuan yang bebas nyeri 24 jam
setelah menerima akupunktur?
\item Berapa persen pasien dalam kelompok kontrol yang bebas nyeri?
\item Kelompok mana yang memiliki persentase pasien bebas nyeri lebih tinggi 24 jam
setelah menerima akupunktur?
\item Temuan Anda sejauh ini mungkin menunjukkan bahwa akupunktur merupakan terapi
yang efektif bagi semua orang yang menderita migrain. Namun, ini bukan satu-satunya
kesimpulan yang dapat ditarik berdasarkan temuan Anda sejauh ini. Apa satu
penjelasan lain yang mungkin atas perbedaan teramati antara persentase
pasien yang bebas nyeri 24 jam setelah menerima akupunktur pada kedua kelompok?
\end{parts}
}{}
","[""18223f28-a74d-5f9f-a586-6c3ab2bbef1f"",""5e3e3e1d-d971-53de-98b9-f47c833ea058""]"
4a461cc5-57b3-5771-9b88-c4b7f9e26915,c9faaa37-1ac5-54ae-b62f-1556d2b63374,4,prose,en,ch_intro_to_data/TeX/ch_intro_to_data.tex,107,123,101802fff512c8aa3ffe47804085e1e61701558d932312be1b3ef8d525065932,id-ID,repo/ch_intro_to_data/TeX/ch_intro_to_data.tex,107,123,63427073430c4abc39777dd9af721cd2bb2ce3608461ff0e6e14ab485a675a22,translated,"Kita dapat menghitung statistik ringkasan dari tabel tersebut.
Sebuah \term{statistik ringkasan}%
\index{statistik|seealso{statistik ringkasan}}
adalah satu bilangan yang merangkum
sejumlah besar data.
Sebagai contoh, hasil utama penelitian setelah 1~tahun
dapat dijelaskan dengan dua statistik ringkasan:
proporsi orang yang mengalami strok dalam kelompok perlakuan
dan kelompok kontrol.
\begin{itemize}
\setlength{\itemsep}{0mm}
\item[] Proporsi yang mengalami strok dalam kelompok perlakuan (stent): $45/224 = 0.20 = 20\%$.
\item[] Proporsi yang mengalami strok dalam kelompok kontrol: $28/227 = 0.12 = 12\%$.
\end{itemize}
Dua statistik ringkasan ini berguna untuk mencari perbedaan antarkelompok, dan kita menemukan sesuatu yang mengejutkan: terdapat tambahan 8\% pasien yang mengalami strok dalam kelompok perlakuan! Hal ini penting karena dua alasan. Pertama, hasil tersebut bertentangan dengan harapan dokter bahwa stent akan \emph{menurunkan} angka kejadian strok. Kedua, hasil tersebut memunculkan pertanyaan statistik: apakah data menunjukkan perbedaan yang ``nyata'' antara kedua kelompok?

Pertanyaan kedua ini cukup rumit. Misalkan Anda melempar koin 100 kali. Walaupun peluang koin menunjukkan sisi kepala pada setiap lemparan adalah 50\%, kemungkinan besar kita tidak akan mengamati tepat 50 sisi kepala. Fluktuasi semacam ini merupakan bagian dari hampir semua proses pembangkitan data. Perbedaan 8\% dalam penelitian stent mungkin saja disebabkan oleh variasi alami ini. Namun, semakin besar perbedaan yang kita amati (untuk ukuran sampel tertentu), semakin sulit dipercaya bahwa perbedaan tersebut terjadi karena kebetulan. Jadi, pertanyaan yang sebenarnya kita ajukan adalah: apakah perbedaannya sedemikian besar sehingga kita harus menolak anggapan bahwa perbedaan tersebut terjadi karena kebetulan?
","[""18223f28-a74d-5f9f-a586-6c3ab2bbef1f""]"
4ae77186-ab13-5809-afea-e21d979ced27,3d7fc080-b542-5ce0-bc46-480b7738b62b,1,exercise,en,ch_intro_to_data/TeX/sampling_principles_and_strategies.tex,133,145,a791265c5111df914f5e1e34db017265f2812a2de681dd3367416b28bb662d58,id-ID,repo/ch_intro_to_data/TeX/sampling_principles_and_strategies.tex,130,143,f0a695f2f223303ae6bb2e19903b1fc05b4492468f3dbf662be67b6345ac8835,translated,"\eoce{\qt{Usulan hunian di berbagai asrama\label{housing_proposal_dorms}} Di sebuah 
kampus besar, mahasiswa tahun pertama dan kedua tinggal di asrama di bagian 
timur kampus, sedangkan mahasiswa tahun ketiga dan keempat tinggal di asrama 
di bagian barat. Misalkan Anda ingin mengumpulkan pendapat mahasiswa tentang 
struktur hunian baru yang diusulkan pengelola perguruan tinggi dan ingin 
memastikan bahwa survei mewakili pendapat mahasiswa dari setiap angkatan 
secara setara.
\begin{parts}
\item Jenis studi apakah ini?
\item Usulkan strategi pengambilan sampel untuk melaksanakan studi ini.
\end{parts}
}{}

% 21
","[""18223f28-a74d-5f9f-a586-6c3ab2bbef1f""]"
4b791333-be12-5551-8066-5eefa52f93a3,8953f299-909a-5500-9c5f-46b560e50081,1,subsection_prose,en,ch_summarizing_data/TeX/ch_summarizing_data.tex,650,764,cb16cc46921971e35273d180159458d58426f6c4356ae2b01b47427df2e0de14,id-ID,repo/ch_summarizing_data/TeX/ch_summarizing_data.tex,633,741,7b73fb49eb70a62fdb7f6b98a6d7c946343fbc63e44017951e12f16d387b7eff,language_reviewed,"\subsection{Varians dan simpangan baku}
\label{variability}

Rata-rata diperkenalkan sebagai cara untuk menggambarkan pusat
kumpulan data. \indexthis{Variabilitas}{variabilitas} data juga
penting. Di sini kita memperkenalkan dua ukuran variabilitas:
varians dan simpangan baku.
Keduanya sangat berguna dalam analisis data, walaupun rumusnya
agak melelahkan jika dihitung dengan tangan.
Di antara keduanya, simpangan baku lebih mudah dipahami dan secara
kasar menggambarkan seberapa jauh pengamatan tipikal dari rata-rata.

Jarak suatu pengamatan dari rata-ratanya disebut
\term{simpangan}. Berikut adalah simpangan pengamatan ke-$1$,
ke-$2$, ke-$3$, dan ke-$50$ dalam variabel
\var{interest\us{}rate}:
\begin{align*}
x_1^{}-\bar{x} &= \loanA - \loanAvg{} = \loanAdev \hspace{5mm}\text{ } \\
x_2^{}-\bar{x} &= \loanB - \loanAvg{} = \loanBdev \\
x_3^{}-\bar{x} &= \loanC - \loanAvg{} = \loanCdev \\
			&\ \vdots \\
x_{50}^{}-\bar{x} &= \loanZ - \loanAvg{} = \loanZdev
\end{align*}
Jika simpangan-simpangan ini dikuadratkan lalu dirata-ratakan,
hasilnya sama dengan \term{varians} sampel
\label{varianceIsDefined}, yang dilambangkan dengan $s_{}^2$:
\begin{align*}
s_{}^2 &= \frac{(\loanAdev)_{}^2 + (\loanBdev)_{}^2 + (\loanCdev)_{}^2 + \cdots + (\loanZdev)_{}^2}{\loanN{}-1} \\
	&= \frac{0.45 + 2.72 + 216.97 + \cdots + 30.14}{49} \\
	&= \loanVar{}
\end{align*}
Ketika menghitung varians sampel, kita membagi dengan $n - 1$,
bukan dengan $n$. Ada nuansa matematis di balik pilihan ini,
tetapi hasil akhirnya adalah statistik yang sedikit lebih andal
dan lebih berguna.

Perhatikan bahwa menguadratkan simpangan menghasilkan dua hal.
Pertama, nilai yang besar menjadi relatif jauh lebih besar,
seperti terlihat dengan membandingkan $(\loanAdev)^2$,
$(\loanBdev)^2$, $(\loanCdev)^2$, dan $(\loanZdev)^2$.
Kedua, semua tanda negatif hilang.

Ukuran \term{simpangan baku} didefinisikan sebagai akar kuadrat varians:
\begin{align*}
s = \sqrt{\loanVar{}} = \loanSD{}
\end{align*}
Walaupun sering dihilangkan, subskrip $_x$ dapat ditambahkan pada
varians dan simpangan baku, yakni $s_x^2$ dan $s_x^{}$, jika
berguna sebagai pengingat bahwa keduanya merupakan varians dan
simpangan baku pengamatan yang dinyatakan oleh $x_1^{}$,
$x_2^{}$, ..., $x_n^{}$.

\begin{onebox}{Varians dan simpangan baku}
  Varians adalah rata-rata kuadrat jarak dari rata-rata.
  Simpangan baku adalah akar kuadrat varians.
  Simpangan baku berguna untuk menilai seberapa jauh data tersebar
  dari rata-rata.\vspace{3mm}

  Simpangan baku menyatakan simpangan tipikal pengamatan dari
  rata-rata. Biasanya sekitar 70\% data berada dalam satu simpangan
  baku dari rata-rata dan sekitar 95\% berada dalam dua simpangan
  baku. Namun, sebagaimana terlihat dalam
  Gambar~\ref{sdRuleForIntRate} dan~\ref{severalDiffDistWithSdOf1},
  persentase ini bukan aturan mutlak.
\end{onebox}

Seperti rata-rata, nilai populasi untuk varians dan simpangan baku
mempunyai lambang khusus: $\sigma_{}^2$ untuk varians dan $\sigma$
untuk simpangan baku.
Simbol $\sigma$\index{Yunani!sigma@sigma ($\sigma$)} adalah huruf
Yunani \emph{sigma}.

\begin{figure}[h]
  \centering
  \Figure
    [Ditampilkan diagram titik berisi 50 pengamatan dengan nilai sekitar 5\% hingga 26\%. Kumpulan datanya sama dengan diagram titik dalam Gambar~\ref{loan_int_rate_dot_plot}: data lebih padat antara 5\% dan sekitar 11\%, berkepadatan sedang antara sekitar 12\% dan 20\%, lalu beberapa nilai lagi tersebar dalam rentang 20\% hingga 27\%. Arsiran menunjukkan wilayah dalam 1, 2, dan 3 simpangan baku. Wilayah dalam 1 simpangan baku membentang dari 6.5\% hingga 16.7\% dan mencakup 34 dari 50 titik data. Wilayah dalam 2 simpangan baku membentang ke kiri melampaui grafik (seharusnya mulai sekitar 1.4\%) hingga 21.8\% dan mencakup 48 dari 50 titik data. Wilayah simpangan baku ketiga ditampilkan hingga 26.9\%, dan seluruh 50 pengamatan tercakup dalam 3 simpangan baku.]
    {0.73}{sdRuleForIntRate}
  \caption{Untuk variabel \var{interest\us{}rate},
      34 dari 50 pinjaman (68\%) mempunyai suku bunga dalam
      1~simpangan baku dari rata-rata, dan 48 dari 50 pinjaman
      (96\%) mempunyai suku bunga dalam 2~simpangan baku.
      Biasanya sekitar 70\% data berada dalam 1~simpangan baku
      dari rata-rata dan 95\% berada dalam 2~simpangan baku,
      walaupun ini sama sekali bukan aturan mutlak.}
  \label{sdRuleForIntRate}
\end{figure}

%\begin{onebox}{How to think about the standard deviation}
%  The standard deviation represents the typical deviation
%  of observations from the mean.
%  Usually about 70\% of the data will be within one standard
%  deviation of the mean and about 95\% will be within two
%  standard deviations.
%  However, as seen in Figures~\ref{sdRuleForIntRate}
%  and~\ref{severalDiffDistWithSdOf1}, these percentages are
%  not strict rules.
%\end{onebox}

\begin{figure}
  \centering
  \Figure
    [Ditampilkan tiga histogram (atas, tengah, bawah). Setiap distribusi juga memuat arsiran: abu-abu gelap antara -1 dan 1, abu-abu lebih muda antara -2 dan 2, abu-abu muda antara -3 dan 3, lalu abu-abu sangat muda di luarnya. Diagram atas hanya mempunyai dua interval kelas bernilai tak nol dengan tinggi sama, masing-masing pada -1 dan 1. Diagram tengah membentuk kurva lonceng; sebagian besar interval kelas yang tinggi berada antara -1 dan 1, tinggi sedang berada antara -2 dan -1 serta antara 1 dan 2, lalu data makin jarang pada kedua arah dengan nilai yang terus mengecil. Histogram bawah tidak mempunyai data di bawah sekitar -1.6; nilainya naik cepat ke puncak sekitar -0.7, lalu turun perlahan hingga sekitar setengah tinggi maksimum pada 1 dan terus mengecil hingga posisi horizontal 3 dan seterusnya.]
    {0.6}{severalDiffDistWithSdOf1}
  \caption{Tiga distribusi populasi yang sangat berbeda dengan
      rata-rata $\mu=0$ dan simpangan baku $\sigma=1$ yang sama.}
  \label{severalDiffDistWithSdOf1}
\end{figure}

\begin{exercisewrap}
","[""18223f28-a74d-5f9f-a586-6c3ab2bbef1f""]"
4cc86dfd-b7ac-5f57-b267-29e7cf50dffb,8cd11f37-e330-56f8-96c4-18968b901319,1,guided_exercise,en,ch_summarizing_data/TeX/ch_summarizing_data.tex,528,534,1643e9fa6bf7a1848555cd6eb4268e1c77f33509b14b77241e70e51c963f16b9,id-ID,repo/ch_summarizing_data/TeX/ch_summarizing_data.tex,519,525,2bdd211218423fc482cdf9e376e1527e71cedd2928a82cb4485fcf6a176d5483,translated,"\begin{nexercise}
Perhatikan diagram titik dalam
Gambar~\ref{loan_int_rate_dot_plot}
dan~\ref{loan_int_rate_dot_plot_stacked}.
Dapatkah Anda melihat kemencengan data? Apakah kemencengan lebih
mudah dilihat pada histogram ini atau pada diagram titik?\footnotemark{}
\end{nexercise}
","[""18223f28-a74d-5f9f-a586-6c3ab2bbef1f""]"
4d42aa6a-6c34-5206-8dde-23fddf9f892f,0135feda-7bfb-5aa7-b3cb-0ad3ada718b2,1,exercise,en,ch_summarizing_data/TeX/examining_numerical_data.tex,25,38,081e8a69731e0b9fe810067b3c62637f5a60982c5efad0b683fa4b4abf6a018c,id-ID,repo/ch_summarizing_data/TeX/examining_numerical_data.tex,28,41,32841b2c075a60285cc620ba16c6a79d515a1e3f5aa5b5d66d9962069b8d3362,translated,"\eoce{\qt{Asosiasi\label{association_plots}}
Tentukan diagram mana yang menunjukkan
(a)~asosiasi positif,
(b)~asosiasi negatif, atau
(c)~tidak ada asosiasi.
Tentukan juga apakah asosiasi positif dan negatif tersebut
linear atau nonlinear.
Setiap bagian dapat merujuk pada lebih dari satu diagram.
\begin{center}
\Figures[Empat diagram pencar ditampilkan dan diberi label 1, 2, 3, dan 4. Sumbu-sumbunya tidak berlabel karena hanya pola titik pada diagram yang penting untuk latihan ini. Pada diagram 1, titik-titik cukup mengelompok di sudut kiri bawah dan tetap mengelompok ketika bergerak ke kanan, dengan pola yang naik secara teratur menuju sudut kanan atas. Pada diagram 2, titik-titik tampak tersebar hampir secara acak di seluruh daerah gambar berbentuk persegi panjang. Diagram 3 menunjukkan titik-titik yang mengelompok rapat di sudut kiri bawah dan tetap mengelompok ketika bergerak ke kanan, dengan pola yang mula-mula naik secara bertahap lalu semakin curam ketika mencapai sisi kanan diagram. Pada bagian kiri diagram 4, data cukup mengelompok di sudut kiri atas, lalu menurun secara teratur menuju sudut kanan bawah.]{0.95}{eoce/association_plots}{association_plots}
\end{center}
}{}

% 3
","[""18223f28-a74d-5f9f-a586-6c3ab2bbef1f""]"
4d5fa75b-1b47-5ae0-8ee5-fc22f58cb8b5,c9faaa37-1ac5-54ae-b62f-1556d2b63374,2,prose,en,ch_intro_to_data/TeX/ch_intro_to_data.tex,46,61,ff09352d5c69644bf58ca3302ca8f5be71760f0c9e0de273a18c112a5d52dd0f,id-ID,repo/ch_intro_to_data/TeX/ch_intro_to_data.tex,46,61,e3916e3bdd1bedb34c914bd5fa105617e62e7b192f22a624d4be9e85ab8ae2e0,translated,"Bagian~\ref{basicExampleOfStentsAndStrokes} memperkenalkan tantangan klasik dalam statistika: mengevaluasi efektivitas suatu penanganan medis. Istilah-istilah dalam bagian ini, dan bahkan sebagian besar isi bab ini, akan dibahas kembali nanti. Untuk saat ini, tujuannya hanyalah memperoleh gambaran tentang peran statistika dalam praktik.

Dalam bagian ini kita akan meninjau sebuah eksperimen yang mengkaji efektivitas stent dalam menangani pasien yang berisiko mengalami strok.
Stent adalah alat yang ditempatkan di dalam pembuluh darah untuk membantu pemulihan pasien setelah kejadian kardiak serta mengurangi risiko serangan jantung berikutnya atau kematian. Banyak dokter berharap stent akan memberikan manfaat serupa bagi pasien yang berisiko mengalami strok. Kita mulai dengan menuliskan pertanyaan utama yang hendak dijawab oleh para peneliti:
\begin{quote}
Apakah penggunaan stent mengurangi risiko strok?
\end{quote}

Para peneliti tersebut melakukan eksperimen terhadap 451 pasien berisiko. Setiap pasien sukarelawan dialokasikan secara acak ke salah satu dari dua kelompok:
\begin{itemize}
\item[]\termsub{Kelompok perlakuan}{kelompok perlakuan}. Pasien dalam kelompok perlakuan menerima stent dan penatalaksanaan medis. Penatalaksanaan medis tersebut mencakup pemberian obat, pengelolaan faktor risiko, dan bantuan untuk mengubah gaya hidup.
\item[]\termsub{Kelompok kontrol}{kelompok kontrol}. Pasien dalam kelompok kontrol menerima penatalaksanaan medis yang sama seperti kelompok perlakuan, tetapi tidak menerima stent.
\end{itemize}
Para peneliti mengalokasikan secara acak 224 pasien ke kelompok perlakuan dan 227 pasien ke kelompok kontrol. Dalam penelitian ini, kelompok kontrol menjadi titik acuan untuk mengukur dampak medis stent pada kelompok perlakuan.

Para peneliti mempelajari efek stent pada dua waktu: 30~hari setelah pendaftaran dan 365~hari setelah pendaftaran. Hasil untuk 5 pasien dirangkum dalam Gambar~\ref{stentStudyResultsDF}. Luaran pasien dicatat sebagai ``strok'' atau ``tidak ada kejadian'', yang menunjukkan apakah pasien mengalami strok hingga akhir suatu periode waktu.
","[""18223f28-a74d-5f9f-a586-6c3ab2bbef1f""]"
52e9cbc2-31e0-530f-8398-15c06eaa3a7d,79b67f35-3460-585e-b91d-f1c7f8a7662f,1,subsection_prose,en,ch_summarizing_data/TeX/ch_summarizing_data.tex,1344,1460,4766d658e8d9f2abe88159242b5dd48ec92c7f8febc7cd3aeb8353064597067e,id-ID,repo/ch_summarizing_data/TeX/ch_summarizing_data.tex,1289,1405,cb52af4134ae828b0ad34c6512aa67a55d2ef555dc1af4306d2e60303529c875,translated,"\subsection{Tabel kontingensi dan diagram batang}

\newcommand{\loanapphomeAA}{3496}
\newcommand{\loanapphomeAB}{3839}
\newcommand{\loanapphomeAC}{1170}
\newcommand{\loanapphomeAD}{8505}
\newcommand{\loanapphomeBA}{362}
\newcommand{\loanapphomeBB}{950}
\newcommand{\loanapphomeBC}{183}
\newcommand{\loanapphomeBD}{1495}
\newcommand{\loanapphomeDA}{3858}
\newcommand{\loanapphomeDAPt}{0.3858} % Overall frequency
\newcommand{\loanapphomeDB}{4789}
\newcommand{\loanapphomeDC}{1353}
\newcommand{\loanapphomeDD}{10000}
\newcommand{\loanapphomeN}{\loanapphomeDD{}}

Gambar~\ref{loan_home_app_type_totals} merangkum dua variabel:
\var{app\us{}type}
%\footnote{For those readers already familiar
%  with \emph{joint probabilities}, \resp{joint} in the table
%  refers to a level of the \var{app\us{}type} variable
%  for a joint application.
%  The does not refer to a joint probability!}
dan \var{homeownership}.
Tabel yang merangkum data untuk dua variabel kategoris dengan cara ini
disebut \term{tabel kontingensi}.
Setiap nilai dalam tabel menyatakan berapa kali kombinasi hasil variabel
tertentu muncul.
Sebagai contoh, nilai \loanapphomeAA{} menyatakan banyaknya pinjaman
dalam himpunan data ketika peminjam menyewa rumahnya
dan jenis pengajuannya adalah perorangan.
Total baris dan kolom juga disertakan.
\term{Total baris} \index{contingency table!row totals}
memberikan jumlah keseluruhan pada setiap baris
(misalnya $\loanapphomeAA{} + \loanapphomeAB{} +
  \loanapphomeAC{} = \loanapphomeAD{}$),
sedangkan \term{total kolom} \index{contingency table!column totals}
merupakan jumlah keseluruhan pada setiap kolom.
Kita juga dapat membuat tabel yang hanya menampilkan
persentase atau proporsi keseluruhan untuk setiap kombinasi kategori,
atau membuat tabel untuk satu variabel saja,
seperti yang ditampilkan pada Gambar~\ref{loan_homeownership_totals}
untuk variabel \var{homeownership}.

\begin{figure}[ht]
\centering
\begin{tabular}{ll  ccc  rr}
  & & \multicolumn{3}{c}{\bf \var{homeownership}} & \\
  \cline{3-5}
  & & sewa & hipotek & milik & Total & \hspace{2mm}\  \\ 
  \cline{2-6}
  & perorangan &
      \loanapphomeAA{} &
      \loanapphomeAB{} &
      \loanapphomeAC{} &
      \loanapphomeAD{} \\
  \raisebox{1.5ex}[0pt]{\var{app\us{}type}} &
  bersama &
      \loanapphomeBA{} &
      \loanapphomeBB{} &
	  \loanapphomeBC{} &
	  \loanapphomeBD{} \\
  \cline{2-6}
  & Total &
      \loanapphomeDA{} &
      \loanapphomeDB{} &
      \loanapphomeDC{} &
      \loanapphomeDD{} \\
  \cline{2-6}
\end{tabular}
\caption{Tabel kontingensi untuk
    \var{app\us{}type} dan \var{homeownership}.}
\label{loan_home_app_type_totals}
%library(openintro); library(xtable); tab <- table(loans_full_schema[,c(""application_type"", ""homeownership"")])[, c(""RENT"", ""MORTGAGE"", ""OWN"")]; xtable(tab); rowSums(tab); colSums(tab); sum(tab)
\end{figure}

\begin{figure}[htb]
\centering
\begin{tabular}{lc}
  \hline
  \var{homeownership} & Frekuensi \\
  \hline
  sewa & \loanapphomeDA{} \\ 
  hipotek & \loanapphomeDB{} \\ 
  milik & \loanapphomeDC{} \\ 
  \hline
  Total & \loanapphomeDD{} \\ 
  \hline
\end{tabular}
\caption{Tabel yang merangkum frekuensi setiap
    nilai variabel \var{homeownership}.}
\label{loan_homeownership_totals}
\end{figure}

Diagram batang merupakan cara yang lazim untuk menampilkan satu
variabel kategoris.
Panel kiri Gambar~\ref{loan_homeownership_bar_plot}
menampilkan \term{diagram batang} untuk variabel \var{homeownership}.
Pada panel kanan, frekuensi diubah menjadi proporsi,
yang menunjukkan proporsi pengamatan pada setiap kategori
(misalnya $\loanapphomeDA{} / \loanapphomeDD{} = 0.3858$ untuk
  \resp{rent}).

\begin{figure}[h]
  \centering
  \Figure[Dua diagram batang ditampilkan, masing-masing disebut diagram kiri dan diagram kanan. Diagram kiri menempatkan ""Kepemilikan rumah"" pada sumbu horizontal dan ""Frekuensi"" pada sumbu vertikal. Setiap kategori kepemilikan rumah mempunyai satu ""batang"" (berbentuk persegi panjang tinggi yang bertumpu pada sumbu horizontal), dengan tinggi sesuai frekuensinya dalam himpunan data. Sebagai contoh, batang ""sewa"" membentang dari sumbu horizontal sampai frekuensi sekitar 3900. Batang ""hipotek"" mencapai sekitar 4700, dan batang ""milik"" mencapai sekitar 1300. Diagram kanan tampak sangat serupa dengan diagram kiri, tetapi sumbu vertikalnya berlabel ""Proporsi"" dan menyatakan proporsi kasus, bukan frekuensi (jumlah). Nilai pada diagram ini adalah sekitar 0.39 untuk sewa, sekitar 0.47 untuk hipotek, dan sekitar 0.13 untuk milik.]
    {0.9}{loan_homeownership_bar_plot}
  \caption{Dua diagram batang untuk \var{homeownership}.
      Panel kiri menunjukkan frekuensi, sedangkan panel kanan
      menunjukkan proporsi setiap kelompok.}
  \label{loan_homeownership_bar_plot}
\end{figure}


\D{\newpage}

","[""18223f28-a74d-5f9f-a586-6c3ab2bbef1f""]"
56aeaa91-9f5a-54db-90e5-79aa540b0a5c,6fd54b2a-6a51-5f71-8a7b-fd2a10a6ab5d,1,exercise,en,ch_intro_to_data/TeX/review_exercises.tex,80,110,4f4a365b1c5a32b9996bab7009cef01bb98db0a0865b8958ca5d7125f39fd05f,id-ID,repo/ch_intro_to_data/TeX/review_exercises.tex,81,107,3a67030a18fe5a7f718ec468064419c499fd7b5b60972084cfe914d916d8d2ae,translated,"\eoce{\qt{Survei dewan kota\label{city_council_survey}}
Sebuah dewan kota meminta agar survei rumah tangga dilakukan
di wilayah pinggiran kotanya.
Wilayah tersebut terbagi menjadi banyak lingkungan yang berbeda-beda:
sebagian berisi rumah besar, sebagian hanya apartemen, dan sebagian lainnya
memiliki campuran struktur hunian yang beragam.
Untuk setiap bagian di bawah ini, tentukan metode pengambilan sampel yang
dijelaskan, lalu uraikan kelebihan dan kekurangan statistik metode tersebut
dalam konteks kota ini.
\begin{parts}
\item
    Ambil sampel acak 200 rumah tangga dari kota tersebut.
\item
    Bagi kota menjadi 20 lingkungan, lalu ambil sampel 10 rumah tangga
    dari setiap lingkungan.
\item
    Bagi kota menjadi 20 lingkungan, ambil sampel acak 3 lingkungan,
    lalu ambil semua rumah tangga dari ketiga lingkungan tersebut sebagai sampel.
\item
    Bagi kota menjadi 20 lingkungan, ambil sampel acak 8 lingkungan,
    lalu ambil sampel acak 50 rumah tangga dari lingkungan-lingkungan tersebut.
\item
    Ambil 200 rumah tangga yang paling dekat dengan kantor dewan kota sebagai sampel.
\end{parts}
}{}

% 39
","[""18223f28-a74d-5f9f-a586-6c3ab2bbef1f""]"
58c3e2ce-d4c7-5977-a38e-24292984be68,aa0c130d-cb84-5a06-b650-6dc25cefd73c,1,public_appendix_solution,en,extraTeX/eoceSolutions/eoceSolutions.tex,123,134,c799f55c424658e8fd91e42963be2e5f13b776cbf60296c918baa34e5bb15ec0,id-ID,repo/extraTeX/eoceSolutions/eoceSolutions.tex,131,145,bd49b4f687003679754bb33a817f87af6180c0b8eb7c4b85ddef9656f9c54671,translated,"% 25

\eocesol{(a)~Kasusnya adalah 200 peserta dari kalangan laki-laki dan perempuan
yang diambil sebagai sampel acak.
(b)~Variabel responsnya adalah sikap terhadap sebuah oven gelombang mikro fiktif.
(c)~Variabel penjelasnya adalah sikap disposisional.
(d)~Ya, kasus-kasus tersebut diambil secara acak.
(e)~Ini adalah studi observasional karena tidak ada penugasan acak ke 
perlakuan.
(f)~Tidak, kita tidak dapat menetapkan hubungan kausal antara variabel 
penjelas dan variabel respons karena studi ini bersifat observasional.
(g)~Hasil hanya dapat digeneralisasikan ke populasi yang tercakup dalam
kerangka asal pemilihan 200 peserta. Soal tidak menyebutkan kerangka tersebut,
sehingga generalisasi ke populasi yang lebih luas tidak dapat
dipastikan.}
","[""18223f28-a74d-5f9f-a586-6c3ab2bbef1f""]"
5a436845-190c-5387-9a5e-702e4f02c724,20b13ee4-e03c-53fa-ae0f-d8eee0d4f258,1,public_appendix_solution,en,extraTeX/eoceSolutions/eoceSolutions.tex,265,276,e23470c1e142d079d22bd20ffb69a7bf777b01a8b667922918f28744459157ff,id-ID,repo/extraTeX/eoceSolutions/eoceSolutions.tex,279,291,8dbdbe4e72805fa68a0ff2374d94cc34db9b6b5e4d5a7135b8a5e42bc14902e2,translated,"% 9

\eocesol{(a)~Distribusi~2 memiliki rata-rata yang lebih tinggi karena $20 > 13$, dan simpangan 
baku yang lebih tinggi karena 20 lebih jauh dari data lainnya daripada 13.
(b)~Distribusi~1 memiliki rata-rata yang lebih tinggi karena $-20 > -40$, sedangkan 
Distribusi~2 memiliki simpangan baku yang lebih tinggi karena -40 lebih jauh dari data 
lainnya daripada -20.
(c)~Distribusi~2 memiliki rata-rata yang lebih tinggi karena semua nilai dalam distribusi 
ini lebih tinggi daripada nilai-nilai dalam Distribusi~1, tetapi kedua distribusi memiliki 
simpangan baku yang sama karena keduanya sama-sama bervariasi di sekitar rata-ratanya masing-masing.
(d)~Kedua distribusi memiliki rata-rata yang sama karena sama-sama berpusat pada 300, tetapi 
Distribusi~2 memiliki simpangan baku yang lebih tinggi karena pengamatannya lebih jauh dari 
rata-rata daripada pengamatan dalam Distribusi~1.}
","[""18223f28-a74d-5f9f-a586-6c3ab2bbef1f""]"
5a6c196b-2020-583b-88c9-0c3186697177,9cf167d5-4320-5a32-b56f-605c6e7ff489,1,section_body,en,ch_intro_to_data/TeX/ch_intro_to_data.tex,145,798,43f96db3f3f26604bbc7f5f2270d34b44716f10ab82ff3624ccef10e3c18cc66,id-ID,repo/ch_intro_to_data/TeX/ch_intro_to_data.tex,145,773,5989adfb5e3bb43cce0646f745a813170c20c7311442fceff45a9660be3515c6,translated,"\section{Dasar-dasar data}
\label{dataBasics}

Pengorganisasian dan pendeskripsian data secara efektif merupakan langkah
awal dalam sebagian besar analisis.
Bagian ini memperkenalkan \emph{matriks data} untuk mengorganisasi data,
serta sejumlah istilah bagi berbagai bentuk data yang akan digunakan
di sepanjang buku ini.

\subsection{Observasi, variabel, dan matriks data}

\index{data!loan50|(}

Gambar~\ref{loan50DF} menampilkan baris 1, 2, 3, dan 50 dari himpunan data
50 pinjaman yang diambil sebagai sampel acak dari pinjaman yang ditawarkan
melalui Lending Club, sebuah perusahaan pinjaman antarpengguna.
Observasi-observasi ini selanjutnya disebut sebagai himpunan data
\data{loan50}.

Setiap baris pada tabel mewakili satu pinjaman.
Nama formal bagi sebuah baris adalah \term{kasus}
atau \term{unit observasi}\index{unit observasi}.
Kolom-kolomnya mewakili karakteristik setiap pinjaman,
yang disebut \termsub{variabel}{variabel}.
Sebagai contoh, baris pertama mewakili pinjaman sebesar \$22,000 dengan tingkat bunga 10.90\%; peminjamnya berdomisili di New Jersey (NJ) dan berpendapatan \$59,000.

\begin{exercisewrap}
\begin{nexercise}
Apa peringkat pinjaman pertama pada Gambar~\ref{loan50DF}?
Dan bagaimana status kepemilikan rumah peminjam
untuk pinjaman pertama tersebut?
Untuk pertanyaan Latihan Terbimbing ini, Anda dapat memeriksa jawaban
di catatan kaki.\footnotemark{}
\end{nexercise}
\end{exercisewrap}
\footnotetext{Peringkat pinjaman tersebut adalah B,
  dan peminjam menyewa tempat tinggalnya.}

Dalam praktik, mengajukan pertanyaan klarifikasi sangatlah penting
untuk memastikan bahwa aspek-aspek penting data telah dipahami.
Misalnya, kita harus selalu memastikan bahwa kita mengetahui makna
setiap variabel dan satuan pengukurannya.
Deskripsi variabel-variabel \data{loan50} diberikan
pada Gambar~\ref{loan50Variables}.

\begin{figure}[h]
\centering
{\small
\begin{tabular}{ccc ccc cc} %c}
  \hline
   & \var{loan\us{}amount}
   & \var{interest\us{}rate}
   & \var{term} & \var{grade} & \var{state}
   & \var{total\us{}income}
   & \var{homeownership} \\
  \hline
  1 & 22000 & 10.90 & 60.00 & B & NJ & 59000.00 & rent \\ 
  2 & 6000 & 9.92 & 36.00 & B & CA & 60000.00 & rent \\ 
  3 & 25000 & 26.30 & 36.00 & E & SC & 75000.00 & mortgage \\
  %1 & 7500 & 7.34 & 36 & A & MD & 70000 & rent \\
  %2 & 25000 & 9.43 & 60 & B & OH & 254000 & mortgage \\
  %3 & 14500 & 6.08 & 36 & A & MO & 80000 & mortgage \\
  $\vdots$ & $\vdots$ & $\vdots$ & $\vdots$ & $\vdots$ & $\vdots$
      & $\vdots$ & $\vdots$ \\
  50 & 15000 & 6.08 & 36.00 & A & TX & 77500.00 & mortgage \\
  %50 & 3000 & 7.96 & 36 & A & CA & 34000 & rent \\
   \hline
\end{tabular}
}
\caption{Empat baris dari matriks data \data{loan50}.}
\label{loan50DF}
\end{figure}
% Dropped: state, verified_income
% library(openintro); vars <- c(""loan_amount"", ""interest_rate"", ""term"", ""grade"", ""state"", ""total_income"", ""homeownership""); library(xtable); data(loan50); loan50[c(1,2,3,50), vars]; xtable(loan50[c(1,2,3,50), vars])

\begin{figure}[h]
\centering\small
\begin{tabular}{lp{10.5cm}}
\hline
 {\bf variabel} & {\bf deskripsi} \\
\hline
\var{loan\us{}amount} & Jumlah pinjaman yang diterima,
    dalam dolar AS.  \\
\var{interest\us{}rate} & Tingkat bunga pinjaman,
    dalam persentase tahunan.  \\
\var{term} & Jangka waktu pinjaman, yang selalu dinyatakan
    sebagai bilangan bulat bulan. \\
\var{grade} & Peringkat pinjaman, yang bernilai A hingga G
    dan mencerminkan kualitas pinjaman serta kemungkinan
    pelunasannya.  \\
\var{state} & Negara bagian AS tempat peminjam berdomisili. \\
\var{total\us{}income} & Jumlah pendapatan peminjam,
    termasuk pendapatan tambahan apa pun, dalam dolar AS.   \\
\var{homeownership} & Menunjukkan apakah orang tersebut
    memiliki rumah tanpa hipotek, memiliki rumah dengan hipotek, atau menyewa.  \\
%\var{verified\us{}income} & Indicates whether the
%    income is verified, its source is verified but not the amount,
%    or it is not verified.   \\
\hline
\end{tabular}
\caption{Variabel dan deskripsinya dalam himpunan data \data{loan50}.}
\label{loan50Variables}
\end{figure}

\index{data!loan50|)}

Data pada Gambar~\ref{loan50DF} membentuk sebuah \term{matriks data},
yakni cara yang praktis dan lazim untuk mengorganisasi data,
terutama jika data dikumpulkan dalam lembar kerja.
Setiap baris matriks data bersesuaian dengan satu kasus
(unit observasi),
dan setiap kolom bersesuaian dengan satu variabel.
%A data matrix for the stroke study introduced in
%Section~\ref{basicExampleOfStentsAndStrokes} is shown
%in Figure~\vref{stentStudyResultsDF}, where the cases were
%patients and three variables were recorded for each
%patient.

Ketika mencatat data, gunakanlah matriks data kecuali terdapat
alasan yang sangat kuat untuk memakai struktur lain.
Struktur ini memungkinkan kasus baru ditambahkan sebagai baris
atau variabel baru sebagai kolom.

\begin{exercisewrap}
\begin{nexercise}
Nilai tugas, kuis, dan ujian dalam suatu mata kuliah sering
dicatat dalam buku nilai yang berbentuk matriks data.
Bagaimana Anda dapat mengorganisasi data nilai dengan menggunakan
matriks data?\footnotemark
\end{nexercise}
\end{exercisewrap}
\footnotetext{Ada beberapa strategi yang dapat digunakan.
  Salah satu strategi yang lazim adalah mewakili setiap mahasiswa dengan satu baris,
  lalu menambahkan satu kolom untuk setiap tugas, kuis, atau ujian.
  Dengan susunan ini, satu baris dapat ditinjau dengan mudah untuk memahami
  riwayat nilai seorang mahasiswa.
  Perlu pula disediakan kolom-kolom untuk informasi mahasiswa,
  misalnya satu kolom yang memuat nama mahasiswa.}

\index{data!county|(}

\begin{exercisewrap}
\begin{nexercise}\label{desc_county_as_data_matrix}%
Kita meninjau data untuk 3,142 county di Amerika Serikat,
yang mencakup nama setiap county,
negara bagiannya, populasinya pada 2017,
perubahan populasinya dari 2010 hingga 2017,
tingkat kemiskinan,
dan enam karakteristik tambahan.
Bagaimana data ini dapat diorganisasi dalam
sebuah matriks data?\footnotemark
\end{nexercise}
\end{exercisewrap}
\footnotetext{Setiap county dapat dipandang sebagai satu kasus,
  dan terdapat sebelas butir informasi yang dicatat untuk
  setiap kasus.
  Data ini dapat ditampung dalam tabel dengan 3,142 baris dan 11 kolom;
  setiap baris mewakili satu county dan setiap kolom mewakili
  satu butir informasi tertentu.}

Data yang dijelaskan dalam Latihan
Terbimbing~\ref{desc_county_as_data_matrix} membentuk himpunan data
\data{county}, yang ditampilkan sebagai matriks data
pada Gambar~\ref{countyDF}.
Variabel-variabelnya dirangkum pada Gambar~\ref{countyVariables}.

\begin{landscape}
\begin{figure}
\centering\small
\begin{tabular}{ccc ccc ccc ccc}
  \hline
 & \var{name} & \var{state} & \var{pop} & \var{pop\us{}change} & \var{poverty} & \var{homeownership} & \var{multi\us{}unit} & \var{unemp\us{}rate} & \var{metro} & \var{median\us{}edu} & \var{median\us{}hh\us{}income} \\ 
  \hline
1 & Autauga  & Alabama &  55504 &  1.48 & 13.7 & 77.5 &  7.2 & 3.86 & yes & some\us{}college & 55317 \\ 
  2 & Baldwin  & Alabama & 212628 &  9.19 & 11.8 & 76.7 & 22.6 & 3.99 & yes & some\us{}college & 52562 \\ 
  3 & Barbour  & Alabama &  25270 & -6.22 & 27.2 & 68.0 & 11.1 & 5.90 & no  & hs\us{}diploma   & 33368 \\ 
  4 & Bibb     & Alabama &  22668 &  0.73 & 15.2 & 82.9 &  6.6 & 4.39 & yes & hs\us{}diploma   & 43404 \\ 
  5 & Blount   & Alabama &  58013 &  0.68 & 15.6 & 82.0 &  3.7 & 4.02 & yes & hs\us{}diploma   & 47412 \\ 
  6 & Bullock  & Alabama &  10309 & -2.28 & 28.5 & 76.9 &  9.9 & 4.93 & no  & hs\us{}diploma   & 29655 \\ 
  7 & Butler   & Alabama &  19825 & -2.69 & 24.4 & 69.0 & 13.7 & 5.49 & no  & hs\us{}diploma   & 36326 \\ 
  8 & Calhoun  & Alabama & 114728 & -1.51 & 18.6 & 70.7 & 14.3 & 4.93 & yes & some\us{}college & 43686 \\ 
  9 & Chambers & Alabama &  33713 & -1.20 & 18.8 & 71.4 &  8.7 & 4.08 & no  & hs\us{}diploma   & 37342 \\ 
  10 & Cherokee & Alabama &  25857 & -0.60 & 16.1 & 77.5 &  4.3 & 4.05 & no  & hs\us{}diploma   & 40041 \\ 
  $\vdots$ & $\vdots$ & $\vdots$ & $\vdots$ & $\vdots$ & $\vdots$ & $\vdots$ & $\vdots$ & $\vdots$ & $\vdots$ & $\vdots$ & $\vdots$ \\
  3142 & Weston   & Wyoming &   6927 & -2.93 & 14.4 & 77.9 &  6.5 & 3.98 & no  & some\us{}college & 59605 \\ 
   \hline
\end{tabular}
\caption{Sebelas baris dari himpunan data \data{county}.}
\label{countyDF}
% library(openintro); data(county); county$name <- gsub("" County$"", """", county$name); county$pop <- county$pop2017; county$unemp_rate = county$unemployment_rate; these <- c(""name"", ""state"", ""pop"", ""pop_change"", ""poverty"", ""homeownership"", ""multi_unit"", ""unemp_rate"", ""metro"", ""median_edu"", ""median_hh_income""); county <- county[, these]; library(xtable); xtable(as.data.frame(lapply(rbind.data.frame(head(county, 10), tail(county, 1)), function(x) { format(x) })))
\end{figure}

\begin{figure}
\centering\small
\begin{tabular}{lp{11cm}}
\hline
{\bf variabel} & {\bf deskripsi} \\
\hline
\var{name} &
    Nama county. \\
\var{state} &
    Negara bagian tempat county berada,
    atau Distrik Columbia. \\
\var{pop} &
    Populasi pada 2017. \\
\var{pop\us{}change} &
    Persentase perubahan populasi dari 2010 hingga 2017.
    Sebagai contoh, nilai \resp{1.48} pada baris pertama
    berarti populasi county tersebut
    meningkat sebesar 1.48\% dari 2010 hingga 2017. \\
\var{poverty} &
    Persentase populasi yang hidup dalam kemiskinan. \\
\var{homeownership}  &
    Persentase populasi yang tinggal di rumah milik sendiri
    atau tinggal bersama pemiliknya, misalnya anak yang tinggal bersama orang tua
    pemilik rumah. \\
\var{multi\us{}unit}  &
    Persentase unit tempat tinggal yang berada dalam bangunan multiunit,
    misalnya apartemen. \\
\var{unemp\us{}rate} &
    Tingkat pengangguran dalam persen. \\
\var{metro} &
    Menunjukkan apakah county tersebut mencakup kawasan metropolitan. \\
\var{median\us{}edu} & Tingkat pendidikan median, yang
    dapat bernilai salah satu dari
    \resp{below\us{}hs},
    \resp{hs\us{}diploma},
    \resp{some\us{}college},
    dan \resp{bachelors}. \\
\var{median\us{}hh\us{}income} &
    Median pendapatan rumah tangga di county tersebut; pendapatan rumah tangga
    sama dengan jumlah pendapatan para penghuninya yang berusia
    15~tahun atau lebih. \\
%\var{per\us{}capita\us{}income} &
%    Per capita (per person) income for the county. \\
\hline
\end{tabular}
\centering
\caption{Variabel dan deskripsinya dalam himpunan data \data{county}.}
\label{countyVariables}
\end{figure}
\end{landscape}

\subsection{Jenis variabel}
\label{variableTypes}

Perhatikan variabel \var{unemp\us{}rate}, \var{pop}, \var{state},
dan \var{median\us{}edu} dalam himpunan data \data{county}.
Masing-masing variabel ini pada dasarnya berbeda dari ketiga variabel
lainnya, tetapi beberapa di antaranya memiliki karakteristik tertentu yang sama.

Pertama, perhatikan \var{unemp\us{}rate},
yang disebut variabel \term{numerik} karena dapat
mengambil beragam nilai numerik,
dan penjumlahan, pengurangan, atau pengambilan rata-rata
atas nilai-nilai tersebut masuk akal.
Sebaliknya, variabel yang mencatat kode area telepon tidak akan
kita klasifikasikan sebagai numerik karena rata-rata, jumlah, dan
selisih kode area tidak memiliki makna yang jelas.

Variabel \var{pop} juga bersifat numerik, meskipun tampak
sedikit berbeda dari \var{unemp\us{}rate}.
Variabel jumlah populasi ini hanya dapat mengambil bilangan bulat
nonnegatif (\resp{0}, \resp{1}, \resp{2}, ...).
Karena alasan ini, variabel populasi disebut \term{diskret}
sebab hanya dapat mengambil nilai numerik dengan lompatan tertentu.
Sebaliknya, variabel tingkat pengangguran disebut \term{kontinu}.

Variabel \var{state} dapat mengambil hingga 51 nilai jika
Washington, DC turut dihitung: \resp{AL}, \resp{AK}, ...,
dan \resp{WY}.
Karena responsnya sendiri berupa kategori,
\var{state} disebut variabel \term{kategoris},
dan nilai-nilai yang mungkin disebut \term{level} variabel tersebut.

Terakhir, perhatikan variabel \var{median\us{}edu},
yang menggambarkan tingkat pendidikan median penduduk county
dan mengambil nilai
\resp{below\us{}hs}, \resp{hs\us{}diploma},
\resp{some\us{}college}, atau \resp{bachelors}
di setiap county.
Variabel ini tampak sebagai gabungan: variabel tersebut bersifat kategoris,
tetapi level-levelnya memiliki urutan alami.
Variabel dengan sifat-sifat ini disebut variabel \term{ordinal},
sedangkan variabel kategoris biasa tanpa urutan khusus semacam ini
disebut variabel \term{nominal}.
Untuk menyederhanakan analisis, setiap variabel ordinal dalam buku ini
akan diperlakukan sebagai variabel kategoris nominal (tidak berurutan).

\begin{figure}[h]
  \centering
  \Figure
    [Pengelompokan variabel menurut jenisnya: ""semua variabel"" terbagi menjadi ""numerik"" dan ""kategoris"". Selanjutnya, ""numerik"" terbagi menjadi ""kontinu"" dan ""diskret"", sedangkan ""kategoris"" terbagi menjadi variabel ""nominal (kategoris tidak berurutan)"" dan ""ordinal (kategoris berurutan)"".]
    {0.57}{variables}
  \caption{Pengelompokan variabel menurut jenisnya.}
  \label{variables}
\end{figure}

\begin{examplewrap}
\begin{nexample}{Data dikumpulkan mengenai mahasiswa
    dalam suatu mata kuliah statistika.
    Tiga variabel dicatat untuk setiap mahasiswa:
    jumlah saudara kandung, tinggi badan mahasiswa, dan apakah
    mahasiswa tersebut pernah mengambil mata kuliah statistika.
    Klasifikasikan setiap variabel sebagai numerik kontinu,
    numerik diskret, atau kategoris.}
  Jumlah saudara kandung dan tinggi badan mahasiswa merupakan
  variabel numerik.
  Karena jumlah saudara kandung merupakan hitungan, variabel ini diskret.
  Tinggi badan bervariasi secara kontinu, sehingga merupakan variabel
  numerik kontinu.
  Variabel terakhir mengklasifikasikan mahasiswa ke dalam dua kategori
  -- yang pernah dan yang belum pernah mengambil mata kuliah statistika --
  sehingga variabel tersebut bersifat kategoris.
\end{nexample}
\end{examplewrap}

\begin{exercisewrap}
\begin{nexercise}\index{data!migrain}%
Sebuah eksperimen mengevaluasi efektivitas obat baru
untuk menangani migrain.
Variabel \var{group} digunakan untuk menunjukkan kelompok eksperimen
setiap pasien: perlakuan atau kontrol.
Variabel \mbox{\var{num\us{}migraines}} menyatakan jumlah
migrain yang dialami pasien selama periode 3 bulan.
\mbox{Klasifikasikan} setiap variabel sebagai numerik atau
kategoris.\footnotemark
\end{nexercise}
\end{exercisewrap}
\footnotetext{Variabel
  \var{group} hanya dapat mengambil salah satu dari dua nama kelompok,
  sehingga bersifat kategoris.
  Variabel \var{num\us{}migraines} menggambarkan
  hitungan jumlah migrain, yakni luaran yang dapat dikenai
  operasi aritmetika dasar secara bermakna; karena itu, luaran ini bersifat
  numerik. Lebih khusus lagi, karena menyatakan hitungan,
  \var{num\us{}migraines} merupakan variabel numerik diskret.}


\D{\newpage}

\subsection{Hubungan antarvariabel}
\label{variableRelations}

Banyak analisis berawal dari upaya peneliti mencari
hubungan antara dua variabel atau lebih.
Seorang ilmuwan sosial mungkin ingin menjawab beberapa
pertanyaan berikut:
\newcommand{\popchangevmedianhhincomequestion}[0]{
    % Note that this question is used to introduce the
    %explanatory / response variable topic.
    Apakah kenaikan populasi county yang melebihi rata-rata
    cenderung bersesuaian dengan county yang memiliki median
    pendapatan rumah tangga lebih tinggi atau lebih rendah?}%
\begin{enumerate}
\setlength{\itemsep}{0mm}
\item[(1)]\label{ownershipMultiUnitQuestion}
    Jika tingkat kepemilikan rumah di suatu county lebih rendah
    daripada rata-rata nasional, apakah persentase bangunan multiunit
    di county tersebut cenderung berada di atas atau di bawah rata-rata nasional?
\item[(2)]\label{pop_change_v_median_hh_income_question}
    \popchangevmedianhhincomequestion{}
    % Do counties with a higher median household income
    % tend to be growing faster or slower than other counties?
\item[(3)]\label{isAverageIncomeAssociatedWithSmokingBans}
    Seberapa bergunakah tingkat pendidikan median sebagai prediktor
    median pendapatan rumah tangga county di AS?
\end{enumerate}

Untuk menjawab pertanyaan-pertanyaan ini, data harus dikumpulkan, misalnya
himpunan data \data{county} yang ditampilkan pada Gambar~\ref{countyDF}.
Pemeriksaan statistik ringkasan \index{statistik ringkasan} dapat
memberikan wawasan bagi ketiga pertanyaan tentang county tersebut.
Selain itu, grafik dapat digunakan untuk menjelajahi data secara visual.

\indexthis{Diagram pencar}{diagram pencar} merupakan salah satu jenis grafik
yang digunakan untuk mempelajari hubungan antara dua variabel numerik.
Gambar~\ref{multiunitsVsOwnership} membandingkan variabel
\var{homeownership} dan
\var{multi\us{}unit},
yang merupakan persentase unit dalam bangunan multiunit
(misalnya apartemen dan kondominium).
Setiap titik pada diagram mewakili satu county.
Sebagai contoh, titik yang disorot bersesuaian dengan
County~413 dalam himpunan data \data{county}:
Chattahoochee County, Georgia, dengan 39.4\% unit
berada dalam bangunan multiunit dan tingkat kepemilikan rumah
sebesar 31.3\%.
Diagram pencar tersebut menunjukkan hubungan antara kedua
variabel: county dengan tingkat bangunan multiunit yang lebih tinggi
cenderung memiliki tingkat kepemilikan rumah yang lebih rendah.
Kita dapat memikirkan berbagai kemungkinan penyebab hubungan ini,
lalu menyelidiki setiap gagasan untuk menentukan penjelasan yang
paling masuk akal.

\begin{figure}[h]
  \centering
  \Figure
    [Diagram pencar ribuan county dengan persentase bangunan multiunit di setiap county pada sumbu horizontal dan tingkat kepemilikan rumah pada sumbu vertikal. Data kedua variabel berkisar dari 0\% hingga hampir 100\%. Secara umum, titik-titik jauh lebih terkonsentrasi di sudut kiri atas grafik, lalu cenderung menurun dan semakin jarang untuk observasi yang lebih jauh ke kanan. Satu titik diberi anotasi pada lokasi (39.4\%, 31.3\%).]
    {0.79}{multiunitsVsOwnership}
  \caption{Diagram pencar tingkat kepemilikan rumah terhadap persentase
      unit dalam bangunan multiunit untuk county di AS.
      Titik yang disorot mewakili Chattahoochee County, Georgia,
      yang memiliki tingkat bangunan multiunit 39.4\% dan tingkat kepemilikan rumah
      31.3\%.}
  \label{multiunitsVsOwnership}
\end{figure}

Tingkat bangunan multiunit dan kepemilikan rumah dikatakan
berasosiasi karena diagram menunjukkan pola yang dapat dikenali.
Jika dua variabel menunjukkan suatu keterkaitan satu sama lain,
keduanya disebut variabel yang \term{berasosiasi}.
Variabel yang berasosiasi juga dapat disebut variabel
\termsub{terikat}{variabel terikat},
dan sebaliknya.

\D{\newpage}

\begin{exercisewrap}
\begin{nexercise}
Perhatikan variabel-variabel dalam himpunan data \data{loan50},
yang dijelaskan pada Gambar~\vref{loan50Variables}.
Buatlah dua pertanyaan yang menarik bagi Anda tentang kemungkinan
hubungan antarvariabel dalam \data{loan50}.\footnotemark
\end{nexercise}
\end{exercisewrap}
\footnotetext{Dua contoh pertanyaan:
  (1)~Bagaimana hubungan antara jumlah pinjaman dan
      pendapatan total?
  (2)~Jika pendapatan seseorang berada di atas rata-rata, apakah
      tingkat bunganya cenderung berada di atas atau di bawah rata-rata?}

\begin{examplewrap}
\begin{nexample}{Contoh ini menelaah hubungan
    antara perubahan populasi suatu county
    dari 2010 hingga 2017
    dan median pendapatan rumah tangga,
    yang divisualisasikan sebagai diagram pencar pada
    Gambar~\ref{pop_change_v_med_income}.
    Apakah kedua variabel ini berasosiasi?}
  Semakin besar median pendapatan rumah tangga suatu county,
  semakin tinggi pertumbuhan populasi yang diamati di county tersebut.
  Meskipun tren ini tidak berlaku bagi setiap county,
  tren pada diagram tampak jelas.
  Karena terdapat suatu hubungan antara kedua variabel,
  keduanya berasosiasi.
\end{nexample}
\end{examplewrap}

%When two variables show some connection with one another,
%they are called \term{associated} variables.
%Associated variables can also be called \term{dependent}
%variables and vice-versa.
%When the variables increase together,
%as they do in Figure~\ref{loan_amount_vs_income},
%they are said to be \term{positively associated}.
%When the trend in the scatterplot goes down to the right,
%then they are described as \term{negatively correlated}.

%While we may find it interesting to consider the relationship
%between two variables such as those in the scatterplot,
%the relationship between those variables can be more complex.
%For example, interest rates on loans tend to be chosen based
%on the riskiness of the loan, i.e. how likely it is to be
%paid back, and that is likely to depend on a variety of
%details, such as what the loan is for, the person's
%creditworthiness, whether their income is verified, etc.
%We will begin exploring some of these more complex relationships
%in graphs in Chapter~\ref{ch_summarizing_data} and beyond.
%\Comment{Revise if we don't add these more rich plots...}

%\begin{example}{Figure~\ref{interest_rate_vs_loan_amount}
%    features a scatterplot of interest rate against loan amount.
%    Are these variables associated?}
%  There isn't an evident trend in the data,
%  so we would say these two variables are not associated.
%\end{example}

\begin{figure}
  \centering
  \Figure
    [Diagram pencar ribuan county dengan median pendapatan rumah tangga pada sumbu horizontal (data berkisar dari \$0 hingga \$120,000) dan perubahan populasi selama 7 tahun pada sumbu vertikal (data berkisar dari sekitar -15\% hingga 25\%). Terdapat gugus titik yang berpusat di sekitar (\$45,000, -1\%); titik-titik menunjukkan sedikit tren naik sekaligus menjadi semakin jarang dan lebih berfluktuasi pada observasi dengan median pendapatan lebih tinggi. Satu titik diberi anotasi pada lokasi (\$22,736, -3.63\%).]
    {0.9}{pop_change_v_med_income}
  \caption{Diagram pencar yang menampilkan
      \var{pop\us{}change}
      terhadap \var{median\us{}hh\us{}income}.
      Owsley County di Kentucky disorot;
      county tersebut kehilangan 3.63\% populasinya dari 2010 hingga 2017
      dan memiliki median pendapatan rumah tangga sebesar \$22,736.}
  \label{pop_change_v_med_income}
\end{figure}

Karena terdapat tren menurun pada
Gambar~\ref{multiunitsVsOwnership} --
county dengan lebih banyak unit dalam bangunan multiunit
berasosiasi dengan kepemilikan rumah yang lebih rendah --
kedua variabel ini dikatakan memiliki
\termsub{asosiasi negatif}{asosiasi negatif}.
Sebuah \term{asosiasi positif} tampak dalam hubungan antara
\var{median\us{}hh\us{}income}
dan \var{pop\us{}change}
pada Gambar~\ref{pop_change_v_med_income},
di mana county dengan median pendapatan rumah tangga yang lebih tinggi
cenderung memiliki tingkat pertumbuhan populasi yang lebih tinggi.

Jika dua variabel tidak berasosiasi,
keduanya dikatakan \termsub{bebas}{variabel bebas} satu sama lain.
Dengan kata lain, dua variabel saling bebas jika tidak terdapat
hubungan yang jelas di antara keduanya.

\begin{onebox}{Berasosiasi atau bebas, bukan keduanya}
Sepasang variabel memiliki suatu keterkaitan (berasosiasi) atau tidak memiliki keterkaitan (saling bebas). Tidak ada pasangan variabel yang sekaligus berasosiasi dan saling bebas.
\end{onebox}


\D{\newpage}

\subsection{Variabel penjelas dan variabel respons}
\label{explanatoryAndResponse}

Ketika mengajukan pertanyaan tentang hubungan antara dua variabel,
kadang-kadang kita juga ingin menentukan apakah perubahan pada satu
variabel menyebabkan perubahan pada variabel lainnya.
Perhatikan perumusan ulang berikut dari pertanyaan sebelumnya
tentang himpunan data \data{county}:
\begin{quote}\em
  Jika median pendapatan rumah tangga di suatu county meningkat,
  apakah hal ini mendorong peningkatan populasinya?
\end{quote}
Dalam pertanyaan ini, kita menanyakan apakah satu variabel
memengaruhi variabel lainnya.
Jika itulah dugaan yang mendasari pertanyaan kita,
maka \emph{median pendapatan rumah tangga} merupakan
\termsub{variabel penjelas}{variabel penjelas}, sedangkan
\emph{perubahan populasi} merupakan
\termsub{variabel respons}{variabel respons}
dalam hubungan yang dihipotesiskan.\footnote{Variabel penjelas dan respons
  kadang disebut variabel \termsub{bebas}{variabel bebas} dan
  \termsub{terikat}{variabel terikat}. Karena istilah bebas/terikat juga dapat
  menyatakan hubungan dalam suatu \emph{pasangan} variabel, buku ini
  menghindari sebutan tersebut.}

\index{data!county|)}

\begin{onebox}{Variabel penjelas dan variabel respons}
Ketika kita menduga bahwa satu variabel mungkin memengaruhi variabel lain
secara kausal, variabel pertama disebut variabel penjelas dan variabel
kedua disebut variabel respons.
\vspace{1mm}

\hspace{10mm}\Figure
    [Grafik sederhana yang menampilkan kata ""variabel penjelas"" dengan panah menuju ""variabel respons""; kata ""mungkin memengaruhi"" berada di atas panah.]
    {0.53}{expResp}

Bagi banyak pasangan variabel, tidak ada hubungan yang dihipotesiskan;
dalam keadaan seperti itu, kedua label ini tidak diterapkan pada
variabel mana pun.
\end{onebox}

Pemberian label ini tidak menjamin adanya hubungan kausal.
Dalam pengantar ini, eksperimen merupakan cara paling langsung untuk memeriksa
efek kausal. Studi nonacak juga dapat mendukung inferensi kausal, tetapi hanya
dengan asumsi dan metode tambahan.

%\begin{exercisewrap}
%\begin{nexercise}
%Consider the earlier question:
%\begin{quote}\em
%  If a county has a higher median household income,
%  does this drive an increase in its population?
%\end{quote}
%We could have just as easily reframed the causal relationship
%to be in the reverse direction:
%\begin{quote}\em
%  If a county more population growth, does this drive
%  it to have a higher median household income?
%\end{quote}
%What are the explanatory and response variables when framing
%the variable relationship in the second question?
%\end{nexercise}
%\end{exercisewrap}
%\footnotetext{In this framing, we have hypothesized
%  that population growth drives median household income.
%  That is, population growth is the explanatory variable,
%  and median household income is the response.
%  This exercise should emphasize that these variable labels
%  do not actually define whether one variable actually affects
%  the other.}


\subsection{Pengantar studi observasional dan eksperimen}

\noindent%
Terdapat dua jenis utama pengumpulan data:
studi observasional dan eksperimen.

Dalam \term{studi observasional}, peneliti mengumpulkan data tanpa campur
tangan langsung dalam proses pembentukannya---misalnya melalui survei,
rekam medis atau catatan perusahaan, atau dengan mengikuti sebuah
\term{kohort} individu serupa untuk menyusun hipotesis tentang penyebab
penyakit. Peneliti hanya mengamati data yang timbul. Studi seperti ini dapat
menunjukkan asosiasi alami antarvariabel, tetapi tidak dengan sendirinya
membuktikan hubungan kausal.

Untuk menyelidiki kemungkinan hubungan kausal, peneliti dapat melakukan
\term{eksperimen}: sebuah sampel dibagi ke dalam kelompok-kelompok yang
masing-masing \emph{diberi} perlakuan. Biasanya terdapat variabel penjelas dan
variabel respons. Misalnya, kita dapat menguji dugaan bahwa obat menurunkan
angka kematian pasien serangan jantung selama setahun. Jika individu
dialokasikan secara acak ke dalam kelompok, desain tersebut disebut
\term{eksperimen acak}. Dalam uji obat tadi, pelemparan koin dapat menentukan
apakah pasien menerima \term{plasebo} (perlakuan semu) atau obat.
Lihat studi kasus pada
Bagian~\ref{basicExampleOfStentsAndStrokes} untuk contoh eksperimen
lain, meskipun penelitian tersebut tidak menggunakan plasebo.

\begin{onebox}{Asosiasi $\neq$ Kausalitas}
  Secara umum, asosiasi tidak dengan sendirinya menyiratkan kausalitas.
  Eksperimen acak memberikan dasar paling langsung untuk inferensi kausal
  dalam pembahasan ini; desain lain memerlukan asumsi tambahan yang eksplisit.
\end{onebox}


{\input{ch_intro_to_data/TeX/data_basics.tex}}




%%%%%
","[""18223f28-a74d-5f9f-a586-6c3ab2bbef1f""]"
5aa7745d-058e-5205-a5c9-720220f665ea,32fa00df-613b-5933-8eda-622980c61eba,1,exercise,en,ch_summarizing_data/TeX/considering_categorical_data.tex,23,59,e877422bb5ce32679cec709d2edc3f8ecc487f00ef0c09ada7c9395c81d70015,id-ID,repo/ch_summarizing_data/TeX/considering_categorical_data.tex,26,61,c4fd02a0bbf9102bd8f8b5040a4ed36ebdccb48d3006b7b4e545984db80e6baa,translated,"\eoce{\qt{Pandangan tentang imigrasi\label{immigration}} Sebanyak 910 pemilih terdaftar
yang dipilih secara acak di Tampa, Florida, ditanya tentang pendapat mereka
mengenai pekerja yang masuk ke Amerika Serikat tanpa izin. Pilihannya ialah:
(i) diizinkan mempertahankan pekerjaan dan mengajukan kewarganegaraan AS,
(ii) diizinkan mempertahankan pekerjaan sebagai pekerja tamu sementara,
tetapi tidak diizinkan mengajukan kewarganegaraan AS, atau (iii) kehilangan
pekerjaan dan harus meninggalkan negara tersebut. Hasil survei menurut
ideologi politik ditampilkan di bawah ini.\footfullcite{survey:immigFL:2012}
\begin{center}
\begin{tabular}{l l c c c c}
                        &                           & \multicolumn{3}{c}{\textit{Ideologi politik}} \\
\cline{3-5}
                        &                           & Konservatif   & Moderat   & Liberal   & Total \\
\cline{2-6}
                        & (i) Ajukan kewarganegaraan & 57            & 120       & 101       & 278 \\
                        & (ii) Pekerja tamu          & 121           & 113       & 28        & 262 \\
\raisebox{1.5ex}[0pt]{\emph{Tanggapan}} & (iii) Tinggalkan negara     & 179       & 126       & 45        & 350 \\ 
                        & (iv) Tidak yakin           & 15            & 4         & 1         & 20\\
\cline{2-6}
                        & Total                     & 372           & 363       & 175       & 910
\end{tabular}
\end{center}
\begin{parts}
\item Berapa persen pemilih Tampa, Florida, ini yang mengidentifikasi diri sebagai konservatif?
\item Berapa persen pemilih Tampa, Florida, ini yang mendukung pilihan kewarganegaraan?
\item Berapa persen pemilih Tampa, Florida, ini yang mengidentifikasi diri sebagai konservatif
dan mendukung pilihan kewarganegaraan?
\item Di antara pemilih yang mengidentifikasi diri sebagai konservatif,
berapa persen yang juga mendukung pilihan kewarganegaraan? Berapa persen
pemilih moderat yang berpandangan sama? Berapa persen pemilih liberal yang berpandangan sama?
\item Apakah ideologi politik dan pandangan tentang imigrasi tampak saling independen?
Jelaskan alasan Anda.
\end{parts}
}{}

% 23
","[""18223f28-a74d-5f9f-a586-6c3ab2bbef1f""]"
5c9a47b6-f71b-5f14-b15c-41e43c91a4dd,d2fea3ad-d6f6-5a8b-a1b3-42405183e22a,1,exercise,en,ch_intro_to_data/TeX/case_study_using_stents_to_prevent_strokes.tex,62,105,2b06c64eab62d7488caa709e576f1d01092679d68b173337baf35100d849695e,id-ID,repo/ch_intro_to_data/TeX/case_study_using_stents_to_prevent_strokes.tex,59,102,9c4ea1e419c72ae6574d2a981afc0e593628e3ae528fb1e2ac48c0e027e94d18,translated,"\eoce{\qt{Sinusitis dan antibiotik,
    Bagian I\label{sinusitis_and_antibiotics_intro}} 
Para peneliti yang membandingkan efek pengobatan antibiotik untuk sinusitis akut
dengan penanganan simtomatik mengalokasikan secara acak 166 orang dewasa yang didiagnosis
menderita sinusitis akut ke salah satu dari dua kelompok: perlakuan atau kontrol. Peserta
penelitian menerima amoksisilin (antibiotik) selama 10 hari
atau plasebo yang rupa dan rasanya serupa. Plasebo tersebut terdiri atas
penanganan simtomatik seperti asetaminofen, dekongestan hidung, dan sebagainya.
Pada akhir periode 10 hari, pasien ditanya apakah
gejala mereka membaik.
Distribusi jawaban dirangkum di bawah ini. 
\footfullcite{Garbutt:2012}
\begin{center}
\begin{tabular}{ll  cc c} 
                                    			&			& \multicolumn{2}{c}{\textit{Perbaikan gejala}} \\
                                    			&			& \multicolumn{2}{c}{\textit{menurut laporan pasien}} \\
\cline{3-4}
			                        		&			& Ya 	& Tidak 	& Jumlah \\
\cline{2-5}
							& Perlakuan 	& 66		& 19		& 85 \\
\raisebox{1.5ex}[0pt]{\emph{Kelompok}}	& Kontrol		& 65		& 16 		& 81 \\
\cline{2-5}
							& Jumlah		& 131	& 35		& 166
\end{tabular}
\end{center}
\begin{parts}
\item Berapa persen pasien dalam kelompok perlakuan yang mengalami perbaikan
gejala?
\item Berapa persen pasien dalam kelompok kontrol yang mengalami perbaikan
gejala?
\item Kelompok mana yang memiliki persentase pasien dengan perbaikan
gejala lebih tinggi?
\item
    Temuan Anda sejauh ini mungkin menunjukkan adanya perbedaan nyata
    antara efektivitas antibiotik dan plasebo
    dalam memperbaiki gejala sinusitis.
    Namun, ini bukan satu-satunya kesimpulan yang
    dapat ditarik berdasarkan temuan Anda sejauh ini.
    Apa satu penjelasan lain yang mungkin atas perbedaan teramati
    antara persentase pasien dalam kelompok perlakuan
    antibiotik dan plasebo yang mengalami
    perbaikan gejala sinusitis?
\end{parts}
}{}
","[""18223f28-a74d-5f9f-a586-6c3ab2bbef1f""]"
5e27f860-db74-5559-9dd8-dcd2a60c752b,3a67e1e4-7d18-5753-bbc0-ac47d9ac4fb2,1,title_page_source,en,extraTeX/preamble/title_derivative.tex,1,21,e187e431e2fad382442b631a3ca6b8f74bf783abb9f82ad64502529a071aaf47,id-ID,repo/extraTeX/preamble/title_derivative.tex,1,16,1b5da4df4b12cf7428b1873143868082cc89df0336f480cff65b68e44424fc15,translated,"
% Pedoman atribusi dan penamaan karya turunan:
% https://github.com/OpenIntroStat/openintro-statistics/blob/master/LICENSE.md

\title{\huge Statistika Berbasis Data \\[2mm]
\large Turunan dari \\
OpenIntro Statistics \\
Edisi Keempat}
\author{\Large Penulis Asli \\[1.5mm]
\normalsize David M. Diez \\
\normalsize Mine \c{C}etinkaya-Rundel \\
\normalsize Christopher D. Barr \\[8mm]
\Large Kontributor Edisi Bahasa Indonesia \\[1.5mm]
\normalsize Codex \\
\small Terjemahan bahasa Indonesia dan adaptasi teknis, atas permintaan pengguna \\[2mm]
}
","[""18223f28-a74d-5f9f-a586-6c3ab2bbef1f"",""947b6c3b-ce48-5326-b7af-6571830020d4""]"
6016d048-4580-5091-b311-2058706090ba,b23f3ca2-973a-561f-8d7b-0808ca9315e8,3,subsection_prose,en,ch_summarizing_data/TeX/ch_summarizing_data.tex,2135,2165,00da733b454c6bdf631d088d6abb316172575f2644ec9fdfeeb4253a5af8b001,id-ID,repo/ch_summarizing_data/TeX/ch_summarizing_data.tex,2067,2097,b722252f92d09e99668a7f43f1de7dcb2f069bf838643d0c736dbf17f31fa50e,translated,"\end{exercisewrap}
\footnotetext{Jawaban dapat bervariasi.
  Diagram kotak berdampingan sangat berguna untuk membandingkan
  pusat dan sebaran, sedangkan histogram berongga lebih berguna
  untuk melihat bentuk distribusi, kemencengan, dan kemungkinan anomali.}
\index{data!county|)}



%%___________________________________________
%\section{Exploratory data analysis}
%\label{eda_section}
%
%Over the last two sections, we've learned fundamental
%methods for graphing data.
%In this section, we leverage what we've learned to expand
%into more advanced techniques.
%We'll learn more graphical methods, and importantly,
%examine more complex relationships.
%
%
%\subsection{}


{\input{ch_summarizing_data/TeX/considering_categorical_data.tex}}





%___________________________________________
","[""18223f28-a74d-5f9f-a586-6c3ab2bbef1f""]"
6530339a-4682-5055-8abb-ca4b594ef384,8be7cb0a-0a23-54f6-99da-04899215d5a2,1,copyright_page,en,extraTeX/preamble/copyright_derivative.tex,1,8,3c473391733db54bf15ebd67fa77e35eaf461e0c68c33ee7c51295ca1331762d,id-ID,repo/extraTeX/preamble/copyright_derivative.tex,1,36,225e9e4c2209bbb80e98adbfdb5ff8fc8722607607d234f48073b2acbc504f1e,translated,"\chapter*{}
\vfill

% Pertahankan halaman ini dalam setiap salinan edisi turunan.

\noindent
Buku ini merupakan karya turunan berbahasa Indonesia dari
\emph{OpenIntro Statistics}, Edisi Keempat, karya David M. Diez,
Mine \c{C}etinkaya-Rundel, dan Christopher D. Barr. Karya turunan ini
berjudul \emph{Statistika Berbasis Data}; karya ini bukan produk OpenIntro
dan tidak berafiliasi dengan atau didukung oleh OpenIntro. \\

\noindent
Selain komponen yang dinyatakan secara terpisah, konten sumber dan terjemahan
ini tersedia berdasarkan lisensi
Creative Commons Attribution-ShareAlike 3.0 Unported (CC BY-SA 3.0).
Ketentuan lisensi tersedia pada
\href{https://creativecommons.org/licenses/by-sa/3.0/}{laman lisensi Creative Commons}. \\

\noindent
Perubahan dari sumber mencakup penerjemahan ke bahasa Indonesia dan
penyesuaian teknis untuk penerbitan edisi ini. \\

\noindent
Sumber yang digunakan adalah repositori resmi pada komit
\begin{center}
\small\texttt{fee25091fb24e89c36296fd67c48c1fcf7a93b6e}
\end{center}
\href{https://github.com/OpenIntroStat/openintro-statistics/tree/fee25091fb24e89c36296fd67c48c1fcf7a93b6e}{Repositori sumber pada komit tersebut}. \\

\noindent
Pedoman atribusi dan penamaan karya turunan tersedia di
\href{https://github.com/OpenIntroStat/openintro-statistics/blob/fee25091fb24e89c36296fd67c48c1fcf7a93b6e/LICENSE.md}{berkas lisensi sumber}.
Merek dagang, logo, sampul, dan identitas visual OpenIntro tidak dilisensikan
untuk digunakan sebagai identitas karya turunan ini. Aset pihak ketiga tetap
tunduk pada lisensi dan atribusi komponennya masing-masing.
","[""18223f28-a74d-5f9f-a586-6c3ab2bbef1f"",""947b6c3b-ce48-5326-b7af-6571830020d4""]"
654d4112-315c-54d5-89b2-65e3223194ab,7dd4a8b0-6956-5804-ae79-259a778f22a2,1,answer_heading,en,extraTeX/eoceSolutions/eoceSolutions.tex,234,240,4144402b86281cd00257d51664f4d1aa3f1437e271e5fdb0d57b7044cfadb21e,id-ID,repo/extraTeX/eoceSolutions/eoceSolutions.tex,248,254,bb9706e405d3b25217dac060a19e3d018b875f8fd5d1baf89690a49318eb9180,translated,"\eocesolch{Merangkum data}



%_______________
\begin{multicols}{2}

","[""18223f28-a74d-5f9f-a586-6c3ab2bbef1f""]"
69156d43-6b19-55b9-8e16-317af2b1e4cf,a36d034f-f5c1-5f04-89ac-c4f4a6cd046d,1,subsection_prose,en,ch_summarizing_data/TeX/ch_summarizing_data.tex,986,1039,ad49b85b7f8990b5227fda65a52ea18f64221ef9362a56b8b7d28000b2298bdc,id-ID,repo/ch_summarizing_data/TeX/ch_summarizing_data.tex,941,991,3ba075d64886f3f223e3b428bf2c59a9158036dce296ada9f0430f175676eddd,translated,"\subsection{Statistik robust}

Bagaimana \indexthis{statistik sampel}{statistik sampel} untuk
variabel \var{interest\us{}rate} dipengaruhi oleh pengamatan
26.3\%? Apa yang akan terjadi jika suku bunga pinjaman ini hanya
15\%? Apa yang akan terjadi pada
\indexthis{statistik ringkasan}{statistik ringkasan} jika
pengamatan 26.3\% justru lebih besar, misalnya 35\%?
Skenario-skenario ini digambar bersama data asli dalam
Gambar~\ref{loan_int_rate_robust_ex}, dan statistik sampel untuk
setiap skenario dihitung dalam Gambar~\ref{robustOrNotTable}.

\begin{figure}[ht]
  \centering
  \Figure
    [Tiga diagram titik ditampilkan dalam gambar yang sama. Pengamatan terbesar dari kumpulan data asli, yang dibahas dalam diagram titik sebelumnya, bernilai sekitar 26\%. Nilai itu dipindahkan ke 15\% dalam diagram titik kedua dan ke 35\% dalam diagram titik ketiga.]
    {1}{loan_int_rate_robust_ex}
  \caption{Diagram titik data suku bunga asli dan dua kumpulan
      data hasil modifikasi.}
  \label{loan_int_rate_robust_ex}
\end{figure}

% See `loan_int_rate_robust_ex` figure code for calculations.
\captionsetup{width=135mm}
\begin{figure}[ht]
\centering
\begin{tabular}{l c cc c cc}
% \cline{3-4} \cline{6-7}
& \hspace{0mm} & \multicolumn{2}{c}{\bf robust} &
    \hspace{2mm} & \multicolumn{2}{c}{\bf tidak robust} \\
\hline
skenario && median & IQR && $\bar{x}$ & $s$ \\ 
\hline
%   & & \multicolumn{2}{c|} & & \multicolumn{2}{c|} \\
data \var{interest\us{}rate} asli
    && 9.93\% & 5.76\% && 11.57\% & 5.05\% \\
pindahkan 26.3\% $\to$ 15\%
    && 9.93\% & 5.76\% && 11.34\% & 4.61\% \\
pindahkan 26.3\% $\to$ 35\%
    && 9.93\% & 5.76\% && 11.74\% & 5.68\% \\
   \hline
\end{tabular}
\caption{Perbandingan perubahan median, IQR, rata-rata
  ($\bar{x}$), dan simpangan baku ($s$) seandainya satu
  pengamatan ekstrem dalam variabel \var{interest\us{}rate}
  mempunyai nilai yang berbeda.}
\label{robustOrNotTable}
\end{figure}
\captionsetup{width=\mycaptionwidth}

\begin{exercisewrap}
","[""18223f28-a74d-5f9f-a586-6c3ab2bbef1f""]"
6b8aec39-e680-52f7-8af3-f098da6839d7,4a67928d-9842-5598-8a98-8360b6b3ab69,2,subsection_prose,en,ch_summarizing_data/TeX/ch_summarizing_data.tex,1259,1322,1b6a99fa01090a791f80ec97199b6865d6ac8b12dcb091bc8aefd5448ee9b550,id-ID,repo/ch_summarizing_data/TeX/ch_summarizing_data.tex,1201,1267,c5db2f8b0d5bf3b4f53ef49d729d0fdc9423061608ce27860effec9d3a03be2c,translated,"\end{exercisewrap}
\footnotetext{Catatan: jawaban dapat bervariasi.
  Ada kesesuaian tertentu antara pendapatan tinggi dan kawasan
  metropolitan, yang tampak sebagai daerah lebih gelap (median
  pendapatan rumah tangga lebih tinggi), walaupun ada beberapa
  pengecualian. Anda dapat mencari kota-kota besar yang Anda kenal
  dan mencoba menemukannya sebagai daerah gelap pada peta.}

\begin{figure}[!b]
  \centering
  \subfigure[]{
    \Figures[Ditampilkan peta intensitas kemiskinan di Amerika Serikat; setiap county diberi warna dengan corak yang mewakili tingkat kemiskinan antara 2\% dan lebih dari 25\%. Lihat Contoh~\ref{map_example_poverty_and_unemployment} untuk ringkasan tambahan mengenai peta ini.]
        {0.48}
        {countyIntensityMaps}
        {countyPovertyMap}
    \label{countyPovertyMap}
  }
  \hfill
  \subfigure[]{
    \Figures[Ditampilkan peta intensitas tingkat pengangguran di Amerika Serikat; setiap county diberi warna dengan corak yang mewakili tingkat pengangguran antara 2\% dan lebih dari 7\%. Lihat Contoh~\ref{map_example_poverty_and_unemployment} untuk ringkasan tambahan mengenai peta ini.]
        {0.48}
        {countyIntensityMaps}
        {countyUnemploymentRateMap}
    \label{countyUnemploymentRateMap}
  }
  \caption{\subref{countyPovertyMap} Peta intensitas tingkat
      kemiskinan (persen).
      \subref{countyUnemploymentRateMap}~Peta tingkat
      pengangguran (persen).}
  \label{countyIntensityMaps1}
\end{figure}

\begin{figure}[!t]
  \centering
  \subfigure[]{
    \Figures[Ditampilkan peta intensitas tingkat kepemilikan rumah di Amerika Serikat; setiap county diberi warna dengan corak yang mewakili tingkat kepemilikan rumah dari di bawah 55\% hingga lebih dari 91\%. Data tampak sebagian besar acak, tetapi nilainya mungkin sedikit lebih rendah di wilayah barat, khususnya sepanjang pesisir California. Corak yang mewakili nilai sedikit lebih tinggi tampak di Midwest bagian utara serta di Florida.]
        {0.48}
        {countyIntensityMaps}
        {countyHomeownershipMap}
    \label{countyHomeownershipMap}
  }
  \hfill
  \subfigure[]{
    \Figures[Ditampilkan peta intensitas median pendapatan rumah tangga di Amerika Serikat; setiap county diberi warna dengan corak yang mewakili nilai dari di bawah \$19,000 hingga lebih dari \$75,000. Coraknya tampak cukup acak dalam setiap wilayah. Namun, beberapa kawasan metropolitan di California serta di dekat New York City dan Boston tampak mempunyai median pendapatan rumah tangga lebih tinggi. Delta Mississippi yang memanjang ke Louisiana dan Mississippi jelas menunjukkan median pendapatan rumah tangga yang lebih rendah.]
        {0.48}
        {countyIntensityMaps}
        {countyMedIncomeMap}
    \label{countyMedIncomeMap}
  }
  \caption{\subref{countyHomeownershipMap} Peta intensitas
      tingkat kepemilikan rumah (persen).
      \subref{countyMedIncomeMap}~Peta intensitas median
      pendapatan rumah tangga (\$1000-an).}
\label{countyIntensityMaps2}
\end{figure}

\FloatBarrier

%\index{intensity map|)}
\index{data!county|)}


{\input{ch_summarizing_data/TeX/examining_numerical_data.tex}}




","[""18223f28-a74d-5f9f-a586-6c3ab2bbef1f""]"
6cb895a1-c258-5476-8a18-1e995f13e480,c9faaa37-1ac5-54ae-b62f-1556d2b63374,3,prose,en,ch_intro_to_data/TeX/ch_intro_to_data.tex,82,82,db57f961aa91635456a9abd409541651a94649144e68f800966307027d572049,id-ID,repo/ch_intro_to_data/TeX/ch_intro_to_data.tex,82,82,0d7581e1ecf01a2adbe48f45c892fcd7a39013bcedb7b2649cbbcbe67f413254,translated,"Menelaah data setiap pasien satu per satu merupakan cara yang panjang dan rumit untuk menjawab pertanyaan penelitian semula. Sebaliknya, analisis data statistik memungkinkan kita menelaah seluruh data sekaligus. Gambar~\ref{stentStudyResults} merangkum data mentah dengan cara yang lebih berguna. Dari tabel ini, kita dapat dengan cepat melihat apa yang terjadi selama penelitian. Misalnya, untuk menentukan jumlah pasien dalam kelompok perlakuan yang mengalami strok dalam 30 hari, kita melihat sisi kiri tabel pada perpotongan baris perlakuan dan kolom strok: 33.
","[""18223f28-a74d-5f9f-a586-6c3ab2bbef1f""]"
6e89aa8f-597a-5fc7-8796-225c07e3125f,b82173dd-a963-514b-8628-cd6c9d97f633,1,exercise,en,ch_intro_to_data/TeX/review_exercises.tex,230,274,da5922346a086758e2956b351cc63843c47b584153610927df0823e8e367b070,id-ID,repo/ch_intro_to_data/TeX/review_exercises.tex,208,246,67007cab898f4e66405823dcc6adf4bebef9dc0d3b8cc2e646df7de59849b4c4,translated,"\eoce{\qt{Stanford Open Policing\label{stanford_open_policing}}
Proyek Stanford Open Policing menghimpun, menganalisis, dan menerbitkan catatan
pemberhentian lalu lintas oleh penegak hukum di seluruh Amerika Serikat untuk membantu
peneliti, jurnalis, dan pembuat kebijakan menyelidiki dan memperbaiki interaksi polisi
dengan masyarakat.\footfullcite{pierson2017large}
Berikut cuplikan tabel ringkasan data proyek tersebut.
\begin{center}
\begin{tabular}{lllrrr}
\hline
               &           & Ras       & Jumlah       & \multicolumn{2}{c}{\% dari yang dihentikan}  \\
County         & Neg. bagian & pengemudi & per tahun     & mobil digeledah & pengemudi ditangkap \\
\hline
Apache County  & Arizona   & Hitam     & 266          & 0.08          & 0.02 \\
Apache County  & Arizona   & Hispanik  & 1008         & 0.05          & 0.02 \\
Apache County  & Arizona   & Putih     & 6322         & 0.02          & 0.01 \\
Cochise County & Arizona   & Hitam     & 1169         & 0.05          & 0.01 \\
Cochise County & Arizona   & Hispanik  & 9453         & 0.04          & 0.01 \\
Cochise County & Arizona   & Putih     & 10826        & 0.02          & 0.01 \\
$\cdots$       & $\cdots$  & $\cdots$  & $\cdots$     & $\cdots$      & $\cdots$ \\
Wood County    & Wisconsin & Hitam     & 16           & 0.24          & 0.10 \\
Wood County    & Wisconsin & Hispanik  & 27           & 0.04          & 0.03 \\
Wood County    & Wisconsin & Putih     & 1157         & 0.03          & 0.03 \\
\hline 
\end{tabular}
\end{center}
\begin{parts}
\item
    Variabel apa yang dikumpulkan untuk setiap pemberhentian lalu lintas
    guna membuat tabel ini?
\item
    Klasifikasikan setiap variabel sebagai numerik (kontinu atau diskret)
    atau kategoris (ordinal atau nonordinal).
\item
    Anda ingin menilai apakah tingkat penggeledahan kendaraan berbeda menurut
    ras pengemudi. Mana variabel respons dan variabel penjelasnya?
\end{parts}
}{}

% 44
","[""18223f28-a74d-5f9f-a586-6c3ab2bbef1f""]"
6f6754bc-63d5-501a-a6cf-6b3fb82b2acc,98f96526-d335-579f-8990-474cae0b598a,1,exercise,en,ch_summarizing_data/TeX/examining_numerical_data.tex,114,129,cb01211f6325db03cfab8aecacc09cc27c3055a737626e2961790cbf991c4970,id-ID,repo/ch_summarizing_data/TeX/examining_numerical_data.tex,118,133,3f7ff8b4edb0047e01e46e72dd327f0f74ef35de1fbcef98a1e52cb55da411e6,translated,"\eoce{\qt{Rata-rata dan simpangan baku} Untuk setiap bagian, bandingkan distribusi (1) dan (2) berdasarkan rata-rata dan simpangan bakunya. Anda tidak perlu menghitung statistik tersebut; cukup nyatakan bagaimana rata-rata dan simpangan baku kedua distribusi dibandingkan. Pastikan untuk menjelaskan alasan Anda. \textit{Petunjuk:} Membuat sketsa diagram titik kedua distribusi mungkin berguna.
\begin{multicols}{2}
\begin{parts}
\item (1) 3, 5, 5, 5, 8, 11, 11, 11, 13 \\
(2) 3, 5, 5, 5, 8, 11, 11, 11, 20 \\
\item (1) -20, 0, 0, 0, 15, 25, 30, 30 \\
(2) -40, 0, 0, 0, 15, 25, 30, 30
\item (1) 0, 2, 4, 6, 8, 10 \\
(2) 20, 22, 24, 26, 28, 30
\item (1) 100, 200, 300, 400, 500 \\
(2) 0, 50, 300, 550, 600
\end{parts}
\end{multicols}
}{}

% 10
","[""18223f28-a74d-5f9f-a586-6c3ab2bbef1f""]"
707a3104-c693-500d-97de-7241f675b16b,64f44ebe-ba42-5019-b5eb-5340940dc948,1,exercise,en,ch_intro_to_data/TeX/data_basics.tex,120,133,0efd63c63c8b21f1a00847aa072e5606a78379c46ce7fa368d1e93ecbcbf4edf,id-ID,repo/ch_intro_to_data/TeX/data_basics.tex,121,133,7f3f614c5f9f0d9417ac9aeb50a46d3232c3a025f407c2e6cf547e24c9ab4745,translated,"\eoce{\qt{Sinusitis dan antibiotik,
    Bagian II\label{sinusitis_and_antibiotics_exp_resp}}
Latihan~\ref{sinusitis_and_antibiotics_intro}
memperkenalkan sebuah penelitian yang mengkaji pengaruh pengobatan antibiotik
terhadap sinusitis akut.
Peserta penelitian menerima rangkaian pengobatan antibiotik selama 10 hari
(perlakuan) atau plasebo yang tampak dan terasa serupa (kontrol).
Pada akhir periode 10 hari, pasien ditanya apakah
gejala mereka membaik.
Apa variabel penjelas dan variabel respons dalam penelitian ini?
}{}

% 9
","[""18223f28-a74d-5f9f-a586-6c3ab2bbef1f""]"
71eef66b-1ef2-5f7d-a71d-8a8b26c64e46,f7d2045e-5e64-539c-9a77-881a363a8baf,1,exercise,en,ch_summarizing_data/TeX/examining_numerical_data.tex,205,211,e749d45619f62cd4d7ed3a885dfd148e87092f44336b58f685d003549e8f3785,id-ID,repo/ch_summarizing_data/TeX/examining_numerical_data.tex,211,217,7ac4e53afbadb5d136f5979ef8f0f08c776b829d558f9e6359947e0adc924700,translated,"\eoce{\qt{Teman Facebook\label{dist_shape_fb_friends}} Data Facebook menunjukkan bahwa 
50\% pengguna Facebook memiliki 100 teman atau lebih dan bahwa jumlah teman rata-rata 
pengguna adalah 190. Apa yang disiratkan oleh temuan ini tentang bentuk distribusi jumlah 
teman pengguna Facebook? \footfullcite{Backstrom:2011}
}{}

% 15
","[""18223f28-a74d-5f9f-a586-6c3ab2bbef1f""]"
72c2706b-4294-565c-9d43-fff51aef3f72,8953f299-909a-5500-9c5f-46b560e50081,2,subsection_prose,en,ch_summarizing_data/TeX/ch_summarizing_data.tex,775,818,a0839122ec9efc5011226dfc6c729ee6b09f8c60a4ff25325130385dddb6f160,id-ID,repo/ch_summarizing_data/TeX/ch_summarizing_data.tex,750,787,536621a231d03b976a254286ee2c13911221f08070a7c2f913bae13756d44ed4,translated,"\end{exercisewrap}
\footnotetext{Gambar~\ref{severalDiffDistWithSdOf1}
  menunjukkan tiga distribusi yang tampak sangat berbeda, tetapi
  semuanya mempunyai rata-rata, varians, dan simpangan baku yang
  sama. Berdasarkan modalitas, kita dapat membedakan diagram
  pertama (bimodal) dari dua diagram terakhir (unimodal).
  Berdasarkan kemencengan, kita dapat membedakan diagram terakhir
  (menceng kanan) dari dua diagram pertama. Walaupun gambar seperti
  histogram menceritakan kisah yang lebih lengkap, modalitas dan
  bentuk (simetri/kemencengan) dapat digunakan untuk mencirikan
  informasi dasar mengenai suatu distribusi.}

\begin{examplewrap}
\begin{nexample}{Gambarkan distribusi variabel
    \var{interest\us{}rate} menggunakan histogram dalam
    Gambar~\ref{loan50IntRateHist}.
    Deskripsi harus mencakup pusat, variabilitas, dan bentuk
    distribusi serta ditempatkan dalam konteksnya.
    Catat pula kasus yang sangat tidak biasa.}
  Distribusi suku bunga bersifat unimodal dan menceng ke arah
  nilai tinggi. Banyak suku bunga berada di dekat rata-rata
  11.57\%, dan sebagian besar berada dalam satu simpangan baku
  (5.05\%) dari rata-rata. Beberapa suku bunga dalam sampel sangat
  besar, yaitu di atas 20\%.
\end{nexample}
\end{examplewrap}

Dalam praktik, varians dan simpangan baku kadang-kadang digunakan
sebagai sarana untuk mencapai tujuan, yaitu mengestimasi secara
akurat ketidakpastian yang berkaitan dengan suatu statistik sampel.
Sebagai contoh, dalam Bab~\ref{foundationsForInference}, simpangan
baku digunakan dalam perhitungan yang membantu kita memahami
seberapa besar rata-rata sampel berubah dari satu sampel ke sampel
berikutnya.


% R011-B005 D022: jeda halaman paksa sebelum diagram kotak ditiadakan.

","[""18223f28-a74d-5f9f-a586-6c3ab2bbef1f""]"
73a59424-0225-589c-95d0-0904da0fec3d,8f0807ed-49cf-58cd-829e-096e53f1df1c,1,public_appendix_solution,en,extraTeX/eoceSolutions/eoceSolutions.tex,91,95,d81168df6a0dd3cada0f020a24891fcf4feb5ffb83a15db26874aaa302ff0465,id-ID,repo/extraTeX/eoceSolutions/eoceSolutions.tex,98,103,9a9e44864b4b25db8ff94778632d79e809f2cd8a08841dfc23e5b1c7459a141d,translated,"% 19

\eocesol{(a)~Studi observasional.
(b)~Gunakan pengambilan sampel berstrata untuk mengambil secara acak sejumlah 
tetap mahasiswa, misalnya 10 orang, dari setiap kelas praktikum sehingga 
ukuran sampel totalnya 40 mahasiswa.}
","[""18223f28-a74d-5f9f-a586-6c3ab2bbef1f""]"
73d2ee49-a52f-5aca-b636-8f5e77891bd0,a1268a25-f69a-531a-976d-441e5c4c5663,1,subsection_prose,en,ch_summarizing_data/TeX/ch_summarizing_data.tex,1970,2002,5c4e751db01919eda2978fef8e2fe9f785970bf457f8f5fb842026c58384123b,id-ID,repo/ch_summarizing_data/TeX/ch_summarizing_data.tex,1904,1935,1cc08c041c90b31774cdf7a526f752514ed401aa439cead8368143204cf0a35d,translated,"\subsection{Satu-satunya diagram lingkaran dalam buku ini}

Sebuah \term{diagram lingkaran} ditampilkan pada
Gambar~\ref{loan_homeownership_pie_chart}, berdampingan dengan
diagram batang yang mewakili informasi yang sama.
Diagram lingkaran dapat berguna untuk memberikan gambaran umum
tentang pembagian sekumpulan kasus.
Namun, rincian dalam diagram lingkaran juga sulit dibaca.
Sebagai contoh, saat melihat diagram lingkaran, kita memerlukan
beberapa detik lebih lama untuk menyadari bahwa jumlah pinjaman
bagi peminjam yang memiliki hipotek lebih banyak daripada bagi penyewa,
sedangkan rincian ini sangat jelas pada diagram batang.
Walaupun diagram lingkaran dapat berguna, kami lebih menyukai
diagram batang karena kelompok-kelompoknya lebih mudah dibandingkan.
%One benefit of pie charts is that they to make it easier
%to see when a series of groups make up at least 50\%,
%e.g. \Comment{would need to show a pie chart with
%  a large number of categories for this point to make sense}.

\begin{figure}[h]
  \centering
  \Figure[Dua diagram menampilkan variabel kepemilikan rumah. Diagram kiri berupa diagram lingkaran, yakni sebuah lingkaran yang dibagi menjadi tiga ""juring"" oleh garis-garis dari pusat ke tepi. Juring kiri bawah berwarna biru, berlabel ""hipotek"", dan mencakup hampir 50\% lingkaran. Juring atas berwarna hijau, berlabel ""sewa"", dan mencakup hampir 40\%. Juring kanan bawah berwarna merah, berlabel ""milik"", dan mencakup sekitar 15\%. Diagram kanan berupa diagram batang dengan kategori ""Kepemilikan rumah"" pada sumbu horizontal dan ""Frekuensi"" pada sumbu vertikal. Batang paling kiri berwarna hijau, berlabel ""sewa"", dan mencapai frekuensi sekitar 3900. Batang tengah berwarna biru, berlabel ""hipotek"", dan mencapai sekitar 4700. Batang paling kanan berwarna merah, berlabel ""milik"", dan mencapai sekitar 1300.]
      {}{loan_homeownership_pie_chart}
  \caption{Diagram lingkaran dan diagram batang untuk \var{homeownership}.}
  \label{loan_homeownership_pie_chart}
\end{figure}

\index{data!loans|)}


\D{\newpage}

","[""18223f28-a74d-5f9f-a586-6c3ab2bbef1f""]"
74b143f6-1e59-562c-88c1-754ebefc970c,a74608ed-09bd-5bc9-b1a8-0118b4dbe4d2,1,exercise,en,ch_intro_to_data/TeX/data_basics.tex,224,240,1dc9eb85cc452c8918a7d938dff6af1696371be2e3f237fdea3e95f5724c9e1c,id-ID,repo/ch_intro_to_data/TeX/data_basics.tex,223,238,765f6798c1d109b4524db80f1fd24e58926f74ed9fb514b3e10aa8d90b925754,translated,"\eoce{\qt{Pemungutan suara PBB\label{unvotes}}
Visualisasi berikut menunjukkan pola suara Amerika Serikat, Kanada, dan Meksiko
mengenai beragam isu di Majelis Umum Perserikatan Bangsa-Bangsa. Untuk setiap
tahun 1946--2015, visualisasi ini menampilkan persentase pemungutan suara
tercatat ketika setiap negara memilih ya pada setiap isu. Data terdiri atas
amatan pasangan negara--tahun.\footfullcite{data:unvotes}
\par\noindent\makebox[\textwidth][c]{%
\Figures[Ditampilkan sebuah kisi diagram pencar dengan garis tren yang ditumpangkan untuk masing-masing dari tiga kelompok titik (berwarna hijau, biru, dan merah) pada setiap grafik. Kisi grafik terdiri atas 2 baris dan 3 kolom; grafik dalam deskripsi ini disebut dengan nomor 1 sampai 3 pada baris pertama dan 4 sampai 6 pada baris kedua. Pada semua grafik, sumbu horizontal menyatakan ""tahun"" (sekitar 1945 hingga sekitar 2018), sedangkan sumbu vertikal menyatakan ""persentase ya"" dengan nilai dari 0\% hingga 100\%. Setiap grafik merangkum pola pemungutan suara untuk satu topik berbeda di Majelis Umum PBB dan untuk negara Kanada (biru), Meksiko (hijau), serta Amerika Serikat (merah). Setiap grafik memuat titik dan garis tren lentur (nonlinier) yang disesuaikan dengan titik-titik tersebut. Dalam semua kasus kecuali Grafik 2 untuk ""Kolonialisme"", titik (data) relatif jarang pada 1940 hingga 1960 dibandingkan tahun-tahun berikutnya. Grafik 1 mewakili ""Pengendalian senjata dan perlucutan senjata""; semua negara bermula rendah, antara 0\% dan 25\%, lalu naik cepat menjelang 1960 menjadi antara 25\% dan 95\%. AS tetap paling rendah (berkisar sekitar 25\% hingga 40\%), Kanada sedikit lebih tinggi pada 50\% hingga 70\%, dan Meksiko paling tinggi, biasanya antara 85\% dan 100\%. Grafik 2 berlabel ""Kolonialisme""; garis tren bermula antara 50\% dan 80\%, kemudian AS turun mendekati 0\% pada 1980, Kanada berfluktuasi antara 25\% dan 60\% sepanjang periode, dan Meksiko naik mendekati 100\% pada 1980. Grafik 3 mewakili ""Pembangunan ekonomi""; ketiga negara bermula sekitar 25\% hingga 40\%. AS turun menjadi sekitar 5\% pada 1990 sebelum naik menjadi 20\%; Kanada turun menjadi sekitar 25\% pada 1985, naik menjadi 50\% pada 2000, lalu turun lagi menjadi 25\%; dan Meksiko naik menjadi sekitar 100\% pada 1980 sebelum turun menjadi sekitar 85\%. Grafik 4 mewakili ""Hak asasi manusia""; semua negara mengelompok di sekitar 65\% pada 1945, lalu AS turun menjadi 25\% pada 1975 dan berfluktuasi antara 10\% dan 30\% selama sisa periode, Kanada perlahan turun menjadi sekitar 15\%, dan Meksiko naik mendekati 100\% pada 1985 lalu perlahan turun menjadi sekitar 80\%. Grafik 5 mewakili ""Senjata dan bahan nuklir""; semua negara bermula mendekati 0\% pada 1945, lalu AS sedikit naik tetapi umumnya berfluktuasi antara 15\% dan 40\%, Kanada naik menjadi sekitar 60\% pada 1965 sebelum turun dan berfluktuasi di sekitar 40\% hingga 50\%, dan Meksiko naik cepat menjadi sekitar 90\% pada 1970 lalu mendekati 100\% seiring waktu. Grafik 6 mewakili ""Konflik Palestina""; semua negara bermula antara 50\% dan 75\%, lalu AS terus turun menjadi sekitar 10\% pada 1985 dan setelah itu mendekati 5\%, Kanada sedikit turun menjadi sekitar 35\% pada 1970 sebelum naik menjadi sekitar 70\% pada 2000 dan kemudian turun cepat mendekati 0\%, sedangkan Meksiko naik bertahap menjadi sekitar 95\% pada 1985 lalu bertahan kurang lebih tetap.]{0.85}{eoce/unvotes}{unvotes}
}\par
\begin{parts}
\item Daftarkan variabel yang digunakan untuk membuat visualisasi ini.
\item Tentukan apakah setiap variabel dalam penelitian bersifat numerik atau
kategoris. Jika numerik, tentukan apakah variabel itu kontinu atau diskret.
Jika kategoris, nyatakan apakah variabel tersebut ordinal.
\end{parts}
}{}
","[""18223f28-a74d-5f9f-a586-6c3ab2bbef1f"",""a6059c8f-0284-5fbf-8de3-60a38a68ffb3""]"
7742e154-61ed-513f-a6d1-c48abc2ac62a,de51ce11-a679-5af1-bc9f-40f2b6673cf0,1,public_appendix_solution,en,extraTeX/eoceSolutions/eoceSolutions.tex,178,184,17ecb8b63c1efd8b7f8ff35dc91dbd28d7f11e5832d503b722fe4bf1789cb573,id-ID,repo/extraTeX/eoceSolutions/eoceSolutions.tex,191,197,f13ca01150d310e1d724dd086773fa11a91a981ad67eba1215ceab345176600b,translated,"% 35

\eocesol{(a)~Studi observasional.
(b)~Anjing: Lucy. Kucing: Luna.
(c)~Oliver dan Lily.
(d)~Positif; ketika popularitas suatu nama untuk anjing meningkat,
popularitas nama tersebut untuk kucing juga cenderung meningkat.}
","[""18223f28-a74d-5f9f-a586-6c3ab2bbef1f"",""bad63bfb-9cf6-5f60-bbe6-9e93ae431ce0"",""67382a1e-7768-5d98-9912-2c3a848ce7a1""]"
77ff833f-cfc9-5352-975d-83064c0e89da,a36d034f-f5c1-5f04-89ac-c4f4a6cd046d,2,subsection_prose,en,ch_summarizing_data/TeX/ch_summarizing_data.tex,1047,1072,ba99595908c33ab1e7e8479808885e16024ad40abb93f86c4b82fe46938b1994,id-ID,repo/ch_summarizing_data/TeX/ch_summarizing_data.tex,999,1022,c91f7c640f36aa2aece33c82324ea2b17b8ac810d6c51f9847209ec01eedbe36,translated,"\end{exercisewrap}
\footnotetext{(a)~Rata-rata lebih terpengaruh.
  (b)~Simpangan baku lebih terpengaruh.
  Penjelasan lengkap diberikan dalam materi setelah Latihan
  Terbimbing~\ref{interestRateWhichIsMoreRobust}.}

Median dan IQR disebut \term{statistik robust} karena pengamatan
ekstrem hanya sedikit memengaruhi nilainya: memindahkan nilai yang
paling ekstrem umumnya hanya sedikit memengaruhi kedua statistik
ini. Sebaliknya, rata-rata dan simpangan baku lebih banyak
dipengaruhi oleh perubahan pengamatan ekstrem, dan hal ini dapat
menjadi penting dalam situasi tertentu.

\begin{examplewrap}
\begin{nexample}{Median dan IQR tidak berubah dalam ketiga
    skenario pada Gambar~\ref{robustOrNotTable}.
    Mengapa demikian?}
  Median dan IQR hanya peka terhadap bilangan di dekat $Q_1$,
  median, dan $Q_3$. Karena nilai dalam wilayah-wilayah ini stabil
  pada ketiga kumpulan data, estimasi median dan IQR juga stabil.
\end{nexample}
\end{examplewrap}

\begin{exercisewrap}
","[""18223f28-a74d-5f9f-a586-6c3ab2bbef1f""]"
787dd433-618a-52e9-9cc2-fcb69be5ca7e,f2d394a2-2958-5de5-9cd6-2a4cd0a365d7,1,exercise,en,ch_summarizing_data/TeX/examining_numerical_data.tex,213,228,6d5226de6fb3b18d0eb20d3fa71b1fb3b98cfa3b960b3f3da038de1dfe4cb334,id-ID,repo/ch_summarizing_data/TeX/examining_numerical_data.tex,219,233,31f7d81c4d6434a3be05c1ac1703c2a2441fc5d150c7ce81814ff1c4f3a1538e,translated,"\eoce{\qt{Distribusi dan statistik yang sesuai, Bagian I\label{dist_shape_pets_dist_height}} 
Untuk setiap hal berikut, nyatakan apakah Anda memperkirakan distribusinya simetris, menceng 
kanan, atau menceng kiri. Tentukan juga apakah rata-rata atau median paling tepat mewakili 
pengamatan tipikal dalam data, serta apakah variabilitas pengamatan paling tepat diwakili oleh 
simpangan baku atau IQR. Jelaskan alasan Anda.
\begin{parts}
\item Jumlah hewan peliharaan per rumah tangga. 
\item Jarak ke tempat kerja, yaitu jarak dalam mil antara tempat kerja dan rumah.
\item Tinggi badan laki-laki dewasa.
\end{parts}
}{}

\D{\newpage}

% 16
","[""18223f28-a74d-5f9f-a586-6c3ab2bbef1f""]"
78873f41-f68e-5eaf-9683-877745007b20,eb7f6e94-501d-595e-8eaa-4e48c95d5afd,1,exercise,en,ch_intro_to_data/TeX/review_exercises.tex,160,198,9c1321e1e2bc89c42935904899f3763d6f81fd3d14fd22960f074615e26ff18f,id-ID,repo/ch_intro_to_data/TeX/review_exercises.tex,154,181,8bd2982f63d3ce0403f98fe703f15c866f1217ef84b591c3a09791f5bb8da7f1,translated,"\eoce{\qt[?]{Makan lebih baik, merasa lebih baik\label{eat_better_feel_better}}
Dalam studi kesehatan masyarakat tentang pengaruh konsumsi buah dan sayur terhadap
kesejahteraan psikologis orang dewasa muda, peserta diacak ke tiga kelompok:
(1) pola makan biasa; (2) intervensi ekologis sesaat berupa pengingat pesan teks
untuk meningkatkan konsumsi buah dan sayur beserta kupon untuk membelinya; atau (3) intervensi
buah dan sayur berupa dua porsi tambahan buah dan sayur segar per hari di luar pola
makan biasa. Para peserta adalah mahasiswa sukarelawan di University of Otago,
Selandia Baru, dan mengisi survei melalui ponsel cerdas setiap malam. Pada akhir studi,
hanya kelompok ketiga yang menunjukkan peningkatan kesejahteraan psikologis sepanjang
14 hari dibandingkan dua kelompok lain.\footfullcite{conner2017let}
\begin{parts}
\item
    Jenis studi apakah ini?
\item
    Tentukan variabel penjelas dan variabel responsnya.
\item
    Dapatkah hasil studi digeneralisasikan ke populasi? Jelaskan.
\item
    Dapatkah hasil studi menetapkan hubungan sebab-akibat? Jelaskan.
\item
    Sebuah artikel surat kabar menyatakan,
    ``Hasil studi ini membuktikan bahwa memberi orang dewasa muda buah dan sayuran
    segar untuk dimakan dapat memberikan manfaat psikologis, bahkan dalam waktu singkat.''
    Bagaimana pernyataan itu perlu direvisi agar didukung oleh studi?
\end{parts}
}{}

% 42
","[""18223f28-a74d-5f9f-a586-6c3ab2bbef1f""]"
7923b5b0-37c2-5464-9292-0221e791e904,2496839a-c5b7-5ea8-9986-c3930571e33c,1,guided-practice,en,ch_summarizing_data/TeX/ch_summarizing_data.tex,2422,2436,4b05779394820726d7eda60f506e9b43b220989a2b9978ad5ccc892c5c580bc9,id-ID,repo/ch_summarizing_data/TeX/ch_summarizing_data.tex,2347,2361,9266509ac03f7c899c657e1b4e460372d31c180343f08da51587617e24fc4b16,language_reviewed,"\begin{exercisewrap}
\begin{nexercise}
\label{malaria_vaccine_20_exp_summary_rand_1_diff}
Berapa selisih tingkat infeksi antara
kedua kelompok hasil simulasi pada
Gambar~\ref{malaria_vaccine_20_exp_summary_rand_1}?
Bagaimana selisih ini dibandingkan dengan selisih
\malariaIRDiffPerc{} yang diamati
pada data sebenarnya?\footnotemark{}
\end{nexercise}
\end{exercisewrap}
\footnotetext{$4 / 6 - 7 / 14 = 0.167$,
  atau sekitar 16.7\% yang berpihak pada vaksin.
  Perbedaan akibat kebetulan ini jauh lebih kecil daripada
  perbedaan yang diamati pada kelompok sebenarnya.}
","[""18223f28-a74d-5f9f-a586-6c3ab2bbef1f""]"
7d8eb465-9a42-5325-a2b5-90a76b54880a,15e82d16-af8c-5c5f-900d-1e15be6b7e41,1,exercise,en,ch_summarizing_data/TeX/considering_categorical_data.tex,5,21,505dd2fe84a2aa5f0b7340b25aab914e115014d15a8ef2da3798033fcaa5386e,id-ID,repo/ch_summarizing_data/TeX/considering_categorical_data.tex,8,24,41a2c29068bd9377a75c34db6f9a3d14e5666b85f517f715dc348be288f24bde,translated,"\eoce{\qt{Penggunaan antibiotik pada anak\label{antibiotic_use_children}} Diagram batang
dan diagram lingkaran di bawah menunjukkan distribusi kondisi medis yang sudah
ada sebelumnya pada anak-anak yang terlibat dalam penelitian tentang durasi
optimal penggunaan antibiotik untuk mengobati trakeitis, yaitu infeksi saluran
pernapasan atas.
\begin{center}
\Figures[Diagram batang ditampilkan dengan sumbu berlabel ""Frekuensi relatif"" dari 0 sampai sedikit di atas 0.35. Dari frekuensi tertinggi ke terendah, kategorinya kira-kira Prematuritas 0.36, Kardiovaskular 0.17, Pernapasan 0.14, Trauma 0.11, Neuromuskular 0.11, Genetik/metabolik 0.07, Imunokompromais 0.02, dan Gastrointestinal 0.02.]{0.45}{eoce/antibiotic_use_children}{antibiotic_use_children_bar}
\Figures[Diagram lingkaran menampilkan data yang sama dengan diagram batang sebelumnya. Kategori Prematuritas mencakup kira-kira sepertiga lingkaran, walaupun proporsi ini dan proporsi lain sulit diperkirakan secara tepat. Kardiovaskular mencakup kira-kira seperenam. Sekitar seperempat lingkaran terbagi kurang lebih sama antara Pernapasan dan Trauma. Kategori-kategori tersisa mencakup sedikit kurang dari seperempat lingkaran: Neuromuskular sekitar seperdelapan, Genetik/metabolik sekitar seperlima belas, dan sisanya terbagi sama antara Imunokompromais dan Gastrointestinal.]{0.45}{eoce/antibiotic_use_children}{antibiotic_use_children_pie}
\end{center}
\begin{parts}
\item Ciri apa yang tampak pada diagram batang, tetapi tidak pada diagram lingkaran?
\item Ciri apa yang tampak pada diagram lingkaran, tetapi tidak pada diagram batang?
\item Grafik mana yang lebih Anda pilih untuk menampilkan data kategoris ini?
\end{parts}
}{}

% 22
","[""18223f28-a74d-5f9f-a586-6c3ab2bbef1f""]"
7e4cf8e4-a0d4-5938-9282-ea3db62eb94f,4cdfa335-3e1e-523b-88f0-48d4d680a618,1,public_appendix_solution,en,extraTeX/eoceSolutions/eoceSolutions.tex,18,23,2d742fbda5e3785c4973c51470b4302294c686ad28dbc3067a36a6eb28f8285c,id-ID,repo/extraTeX/eoceSolutions/eoceSolutions.tex,18,23,2c280ce8aed1f40397e7dc751138d784f75d91a7df0510e321317cc64a387783,translated,"\eocesol{(a)~Perlakuan: $10/43 = 0.23 \rightarrow 23\%$. \\
(b)~Kontrol: $2/46 = 0.04 \rightarrow 4\%$. 
(c)~Persentase pasien yang bebas nyeri 24 jam setelah menerima akupunktur
lebih tinggi dalam kelompok perlakuan.
(d)~Perbedaan persentase yang teramati antara kedua kelompok mungkin
terjadi karena kebetulan.}
","[""18223f28-a74d-5f9f-a586-6c3ab2bbef1f""]"
7f40f300-a7b0-53aa-99fe-f43de0808522,e2b24411-28f5-5067-bc3d-383eda5fecf5,1,exercise,en,ch_summarizing_data/TeX/examining_numerical_data.tex,40,48,45b1f14e5927736b54314b25af49630fa2ba4a0e88013df643b046c571ce115e,id-ID,repo/ch_summarizing_data/TeX/examining_numerical_data.tex,43,51,74b5508e3c330d32087613e1a58f2d91c6e809fbd048492ad819844a58d78dad,translated,"\eoce{\qt{Bakteri berkembang biak\label{reproducing_bacteria}} Andaikan ruang dan nutrisi 
dalam sebuah cawan petri hanya cukup untuk menopang satu juta sel bakteri. Anda menempatkan 
beberapa sel bakteri di dalam cawan petri tersebut, membiarkannya berkembang biak tanpa 
hambatan, dan mencatat jumlah sel bakteri di dalam cawan dari waktu ke waktu. Buatlah sketsa 
diagram yang menggambarkan hubungan antara jumlah sel bakteri dan waktu.
% first exponential
}{}

% 4
","[""18223f28-a74d-5f9f-a586-6c3ab2bbef1f""]"
80910c29-f9d3-56c2-a034-77c844cdcdd0,9dc09770-ae18-5fa5-95d7-a5f0ef2d2e3d,1,guided_exercise,en,ch_summarizing_data/TeX/ch_summarizing_data.tex,1073,1080,ef0272e35a5aae0d2e56e53ce008e0842df92098c2e7a6c68008a5c66d2ac9e4,id-ID,repo/ch_summarizing_data/TeX/ch_summarizing_data.tex,1023,1028,53bb571397df16aaa343a0ea5b8a4dec6a3471c98b09b6cb52647e823fa89322,translated,"\begin{nexercise}
Distribusi jumlah pinjaman dalam kumpulan data \data{loan50}
menceng kanan, dengan beberapa pinjaman besar berada jauh di ekor
kanan. Jika Anda ingin memahami besar pinjaman yang tipikal,
apakah rata-rata atau median yang lebih relevan?\footnotemark
\end{nexercise}
","[""18223f28-a74d-5f9f-a586-6c3ab2bbef1f""]"
8335895c-2f21-5784-86b9-e31a88cf7f31,d031fd92-364c-5922-9977-7d4f68b6f109,1,subsection_prose,en,ch_summarizing_data/TeX/ch_summarizing_data.tex,1461,1575,eeb937e11bc3c5a67d8b5eba472e83bfdce54b7361c0db550a65463d98cfda99,id-ID,repo/ch_summarizing_data/TeX/ch_summarizing_data.tex,1406,1518,5afaefbe2021197e4dc614c23fd143c5dde37dadd49eee49dd6eb720192967b3,translated,"\subsection{Proporsi baris dan kolom}

Kadang-kadang kita perlu memahami pembagian proporsional
satu variabel di dalam variabel lain,
dan tabel kontingensi dapat diubah untuk memberikan tampilan tersebut.
Gambar~\ref{rowPropAppTypeHomeownership}
menampilkan
\termsub{proporsi baris}{contingency table!row proportions}
untuk Gambar~\ref{loan_home_app_type_totals},
yang dihitung dengan membagi frekuensi setiap sel dengan total barisnya.
Nilai \loanapphomeAA{} pada perpotongan
\resp{individual} dan \resp{rent} diganti dengan
$\loanapphomeAA{}/\loanapphomeAD{} = 0.411$,
yaitu \loanapphomeAA{} dibagi dengan total barisnya,
\loanapphomeAD{}.
Jadi, apa arti 0.411?
Nilai itu adalah proporsi pemohon perorangan yang menyewa rumah.

\begin{figure}[h]
\centering
\begin{tabular}{l rrr r}
  \hline
  & sewa & hipotek & milik & Total \\
  \hline
  perorangan & 
%      $\loanapphomeAA{}/\loanapphomeAD{} = 0.411$ &
%      $\loanapphomeAB{}/\loanapphomeAD{} = 0.451$ &
%      $\loanapphomeAC{}/\loanapphomeAD{} = 0.138$ &
      0.411 &
      0.451 &
      0.138 &
      1.000 \\
  bersama &
%      $\loanapphomeBA{}/\loanapphomeBD{} = 0.242$ &
%      $\loanapphomeBB{}/\loanapphomeBD{} = 0.635$ &
%      $\loanapphomeBC{}/\loanapphomeBD{} = 0.122$ &
      0.242 &
      0.635 &
      0.122 &
      1.000 \\
  \hline
  Total &
%      $\loanapphomeDA{}/\loanapphomeDD{} = 0.386$ &
%      $\loanapphomeDB{}/\loanapphomeDD{} = 0.479$ &
%      $\loanapphomeDC{}/\loanapphomeDD{} = 0.135$ &
      0.386 &
      0.479 &
      0.135 &
      1.000 \\
  \hline
\end{tabular}
\caption{Tabel kontingensi dengan proporsi baris
    untuk variabel \var{app\us{}type} dan
    \var{homeownership}.
    Total baris \resp{joint} berselisih 0.001
    akibat pembulatan.}
\label{rowPropAppTypeHomeownership}
\end{figure}

Tabel kontingensi berisi proporsi kolom dihitung dengan cara serupa;
setiap
\termsub{proporsi kolom}{contingency table!column proportion}
dihitung dengan membagi frekuensi sel dengan total kolom yang bersesuaian.
Gambar~\ref{colPropAppTypeHomeownership} menampilkan tabel semacam itu,
dan nilai 0.906 menunjukkan bahwa 90.6\% penyewa mengajukan
pinjaman secara perorangan.
Angka ini lebih tinggi daripada pinjaman dari orang yang
memiliki rumah dengan hipotek (80.2\%) atau memiliki rumah (86.5\%).
Karena angka-angka tersebut berbeda di antara ketiga kategori
\var{homeownership} (\resp{rent}, \resp{mortgage}, \resp{own}),
hal ini menjadi bukti adanya hubungan antara variabel
\var{app\us{}type} dan \var{homeownership}.

\begin{figure}[h]
\centering%\small
\begin{tabular}{l rrr r}
  \hline
  & sewa & hipotek & milik & Total \\
  \hline
  perorangan &
%      $\loanapphomeAA{}/\loanapphomeDA{} = 0.906$ &
%      $\loanapphomeAB{}/\loanapphomeDB{} = 0.802$ &
%      $\loanapphomeAC{}/\loanapphomeDC{} = 0.865$ &
%      $\loanapphomeAD{}/\loanapphomeDD{} = 0.851$ \\
      0.906 &
      0.802 &
      0.865 &
      0.851 \\
  bersama &
%      $\loanapphomeBA{}/\loanapphomeDA{} = 0.094$ &
%      $\loanapphomeBB{}/\loanapphomeDB{} = 0.198$ &
%      $\loanapphomeBC{}/\loanapphomeDC{} = 0.135$ &
%      $\loanapphomeBD{}/\loanapphomeDD{} = 0.150$ \\
      0.094 &
      0.198 &
      0.135 &
      0.150 \\
  \hline
  Total & 1.000 & 1.000 & 1.000 & 1.000 \\
  \hline
\end{tabular}
\caption{Tabel kontingensi dengan proporsi kolom untuk variabel
    \var{app\us{}type} dan \var{homeownership}.
    Total pada kolom terakhir berselisih 0.001
    akibat pembulatan.}
\label{colPropAppTypeHomeownership}
\end{figure}

Kita juga dapat memeriksa hubungan antara \var{app\us{}type} dan \var{homeownership} pada Gambar~\ref{rowPropAppTypeHomeownership} dengan menggunakan proporsi baris. Ketika membandingkan proporsi baris tersebut, kita melihat ke bawah pada setiap kolom untuk mengetahui apakah proporsi pinjaman bagi peminjam yang menyewa, memiliki hipotek, atau memiliki rumah berbeda antara jenis pengajuan \resp{individual} dan \resp{joint}.

\D{\newpage}

\begin{exercisewrap}
","[""18223f28-a74d-5f9f-a586-6c3ab2bbef1f""]"
8350fe92-c749-5c3a-a26f-389914d58f4c,c9faaa37-1ac5-54ae-b62f-1556d2b63374,1,section_heading,en,ch_intro_to_data/TeX/ch_intro_to_data.tex,41,42,9a1a765816b5a5d7a1f11675b36dcf49d3608391a6314c0dcf3f0472013c9e88,id-ID,repo/ch_intro_to_data/TeX/ch_intro_to_data.tex,41,42,a20a8e3760cb06a360f7811938c1cdd978b6500a616cace8e6d3a001e0d8da38,translated,"\section{Studi kasus: penggunaan stent untuk mencegah strok}
\label{basicExampleOfStentsAndStrokes}
","[""18223f28-a74d-5f9f-a586-6c3ab2bbef1f""]"
84d50ae4-01b3-5d92-a521-5e360c6d853e,7c6f18a3-f953-577e-a859-eda10519975c,1,chapter_title_page,en,ch_intro_to_data/TeX/ch_intro_to_data.tex,1,10,7d47f852c51eb2273288e1467bf9ffcbf464a16d3467bdabfde5694927b8e6e4,id-ID,repo/ch_intro_to_data/TeX/ch_intro_to_data.tex,1,10,366f2eb7243f372509f2353ab024d0a723cdd54fe280133488afc295ef45031c,translated,"\begin{chapterpage}{Pengantar data}
  \chaptertitle{Pengantar data}
  \label{introductionToData}
  \label{ch_intro_to_data}
  \chaptersection{basicExampleOfStentsAndStrokes}
  \chaptersection{dataBasics}
  \chaptersection{overviewOfDataCollectionPrinciples}
  % \chaptersection{section_obs_data_sampling}
  \chaptersection{experimentsSection}
\end{chapterpage}
","[""18223f28-a74d-5f9f-a586-6c3ab2bbef1f""]"
873ad0f2-99d9-5829-b74d-210a9a962dd4,76494447-2b5b-55a0-acf9-028b903fa8cb,1,exercise,en,ch_intro_to_data/TeX/sampling_principles_and_strategies.tex,118,131,342c9fbbb706ee7ad1c9d425616bb5ce797193008e8b5647ca849b8dd0cfa4e5,id-ID,repo/ch_intro_to_data/TeX/sampling_principles_and_strategies.tex,115,128,a866b20e2c061e4f9f33951a438be37527cd3a6ab950e4c69601165dd9929276,translated,"\eoce{\qt{Kepuasan mata kuliah antarkelompok\label{course_satisfaction_sections}} 
Sebuah kelas besar di perguruan tinggi memiliki 160 mahasiswa. Seluruh 
mahasiswa mengikuti kuliah bersama, tetapi untuk sesi praktikum mereka dibagi 
menjadi 4 kelompok yang masing-masing berisi 40 mahasiswa dan dibimbing oleh 
asisten pengajar yang berbeda. Dosen hendak melakukan survei mengenai kepuasan 
mahasiswa terhadap mata kuliah tersebut. Ia menduga kelompok praktikum yang 
diikuti mahasiswa dapat memengaruhi kepuasan mereka secara keseluruhan.
\begin{parts}
\item Jenis studi apakah ini?
\item Usulkan strategi pengambilan sampel untuk melaksanakan studi ini.
\end{parts}
}{}

% 20
","[""18223f28-a74d-5f9f-a586-6c3ab2bbef1f""]"
87e02428-78d0-5693-ae10-1361ac7a9cb5,d6274bc8-d45e-51f1-91e8-38da3bbe4007,1,public_appendix_solution,en,extraTeX/eoceSolutions/eoceSolutions.tex,136,149,fc1c7061e3700ca58291a0539b23fb7f90596872b20bca8d73c8d9344059d3cb,id-ID,repo/extraTeX/eoceSolutions/eoceSolutions.tex,147,160,840099c0a2520bb032b6b37ed73cbbf395d485805f85b84bdc73e6207cde50a2,translated,"% 27

\eocesol{(a)~Sampel acak sederhana. Bias nonrespons dapat muncul: jika hanya 
orang-orang yang memiliki pendapat kuat tentang survei yang merespons, 
sampelnya mungkin tidak mewakili populasi.
(b)~Sampel kemudahan. Sampelnya mungkin tidak mewakili populasi karena hanya 
terdiri atas teman-temannya. Studi ini juga dapat mengalami bias nonrespons 
jika sebagian orang memilih untuk tidak mengembalikan survei.
(c)~Sampel kemudahan. Cara ini menghadapi masalah yang serupa dengan pembagian 
survei kepada teman-teman.
(d)~Pengambilan sampel multitahap. Bias bergantung pada peluang inklusi siswa,
pembobotan bila peluang itu berbeda, dan nonrespons. Kemiripan antarkelas
terutama memengaruhi presisi; kemiripan itu sendiri tidak menjamin bahwa
estimasi bebas bias.}
","[""18223f28-a74d-5f9f-a586-6c3ab2bbef1f""]"
8819eb0f-cb02-5a70-adee-5fddfb21426a,aaaf998a-0136-55b4-a71e-e50907922fb3,1,guided_exercise,en,ch_summarizing_data/TeX/ch_summarizing_data.tex,765,774,431764459fdfb673bdc99333fe8aefd9205d7002e26db4c2b11d37cdb75c9f7e,id-ID,repo/ch_summarizing_data/TeX/ch_summarizing_data.tex,742,749,c6a67e7d11aa3d8f6385b6ff1a15570a60fd74d62ec83bc2ab45a62a74b4ea9b,translated,"\begin{nexercise}
Pada halaman~\pageref{shapeFirstDiscussed}, konsep bentuk
distribusi diperkenalkan. Deskripsi bentuk distribusi yang baik
harus mencakup modalitas serta apakah distribusi tersebut simetris
atau menceng ke satu sisi.
Dengan menggunakan Gambar~\ref{severalDiffDistWithSdOf1} sebagai
contoh, jelaskan mengapa deskripsi seperti ini penting.\footnotemark{}
\end{nexercise}
","[""18223f28-a74d-5f9f-a586-6c3ab2bbef1f""]"
889d897e-c0b5-5ef1-b776-5a33eb4bdb80,ca6367c4-15b1-502f-9fa9-3f7229c912ee,2,subsection_prose,en,ch_summarizing_data/TeX/ch_summarizing_data.tex,144,151,3ea97ed3206d34d12f03d8d2957c0cbca9e192afba56974190b87bce9aed5f82,id-ID,repo/ch_summarizing_data/TeX/ch_summarizing_data.tex,143,149,9218b68e8e8111c3e4f2178bba11b0832cac3582ba2679c369d15f3b9a2a5f21,translated,"\end{exercisewrap}
\footnotetext{Jawaban dapat bervariasi.
  Diagram pencar membantu kita mengenali dengan cepat hubungan
  antarvariabel, baik yang berbentuk tren sederhana maupun
  hubungan yang lebih rumit.}

\begin{exercisewrap}
","[""18223f28-a74d-5f9f-a586-6c3ab2bbef1f""]"
8955285c-18b1-545b-9b67-cf16e91a6a73,05ed1aa2-8201-50ff-8cb7-893d51314da9,1,subsection_prose,en,ch_summarizing_data/TeX/ch_summarizing_data.tex,1095,1206,1653939f7f859a5acc1e75ba9d32d156582df58c7c52330b439927c16d6ea500,id-ID,repo/ch_summarizing_data/TeX/ch_summarizing_data.tex,1042,1149,11985310f1752ec03eef94339d1dec5e1a8d816d23b2dad8d871ade3c2df5087,language_reviewed,"\subsection{Mentransformasi data (topik khusus)}
\label{transformingDataSubsection}

\noindent%
Jika data sangat menceng, kita kadang-kadang mentransformasinya
agar lebih mudah dimodelkan.

\begin{figure}[ht]
  \centering
  \subfigure[]{
    \Figures[Histogram dengan sumbu horizontal berlabel ""Populasi"" (populasi) dan kemungkinan nilai data dari 0 hingga sekitar 10 juta. Batang pertama, yang mewakili 0 hingga 400,000, menunjukkan frekuensi (tinggi batang) sekitar 3000. Batang kedua, untuk 400,000 hingga 800,000, menunjukkan frekuensi sekitar 100. Semua batang lainnya begitu kecil sehingga hampir tidak dapat dibedakan dari 0.]
        {0.46}
        {county_pop_transformed}
        {county_pop_transformed_i}
    \label{county_pop_transformed_i}
  }
  \subfigure[]{
    \Figures[Ditampilkan histogram dengan logaritma basis 10 dari populasi pada sumbu horizontal. Sumbu horizontal membentang dari sekitar 2 hingga 7, dan frekuensi (tinggi interval kelas/kotak) mencapai puncak sedikit di atas 1000. Data kira-kira berbentuk lonceng, dengan puncak di tengah antara 4 dan 4.5; makin jauh dari 4--4.5, frekuensinya makin rendah dan mendekati nol di luar 2.5 hingga 6.5.]
        {0.46}
        {county_pop_transformed}
        {county_pop_transformed_log}
  \label{county_pop_transformed_log}
  }
  \caption{\subref{county_pop_transformed_i} Histogram populasi
      seluruh county di AS.
      \subref{county_pop_transformed_log} Histogram populasi
      county setelah transformasi log$_{10}$.
      Dalam diagram ini, nilai x menyatakan pangkat 10; misalnya,
      ``4'' pada sumbu x bersesuaian dengan $10^4 =$ 10,000.}
    \label{county_pop_transformed}
\end{figure}

\begin{examplewrap}
\begin{nexample}{Perhatikan histogram populasi county dalam
    Gambar~\ref{county_pop_transformed_i}, yang sangat menceng.
    \index{kemencengan!ekstrem}
    Apa yang membuat diagram ini kurang berguna?}
  Hampir semua data masuk ke interval kelas paling kiri, dan
  kemencengan yang ekstrem menyamarkan banyak rincian data yang
  sebenarnya berpotensi menarik.
\end{nexample}
\end{examplewrap}

Beberapa transformasi standar dapat berguna untuk data yang sangat
menceng kanan, ketika sebagian besar datanya positif tetapi
mengelompok di dekat nol.
Sebuah \term{transformasi} adalah perubahan skala data menggunakan suatu
fungsi. Sebagai contoh, menggambar logaritma (basis 10) dari
populasi county menghasilkan histogram baru dalam
Gambar~\ref{county_pop_transformed_log}.
Data ini simetris, dan setiap pencilan potensial tampak jauh kurang
ekstrem daripada dalam kumpulan data asli.
Dengan meredam pencilan dan kemencengan ekstrem, transformasi
seperti ini sering memudahkan penyusunan model statistik untuk data.

Transformasi juga dapat diterapkan pada salah satu atau kedua
variabel dalam diagram pencar.
Diagram pencar perubahan populasi dari 2010 hingga 2017 terhadap
populasi pada 2010 ditampilkan dalam
Gambar~\ref{county_pop_change_v_pop_transform_i}.
Pada diagram pencar pertama ini, pola yang menarik sulit dikenali
karena variabel populasi sangat menceng.
Namun, jika transformasi log$_{10}$ diterapkan pada variabel
populasi seperti dalam
Gambar~\ref{county_pop_change_v_pop_transform_log}, terlihat
asosiasi positif antara kedua variabel.
Bahkan, ketika mempelajari metode pencocokan garis regresi dalam
Bab~\ref{linRegrForTwoVar}, kita mungkin tertarik mencocokkan
sebuah garis tren pada data ini.

\begin{figure}
  \centering
  \subfigure[]{
    \Figures[Diagram pencar dengan populasi pada sumbu horizontal (rentang 0 hingga 10 juta) dan persentase perubahan populasi pada sumbu vertikal (rentang -35\% hingga positif 40\%). Data sangat terkonsentrasi di sisi kiri grafik, di bawah 1 juta. Untuk populasi di bawah 1 juta, perubahan populasi sebagian besar mengelompok antara sekitar -10\% dan positif 15\%. Relatif sedikit pengamatan yang populasinya melebihi 1 juta, dan semuanya mempunyai perubahan populasi antara kira-kira -3\% dan positif 10\%. Tidak tampak tren yang dapat dikenali dalam data.]
        {0.47}
        {county_pop_change_v_pop_transform}
        {county_pop_change_v_pop_transform_i}
    \label{county_pop_change_v_pop_transform_i}
  }
  \subfigure[]{
    \Figures[Diagram pencar dengan logaritma basis 10 dari populasi pada sumbu horizontal (rentang 2 hingga 7) dan persentase perubahan populasi pada sumbu vertikal (-35\% hingga positif 40\%). Data tersebar baik antara sekitar 3 dan 6 pada sumbu horizontal dan membentuk awan titik dengan tren sedikit menaik. Antara 3 dan 4 pada sumbu horizontal, hampir semua titik bernilai antara -10\% dan positif 10\%. Antara 4 dan 5 pada sumbu horizontal, hampir semua titik mempunyai nilai vertikal antara -8\% dan positif 15\%. Antara 5 dan 6 pada sumbu horizontal, hampir semua titik mempunyai nilai vertikal antara -5\% dan positif 18\%.]
        {0.47}
        {county_pop_change_v_pop_transform}
        {county_pop_change_v_pop_transform_log}
    \label{county_pop_change_v_pop_transform_log}
  }
  \caption{\subref{county_pop_change_v_pop_transform_i}
      Diagram pencar perubahan populasi terhadap populasi sebelum
      perubahan.
      \subref{county_pop_change_v_pop_transform_log}~Diagram pencar
      data yang sama setelah ukuran populasi ditransformasi dengan
      logaritma.}
  \label{county_pop_change_v_pop_transform_main}
\end{figure}

Transformasi selain logaritma juga dapat berguna.
Sebagai contoh, akar kuadrat
($\sqrt{\text{pengamatan asli}}$) dan kebalikan
($\frac{1}{\text{pengamatan asli}}$) lazim digunakan oleh
ilmuwan data. Tujuan umum transformasi data adalah melihat
struktur data dari sudut berbeda, mengurangi kemencengan, membantu
pemodelan, atau meluruskan hubungan nonlinear dalam diagram pencar.

\index{data!county|)}


\D{\newpage}

","[""18223f28-a74d-5f9f-a586-6c3ab2bbef1f""]"
8a9be271-c49c-5dd1-a5cd-6fb45aade8b4,e6eef250-171b-5467-b369-df0a8ef36623,1,exercise,en,ch_intro_to_data/TeX/sampling_principles_and_strategies.tex,214,246,6226ed09394a1bd314dd1a62ef26ee89aa85da826084c33a6d5fc755ed7d90c6,id-ID,repo/ch_intro_to_data/TeX/sampling_principles_and_strategies.tex,210,241,9e456d71adc74e99e5ccb82cbf6dd1e1e93754762e0d02aaf83f13783fed8360,translated,"\eoce{\qt{Kecenderungan menyukai atau tidak menyukai\label{scope_haters}}
Sebuah studi yang diterbitkan dalam
\textit{Journal of Personality and Social Psychology}
meminta 200 peserta dari kalangan laki-laki dan perempuan yang dipilih secara
acak untuk menilai
perasaan mereka terhadap berbagai topik, seperti berkemah, layanan kesehatan,
arsitektur, taksidermi, teka-teki silang, dan Jepang. Tujuannya adalah mengukur
sikap mereka terhadap rangsangan yang sebagian besar tidak saling berkaitan.
Selanjutnya, peserta menerima informasi tentang produk baru berupa oven
gelombang mikro. Produk ini sebenarnya tidak ada, tetapi peserta tidak
mengetahuinya; mereka diberi tiga ulasan positif dan tiga ulasan negatif yang
direkayasa. Orang yang bereaksi positif terhadap topik-topik pada pengukuran
sikap disposisional juga cenderung bereaksi positif terhadap oven tersebut,
sedangkan orang yang bereaksi negatif cenderung menilainya secara negatif.
Para peneliti menafsirkan pola itu sebagai kecenderungan evaluatif umum:
sebagian peserta cenderung menilai banyak objek secara lebih positif, sedangkan
peserta lain cenderung menilainya secara lebih negatif. Menurut mereka, pola
lintas-objek ini dapat membantu menjelaskan bagaimana sikap terbentuk.
\footfullcite{Hepler:2013}
\begin{parts}
\item Apa saja yang menjadi kasus?
\item Apa variabel respons dalam studi ini?
\item Apa variabel penjelas dalam studi ini?
\item Apakah studi ini menggunakan pengambilan sampel acak?
\item Apakah ini studi observasional atau eksperimen? Jelaskan alasan Anda.
\item Dapatkah kita menetapkan hubungan kausal antara variabel penjelas dan 
variabel respons?
\item Dapatkah hasil studi digeneralisasikan ke populasi secara luas?
\end{parts}
}{}

% 26
","[""18223f28-a74d-5f9f-a586-6c3ab2bbef1f"",""4e874c2a-7b14-5cbf-9d15-2a5a1a44dec9""]"
8b57a040-e2e1-5c23-9127-2241ece87e9f,472bec5c-8b39-5aaa-846f-e89ddd224353,1,guided_exercise,en,ch_summarizing_data/TeX/ch_summarizing_data.tex,2103,2111,5abc0b0dde38147629961e2f6076c359920ce6a22529edd07aa06755cc6d7a72,id-ID,repo/ch_summarizing_data/TeX/ch_summarizing_data.tex,2037,2045,994296ece007f8130b05727afc41b3376944d8b4a12a0cca75e6776a1cca79e7,translated,"\begin{nexercise} \label{comparingPriceByTypeExercise}
Gunakan grafik pada Gambar~\ref{countyIncomeSplitByPopGain}
untuk membandingkan pendapatan county dalam kedua kelompok.
Apa yang Anda amati tentang perkiraan pusat setiap kelompok?
Apa yang Anda amati tentang variabilitas antarkelompok?
Apakah bentuk distribusinya relatif serupa pada kedua kelompok?
Berapa banyak modus yang \emph{menonjol} pada setiap
kelompok?\footnotemark{}
\end{nexercise}
","[""18223f28-a74d-5f9f-a586-6c3ab2bbef1f""]"
8dc5af85-20b6-5bb2-980b-d05284d9beac,1c22723c-f2d0-5445-bccd-2c220201d232,1,end-of-section-exercise,en,ch_summarizing_data/TeX/case_study_malaria_vaccine.tex,3,52,56c23c4933bd45268dcff09a6463877989daacdd6c32d853c0ed133c4ee71f7b,id-ID,repo/ch_summarizing_data/TeX/case_study_malaria_vaccine.tex,3,80,ffe36e967628c7d598413263bec667ddae0683c302d7bdbfdbe6f98b3e8de02f,language_reviewed,"% 25

\eoce{\qt{Efek samping Avandia\label{randomization_avandia}} Rosiglitazon adalah
bahan aktif dalam obat diabetes tipe~2 Avandia yang kontroversial dan telah
dikaitkan dengan peningkatan risiko masalah kardiovaskular serius, seperti
stroke, gagal jantung, dan kematian. Salah satu pengobatan alternatif yang umum
adalah pioglitazon, yaitu bahan aktif dalam obat diabetes bernama Actos. Dalam
sebuah studi observasional retrospektif berskala nasional terhadap 227,571
penerima manfaat Medicare berusia 65 tahun atau lebih, ditemukan bahwa 2,593
dari 67,593 pasien yang menggunakan rosiglitazon dan 5,386 dari 159,978 pasien
yang menggunakan pioglitazon mengalami masalah kardiovaskular serius. Data ini
dirangkum dalam tabel kontingensi berikut. \footfullcite{Graham:2010}
\begin{center}
\begin{tabular}{ll  cc c} 
                                &   & \multicolumn{2}{c}{\textit{Masalah kardiovaskular}} \\
\cline{3-4} 
                                    &               & Ya    & Tidak     & Total \\
\cline{2-5}
\multirow{2}{*}{\textit{Perlakuan}} & Rosiglitazon  & 2,593 & 65,000    & 67,593 \\
                                    & Pioglitazon   & 5,386 & 154,592   & 159,978 \\
\cline{2-5}
                                    & Total         & 7,979 & 219,592   & 227,571
\end{tabular}
\end{center}
\begin{parts}
\item Tentukan apakah setiap pernyataan berikut benar atau salah. Jika salah,
jelaskan alasannya. \textit{Berhati-hatilah:} Penalarannya mungkin salah walaupun
kesimpulan pernyataannya benar. Dalam kasus seperti itu, pernyataan harus
dianggap salah.
\begin{subparts}
\item Karena lebih banyak pasien pengguna pioglitazon mengalami masalah
kardiovaskular (5,386 dibandingkan dengan 2,593), kita dapat menyimpulkan bahwa
tingkat masalah kardiovaskular pada orang yang menerima perlakuan pioglitazon
lebih tinggi.
\item Data mengisyaratkan bahwa pasien diabetes yang menggunakan rosiglitazon
lebih mungkin mengalami masalah kardiovaskular karena tingkat kejadiannya
adalah (2,593 / 67,593 = 0.038) 3.8\% pada pasien yang menerima perlakuan ini,
sedangkan pada pasien pengguna pioglitazon hanya
(5,386 / 159,978 = 0.034) 3.4\%.
\item Fakta bahwa tingkat kejadian lebih tinggi pada kelompok rosiglitazon
membuktikan bahwa rosiglitazon menyebabkan masalah kardiovaskular serius.
\item Berdasarkan informasi yang diberikan sejauh ini, kita tidak dapat
menentukan apakah perbedaan tingkat kejadian disebabkan oleh hubungan antara
kedua variabel atau oleh faktor kebetulan.
\end{subparts}
\item Berapa proporsi seluruh pasien yang mengalami masalah kardiovaskular?
\item Jika jenis perlakuan dan kejadian masalah kardiovaskular saling
independen, kira-kira berapa banyak pasien dalam kelompok rosiglitazon yang
diperkirakan mengalami masalah kardiovaskular?
\item Kita dapat menyelidiki hubungan antara hasil dan perlakuan dalam penelitian
ini dengan teknik pengacakan. Dalam praktiknya, simulasi yang diperlukan untuk
pengacakan akan dijalankan menggunakan perangkat lunak statistika, tetapi
misalkan kita benar-benar menyimulasikannya dengan kartu indeks. Untuk
menyimulasikan model independensi, yang menyatakan bahwa hasil tidak bergantung
pada perlakuan, pada setiap kartu kita tuliskan apakah seorang pasien mengalami
masalah kardiovaskular atau tidak. Semua kartu kemudian dikocok dan dibagikan
ke dalam dua kelompok berukuran 67,593 dan 159,978. Kita mengulangi simulasi ini
1,000 kali dan setiap kali mencatat jumlah orang dalam kelompok rosiglitazon
yang mengalami masalah kardiovaskular. Gunakan histogram frekuensi relatif
dari jumlah tersebut untuk menjawab (i)--(iii).
\end{parts}
\begin{minipage}[c]{0.5\textwidth}
\begin{subparts}
\item Pernyataan apa saja yang sedang diuji?
\item Dibandingkan dengan jumlah yang dihitung pada bagian~(c), manakah yang
akan lebih mendukung hipotesis alternatif: \textit{lebih banyak} atau
\textit{lebih sedikit} pasien dengan masalah kardiovaskular dalam kelompok
rosiglitazon?
\item Apa yang ditunjukkan oleh hasil simulasi mengenai hubungan antara
penggunaan rosiglitazon dan kejadian masalah kardiovaskular pada pasien diabetes?
\end{subparts}
\end{minipage}
\begin{minipage}[c]{0.5\textwidth}
\Figures[Ditampilkan histogram ""Kejadian kardiovaskular rosiglitazon hasil simulasi"", dengan nilai yang membentang dari 2250 hingga 2450. Dari sisi kiri, histogram dimulai dengan interval-interval kelas yang rendah sampai sekitar 2280. Tinggi kelas kemudian naik bertahap, lalu meningkat tajam mulai 2320 hingga mencapai puncak sekitar 2360. Tinggi kelas turun tajam sekitar 2380 menjadi sekitar setengah tinggi puncak, lalu menurun bertahap sampai 2460 dan menjadi nol setelah titik tersebut.]{}{eoce/randomization_avandia}{randomization_avandia} \\
\end{minipage}
}{}


","[""18223f28-a74d-5f9f-a586-6c3ab2bbef1f""]"
8dea20bf-5f12-5971-b610-b96049820846,1d4258d2-754c-5f2a-b382-28e0c5cf5252,1,exercise,en,ch_intro_to_data/TeX/data_basics.tex,26,46,6b050e18d174d9bd1354a8069343d6c54b9bca162e906c808573342011628bc6,id-ID,repo/ch_intro_to_data/TeX/data_basics.tex,27,47,67d2fb10f6d0003862c738b92dec850024c567a2a2e3e4046d531e08735eec66,translated,"\eoce{\qt{Metode Buteyko, komponen penelitian\label{study_components_buteyko}}
Metode Buteyko adalah teknik pernapasan dangkal yang dikembangkan oleh Konstantin
Buteyko, seorang dokter Rusia, pada tahun 1952. Bukti anekdotal menunjukkan bahwa
metode Buteyko dapat mengurangi gejala asma dan meningkatkan kualitas hidup. Dalam
sebuah penelitian ilmiah untuk menentukan keefektifan metode ini, para peneliti
merekrut 600 pasien asma berusia 18-69 tahun yang bergantung pada obat untuk
penanganan asma. Pasien-pasien ini secara acak dibagi menjadi dua kelompok
penelitian: satu kelompok mempraktikkan metode Buteyko dan kelompok lainnya tidak.
Pasien diberi skor dari 0 hingga 10 untuk kualitas hidup, aktivitas, gejala asma,
dan pengurangan penggunaan obat. Rata-rata, peserta dalam kelompok Buteyko
mengalami penurunan gejala asma yang signifikan dan peningkatan kualitas hidup.\footfullcite{McDowan:2003}
\begin{parts}
\item Tentukan pertanyaan penelitian utama dalam penelitian ini.
\item Siapa subjek dalam penelitian ini, dan berapa banyak yang disertakan?
\item Apa saja variabel dalam penelitian ini? Tentukan apakah setiap variabel
bersifat numerik atau kategoris. Jika numerik, nyatakan apakah variabel tersebut
diskret atau kontinu. Jika kategoris, nyatakan apakah variabel tersebut ordinal.
\end{parts}
}{}

% 5
","[""18223f28-a74d-5f9f-a586-6c3ab2bbef1f""]"
8fa589c0-57e6-5548-8cef-8c9b96841a97,0c5a6a38-7e7c-5ca9-91cb-d65cbe872021,1,public_appendix_solution,en,extraTeX/eoceSolutions/eoceSolutions.tex,278,288,40daef3d2ad980400447e3bd6fdb563aa340c29787b9596af27bfeacfcab49f0,id-ID,repo/extraTeX/eoceSolutions/eoceSolutions.tex,293,303,e17a303a990287ed0e7369855b9b6524cb83ec4499b25f45b8d50eb45d0af551,translated,"% 11

\eocesol{(a)~Sekitar 30.
(b)~Karena distribusinya menceng kanan, rata-ratanya lebih tinggi daripada median.
(c)~Q1: antara 15 dan 20, Q3: antara 35 dan 40, IQR: sekitar 20.
(d)~Nilai yang dianggap sangat rendah atau sangat tinggi berada lebih dari 1.5$\times$IQR 
dari kuartil. Batas atas: Q3 + 1.5 $\times$ IQR = $37.5 + 1.5 \times 20 = 67.5$; 
batas bawah: Q1 - 1.5 $\times$ IQR = $17.5 - 1.5 \times 20 =  -12.5$. AQI terendah yang 
tercatat tidak lebih rendah daripada 5 dan AQI tertinggi yang tercatat tidak lebih tinggi 
daripada 65; keduanya berada di dalam batas tersebut. Oleh karena itu, tidak ada hari dalam 
sampel ini yang dapat dianggap memiliki AQI yang sangat rendah atau sangat tinggi.}
","[""18223f28-a74d-5f9f-a586-6c3ab2bbef1f""]"
8ffb7370-2402-5c0c-9b54-ed14ecfd742c,49ca843c-e79c-5858-96ba-34396dd18ae6,1,exercise,en,ch_intro_to_data/TeX/sampling_principles_and_strategies.tex,147,168,46325971374cd8c8fe2220893e8aafea1df9b601fae455993d1679b618399de4,id-ID,repo/ch_intro_to_data/TeX/sampling_principles_and_strategies.tex,145,164,ebd94409080df15adfd9920228c852b3d966d4d0413074cfb4caeedeb4638128,translated,"\eoce{\qt{Penggunaan internet dan harapan hidup\label{internet_life_expectancy}} 
Diagram pencar berikut dibuat dalam sebuah studi yang menilai hubungan antara 
estimasi harapan hidup saat lahir (per 2014) dan persentase pengguna internet 
(per 2009) di 208 negara yang memiliki kedua jenis data tersebut.\footfullcite{data:ciaFactbook}

\noindent\begin{minipage}[c]{0.44\textwidth}
\begin{parts}
\item Jelaskan hubungan antara harapan hidup dan persentase pengguna internet.
\item Jenis studi apakah ini?
\item Sebutkan kemungkinan variabel perancu yang dapat menjelaskan hubungan ini 
dan uraikan kemungkinan pengaruhnya.
\end{parts} \vspace{15mm}
\end{minipage}
\begin{minipage}[r]{0.55\textwidth}
\hfill%
\Figures[Diagram pencar dengan ""persentase pengguna internet"" (0\% hingga 100\%) pada sumbu horizontal dan ""harapan hidup saat lahir"" (50 hingga 90) pada sumbu vertikal. Untuk 0\% hingga 15\%, sekitar 100 titik tersebar cukup merata antara 50 dan 75. Untuk 15\% hingga 90\%, titik-titik terkonsentrasi antara sekitar 70 dan 85 serta menunjukkan sedikit tren menaik.]{0.87}{eoce/internet_life_expectancy}{internet_life_expectancy}
\end{minipage}
}{}

% 22
","[""18223f28-a74d-5f9f-a586-6c3ab2bbef1f"",""0f82ea30-16ac-53ad-afe5-d62667bc819b"",""328e0168-0cda-50d4-bfc4-3f3e8d555983""]"
92102be0-4ed5-56b1-bbd6-d1dbb76c0d20,961275f4-5a1e-59a5-8a35-44ba47c24314,1,guided-practice,en,ch_summarizing_data/TeX/ch_summarizing_data.tex,2175,2184,23f748e08787e0382c8b010375ff65a124025452a0c3cac3bdb8910456cd682a,id-ID,repo/ch_summarizing_data/TeX/ch_summarizing_data.tex,2107,2116,d679ac8d1533d8809fab83b1368460cdd24a5d43537e05ef591df79fc5c1c005,language_reviewed,"\begin{exercisewrap}
\begin{nexercise}
Jika kita beranggapan bahwa sisi ruangan tempat seseorang duduk
di kelas tidak berkaitan dengan apakah orang tersebut memiliki produk Apple,
asumsi apa yang kita buat tentang hubungan antara
kedua variabel ini?\footnotemark{}
\end{nexercise}
\end{exercisewrap}
\footnotetext{Kita mengasumsikan bahwa kedua variabel ini
  saling independen.}
","[""18223f28-a74d-5f9f-a586-6c3ab2bbef1f""]"
92f378d4-61c4-5ec5-88fa-c00daff344fe,0c15d1e6-cc3a-5b85-9c5e-028f9f39d588,1,exercise,en,ch_intro_to_data/TeX/data_basics.tex,80,99,419c70330a1bee0ad0b816094bac4b23dedbb99b85d8583ce0c0b9a7fec165e9,id-ID,repo/ch_intro_to_data/TeX/data_basics.tex,79,100,f48e5243b1308c0edcfeb5ae2b0b0ce55e9175d0358ad940dba8576b5bb7c9e8,translated,"\eoce{\qt{Perilaku mengambil permen, komponen penelitian\label{study_components_stealers}}
Dalam sebuah penelitian tentang hubungan antara kelas sosioekonomi dan perilaku
tidak etis, 129 mahasiswa sarjana University of California, Berkeley diminta
mengidentifikasi diri sebagai anggota kelas sosial bawah atau atas dengan
membandingkan diri mereka dengan orang lain yang memiliki uang paling banyak
(paling sedikit), pendidikan paling tinggi (paling rendah), dan pekerjaan paling
dihormati (paling tidak dihormati). Mereka juga diberi sebuah stoples berisi
permen yang dibungkus satu per satu dan diberi tahu bahwa permen tersebut
diperuntukkan bagi anak-anak di laboratorium terdekat, tetapi mereka boleh
mengambil beberapa jika mau. Setelah menyelesaikan beberapa tugas yang tidak
berkaitan, peserta melaporkan jumlah permen yang mereka ambil.\footfullcite{Piff:2012}
\begin{parts}
\item Tentukan pertanyaan penelitian utama dalam penelitian ini.
\item Siapa subjek dalam penelitian ini, dan berapa banyak yang disertakan?
\item Penelitian menemukan bahwa mahasiswa yang diidentifikasi sebagai kelas atas
mengambil lebih banyak permen daripada mahasiswa lainnya. Berapa banyak variabel
yang dicatat untuk setiap subjek dalam penelitian ini agar temuan tersebut dapat
disimpulkan? Nyatakan variabel-variabel itu beserta jenisnya.
\end{parts}
}{}

% 7
","[""18223f28-a74d-5f9f-a586-6c3ab2bbef1f""]"
93a4b5f5-7bae-544f-8387-0a0e1b7b2aa8,dbda91d1-7c2a-59ea-8049-c1847a4c4218,3,subsection_prose,en,ch_summarizing_data/TeX/ch_summarizing_data.tex,260,435,bf7e2d384b1d75454a638b83c8bc3cdbbd88e91caf2e72f232e8348a0a25a7a2,id-ID,repo/ch_summarizing_data/TeX/ch_summarizing_data.tex,257,426,76bd22a4e12b021511bce297698c96bcae95366c472fc59117dbe0426049743c,translated,"\end{exercisewrap}
\footnotetext{Ukuran sampelnya adalah $n = 50$.}

Kumpulan data \data{loan50} merupakan sampel dari populasi
pinjaman yang lebih besar yang diberikan melalui Lending Club.
Kita dapat menghitung rata-rata populasi ini dengan cara yang sama
seperti rata-rata sampel.
Namun, rata-rata populasi mempunyai lambang khusus: $\mu$.
\index{Yunani!mu@mu ($\mu$)}
Simbol $\mu$ adalah huruf Yunani \emph{mu} dan menyatakan
rata-rata seluruh pengamatan dalam populasi.
Kadang-kadang subskrip seperti $_x$ digunakan untuk menunjukkan
variabel yang dirujuk oleh rata-rata populasi, misalnya $\mu_x$.
Mengukur rata-rata populasi secara tepat sering kali terlalu mahal;
karena itu, kita biasanya mengestimasi $\mu$ menggunakan
rata-rata sampel, $\bar{x}$.

% R011-B005 D021: jeda halaman paksa untuk cetak ditiadakan.

\begin{examplewrap}
\begin{nexample}{Rata-rata suku bunga seluruh pinjaman dalam
    populasi dapat diestimasi menggunakan data sampel.
    Berdasarkan sampel berisi 50 pinjaman, berapakah estimasi
    yang wajar bagi $\mu_x$, yaitu rata-rata suku bunga seluruh
    pinjaman dalam kumpulan data lengkap?}
  Rata-rata sampel, \loanAvg{}\%, memberikan estimasi kasar
  bagi $\mu_x$.
  Meskipun tidak sempurna, inilah tebakan tunggal terbaik kita
  %\emph{point estimate}\index{point estimate}
  mengenai rata-rata suku bunga seluruh pinjaman dalam
  populasi yang diteliti.

  Dalam Bab~\ref{foundationsForInference} dan bab-bab berikutnya,
  kita akan mengembangkan alat untuk mencirikan ketepatan
  \emph{estimasi titik}\index{estimasi titik}, seperti rata-rata sampel.
  Seperti yang mungkin Anda duga, estimasi titik yang didasarkan
  pada sampel lebih besar cenderung lebih akurat daripada
  estimasi yang didasarkan pada sampel lebih kecil.
\end{nexample}
\end{examplewrap}


\begin{examplewrap}
\begin{nexample}{Rata-rata berguna karena memungkinkan kita
    mengubah skala atau menstandarkan suatu ukuran menjadi bentuk
    yang lebih mudah ditafsirkan dan dibandingkan.
    Berikan 2 contoh penggunaan rata-rata untuk membuat
    perbandingan.}

  1. Kita ingin mengetahui apakah obat baru lebih efektif
  untuk menangani serangan asma daripada obat standar.
  Sebuah uji coba dengan 1500 orang dewasa disusun: 500 orang
  menerima obat baru, sedangkan 1000 orang dalam kelompok kontrol
  menerima obat standar:\vspace{-2mm}
  \begin{center}
  \begin{tabular}{l cc}
  %\hline
  &           Obat baru & Obat standar \\
  \hline
  Jumlah pasien         & 500 & 1000 \\
  Total serangan asma   & 200 & 300 \\
  \hline
  %average attacks
  %per patient    & 0.4 & 0.2 \\
  %\hline
  \end{tabular}
  \end{center}
  Membandingkan hitungan mentah 200 dengan 300 serangan asma
  akan membuat obat baru tampak lebih baik, tetapi kesan ini
  timbul karena ukuran kedua kelompok tidak seimbang.
  Sebagai gantinya, kita perlu melihat rata-rata jumlah serangan
  asma per pasien dalam setiap kelompok:
  \begin{align*}
  & \text{Obat baru: } 200 / 500 = 0.4 % \\
      %\frac{200}{500} = 0.4 % \\
  && \text{Obat standar: } 300 / 1000 = 0.3
      %\frac{300}{1000} = 0.3
  % &     &&  %\\
  % & = 0.3\text{ asthma attacks per patient}
  %     && = 0.4\text{ asthma attacks per patient}
  \end{align*}
  Obat standar menghasilkan rata-rata jumlah serangan asma per
  pasien yang lebih rendah daripada rata-rata kelompok perlakuan.

  2. Tahun lalu Emilio membuka truk makanan untuk menjual burrito,
  dan usahanya telah stabil selama 3 bulan terakhir.
  Dalam periode 3 bulan itu, ia memperoleh \$11,000 dengan
  bekerja selama 625 jam.
  Rata-rata penghasilan Emilio per jam memberikan statistik yang
  berguna untuk menilai apakah usahanya layak dijalankan,
  setidaknya dari sudut pandang keuangan:
  \begin{align*}
  \frac{\$11000}{625\text{ jam}} = \$17.60\text{ per jam}
  \end{align*}
  Dengan mengetahui rata-rata upah per jamnya, Emilio telah
  menyatakan penghasilannya dalam satuan standar yang lebih mudah
  dibandingkan dengan banyak pekerjaan lain yang mungkin ia
  pertimbangkan.
\end{nexample}
\end{examplewrap}

%{What are some contexts that highlight
%    the value of the mean?}
%  Here are a few scenarios highlighting why the mean can be
%  particularly useful.
%  \begin{itemize}
%  \item If a waitress makes an average of \$3.20 per table,
%      then she can get a reasonable estimate of how much
%      money she will make if she knows she'll turn over
%      about 15 tables in a night:
%      \begin{align*}
%      total &= average \times count
%          = \$3.20 \times 15
%          = \$48.00
%      \begin{align*}
%      The estimate won't be perfect, but it will still
%      be a useful reference of what she can expect.
%  \item For every \$1 played on roulette,
%      a gambler will lose, on average, 2.7 cents.
%      If she plays 1000 games and bets \$1 each time,
%      her expected loss is
%      \begin{align*}
%      total = average \times count
%          = 2.7 \cents \times 1000
%          = \$27
%      \begin{align*}
%  \end{itemize}
%  The average provides us a sensible value to think
%  about scaling gains and losses.

\begin{examplewrap}
\begin{nexample}{Misalkan kita ingin menghitung rata-rata
    pendapatan per orang di AS.
    Mula-mula mungkin terpikir untuk mengambil rata-rata
    pendapatan per kapita di seluruh 3,142 county dalam kumpulan
    data \data{county}. Pendekatan apa yang lebih baik?}
    \label{wtdMeanOfIncome}
  Kumpulan data \data{county} istimewa karena setiap county
  sebenarnya mewakili banyak orang.
  Jika kita sekadar merata-ratakan variabel
  \var{per\us{}capita\us{}income}, county berpenduduk 5,000 dan
  5,000,000 akan diberi bobot yang sama dalam perhitungan.
  Sebagai gantinya, kita perlu menghitung total pendapatan setiap
  county, menjumlahkan total seluruh county, lalu membaginya dengan
  jumlah penduduk di seluruh county.
  Jika langkah-langkah ini diterapkan pada data \data{county},
  kita memperoleh pendapatan per kapita AS sebesar \$30,861.
  Seandainya kita menghitung rata-rata \emph{sederhana} pendapatan
  per kapita antar-county, hasilnya hanya \$26,093!

  Contoh ini menggunakan apa yang disebut
  \term{rata-rata tertimbang}\index{rata-rata!rata-rata tertimbang}.
  Untuk mengetahui lebih lanjut tentang topik ini, lihat
  suplemen daring berikut mengenai rata-rata tertimbang
  \mbox{\oiRedirect{stat_wtd_mean}
      {openintro.org/d?file=stat\_wtd\_mean}}.
\end{nexample}
\end{examplewrap}
% library(openintro); all_income <- sum(county$pop2017 * county$per_capita_income, na.rm = TRUE); all_pop <- sum(county$pop2017, na.rm = TRUE); all_income / all_pop; mean(county$per_capita_income, na.rm = TRUE)

%Example~\ref{wtdMeanOfIncome} used what is called
%a \term{weighted mean}\index{mean!weighted mean},
%which will not be a key topic in this textbook.
%However, we have provided an online supplement on
%weighted means for interested readers under
%\oiRedirect{stat_wtd_mean}
%    {www.openintro.org/d?file=stat\_wtd\_mean}.



","[""18223f28-a74d-5f9f-a586-6c3ab2bbef1f""]"
94574a79-e517-5af0-b789-70694c5dbc88,b33e6b3e-efb7-5a06-b86c-3b1e42abd6e0,1,public_appendix_solution,en,extraTeX/eoceSolutions/eoceSolutions.tex,260,263,a63095553104a4d3cf38123ea1d649902550bb77958f39be7112c4303551a088,id-ID,repo/extraTeX/eoceSolutions/eoceSolutions.tex,274,277,36983e3ef10de1a1276bbdd9e498e07ca7b3c7df4f355188215616c7a7b0f965,translated,"% 7

\eocesol{10 karyawan mana saja yang rata-rata jumlah hari liburnya berada di antara jumlah hari 
libur minimum dan rata-rata jumlah hari libur seluruh pekerja di lokasi tersebut.}
","[""18223f28-a74d-5f9f-a586-6c3ab2bbef1f""]"
94874ca6-e884-5be3-a540-d6fb9bd05408,d7152df1-4a80-5da4-a8ca-ed4e11e85af0,1,exercise_prompt,en,ch_intro_to_data/TeX/ch_intro_to_data.tex,101,104,641f935ea82e3ab6c9d3747667872d389ef95862d43f06c55790d0ab55d3cdd2,id-ID,repo/ch_intro_to_data/TeX/ch_intro_to_data.tex,101,104,f98ac86e7b0665c5317029b454f92cf279f2889d98e091d9833f077d6d399132,translated,"\begin{exercisewrap}
\begin{nexercise}
Dari 224 pasien dalam kelompok perlakuan, 45 orang mengalami strok hingga akhir tahun pertama. Dengan menggunakan kedua bilangan ini, hitung proporsi pasien dalam kelompok perlakuan yang mengalami strok hingga akhir tahun pertama. (Perhatikan: jawaban untuk semua soal Latihan Terbimbing diberikan dalam catatan kaki.)\footnotemark
\end{nexercise}
","[""18223f28-a74d-5f9f-a586-6c3ab2bbef1f""]"
983349f2-f7bc-574e-a0f7-d239ed020ba0,69e6130f-70e9-5ba1-9f52-baaf7a2ac41e,1,exercise,en,ch_intro_to_data/TeX/review_exercises.tex,47,56,a746618ffe6ab99f2fcb0f6f024b1add62f3faa57361a2b4d5f8c3d8e8d94e32,id-ID,repo/ch_intro_to_data/TeX/review_exercises.tex,47,56,39d6d79221dbf7d803c94d9fdc29954e46cff9d633dcb5313dcb1f48680d0e8a,translated,"\eoce{\qt{Stres, Bagian II\label{stressed_out_experiment}} Dalam suatu studi yang mengevaluasi
hubungan antara stres dan kram otot, separuh subjek ditetapkan secara acak untuk mengalami peningkatan stres dengan ditempatkan di dalam lift yang turun cepat dan berhenti mendadak, sedangkan separuh lainnya dibiarkan tanpa stres atau pada tingkat stres dasar.
\begin{parts}
\item Jenis studi apakah ini?
\item Dapatkah studi ini digunakan untuk menyimpulkan hubungan sebab-akibat antara peningkatan stres
dan kram otot?
\end{parts}
}{}

% 37
","[""18223f28-a74d-5f9f-a586-6c3ab2bbef1f""]"
98987b7a-b786-5df3-b312-4107c0140529,c008ad85-0b9e-5a0c-bd8a-16e3520c8c96,1,exercise,en,ch_intro_to_data/TeX/experiments.tex,19,48,1057bf3ecd60ba1ea88c57334c00eb1483bf27e1b5507eb349a5e5d599ae6a06,id-ID,repo/ch_intro_to_data/TeX/experiments.tex,20,47,37389d563758b1b2072f075b3de78bb6297b6e0138ecbfb56bed1aaad297eb9a,translated,"\eoce{\qt{Suplemen vitamin\label{vitamin_supplement}}
Untuk menilai efektivitas konsumsi vitamin C dosis tinggi dalam mengurangi durasi selesma, 
para peneliti merekrut 400 sukarelawan sehat dari kalangan staf dan mahasiswa di sebuah 
universitas. Seperempat peserta dialokasikan untuk menerima plasebo, sedangkan peserta 
lainnya dialokasikan secara merata ke tiga perlakuan: vitamin C dosis 1~g, vitamin C dosis 
3~g, atau vitamin C dosis 3~g ditambah zat aditif. Pil tersebut harus mulai diminum ketika 
selesma muncul dan dilanjutkan selama dua hari berikutnya. Semua tablet memiliki tampilan 
dan kemasan yang identik. Perawat yang menyerahkan pil yang diresepkan mengetahui 
perlakuan yang diterima setiap peserta, tetapi 
peneliti yang menilai peserta ketika mereka sakit tidak mengetahuinya. Tidak ditemukan 
perbedaan signifikan di antara keempat kelompok pada ukuran durasi maupun tingkat 
keparahan selesma, dan kelompok plasebo mengalami durasi gejala paling 
singkat.\footfullcite{Audera:2001}
\begin{parts}
\item Apakah studi ini merupakan eksperimen atau studi observasional? Mengapa?
\item Apa variabel penjelas dan variabel respons dalam studi ini?
\item Apakah identitas perlakuan disamarkan dari peserta?
\item Apakah studi ini tersamar ganda?
\item Peserta pada akhirnya dapat memilih apakah akan meminum pil yang diresepkan. Kita 
dapat menduga bahwa tidak semuanya akan mematuhi penugasan dan meminum pilnya. Apakah 
ketidakpatuhan ini dengan sendirinya menciptakan variabel perancu? Jelaskan mengapa alokasi 
awal tetap acak, serta bagaimana ketidakpatuhan dapat mempersulit estimasi efek perlakuan 
yang benar-benar diterima dan membiaskan analisis yang mengelompokkan peserta menurut pil 
yang benar-benar mereka minum.
\end{parts}
}{}

% 31
","[""18223f28-a74d-5f9f-a586-6c3ab2bbef1f""]"
98ddfde4-693e-5878-a91a-9c144f4ac434,ec4ca565-6880-57e5-8922-469f1bacd6a2,1,public_appendix_solution,en,extraTeX/eoceSolutions/eoceSolutions.tex,48,52,e2c907d4902b0290947d66058c2157c6b6b6b3c42c59b586bc131d316d5cb496,id-ID,repo/extraTeX/eoceSolutions/eoceSolutions.tex,52,56,88fc9a9d5331aa4bce9c1b8d7ce6477fc41b96a2286e87e11f7ae366c1f066b0,translated,"% 9

\eocesol{(a)~$50 \times 3 = 150$.
(b)~Empat variabel numerik kontinu: panjang sepal, lebar sepal, panjang petal, dan lebar petal.
(c)~Satu variabel kategoris, yaitu spesies, dengan tiga level: \emph{setosa}, \emph{versicolor}, dan \emph{virginica}.}
","[""18223f28-a74d-5f9f-a586-6c3ab2bbef1f""]"
9c1ffff0-f7bf-515b-b354-577c63acc515,affe87a9-0bfc-5ab3-9232-48b74cfd45dc,1,public_appendix_solution,en,extraTeX/eoceSolutions/eoceSolutions.tex,34,41,1650280608781546273d0bdc5bd8d4064995857d2ea8fd67849a1fd740a1797b,id-ID,repo/extraTeX/eoceSolutions/eoceSolutions.tex,35,43,62705fc41cee14c1ec2f9184504ca6dc7016c81aa1fd3096a78269523d188ab9,translated,"% 5

\eocesol{(a)~``Apakah memberi tahu anak-anak secara tegas agar tidak berbuat
curang memengaruhi kemungkinan mereka berbuat curang?''
(b)~160 anak berusia antara 5 dan 15 tahun.
(c)~Lima variabel: (1) usia (numerik, kontinu), (2) jenis kelamin (kategoris),
(3) apakah mereka anak tunggal (kategoris), (4) apakah mereka menerima petunjuk
tegas agar tidak berbuat curang (kategoris), dan (5) apakah mereka berbuat
curang (kategoris).}
","[""18223f28-a74d-5f9f-a586-6c3ab2bbef1f""]"
9c5e5263-f276-5067-80c0-e9c2b9fab617,23d3cfd6-9e74-5f22-82d3-3caa9881794d,1,guided_exercise,en,ch_summarizing_data/TeX/ch_summarizing_data.tex,543,547,9d67cbd105cf9e7260d1935798f8851e63ec34fe117d6684e2e29376ca7dba0b,id-ID,repo/ch_summarizing_data/TeX/ch_summarizing_data.tex,533,536,a8ce0715f078fc637e654e062b13b38d00c28a43d12804f1b576580a73c19eea,translated,"\begin{nexercise}
Selain rata-rata (karena telah diberi label), apa yang dapat Anda
lihat pada diagram titik tetapi tidak pada histogram?\footnotemark{}
\end{nexercise}
","[""18223f28-a74d-5f9f-a586-6c3ab2bbef1f""]"
9d108781-5a86-5831-8f95-8bd1d1f956ad,b953cdfb-cb9f-5695-927d-813e52effca0,1,public_appendix_solution,en,extraTeX/eoceSolutions/eoceSolutions.tex,186,195,9b2aa3bca660dc1938976b8ef66aa0cea4711dbefc8cf1186eb81204bc7f5d4d,id-ID,repo/extraTeX/eoceSolutions/eoceSolutions.tex,199,207,9fa277af010d77c52c4ad5fc5e8684ecb55f5ee605d4b814e6da837f3a2aa55c,translated,"% 37

\eocesol{(a)~Eksperimen.
(b)~Perlakuan: 25 gram biji chia dua kali sehari; kontrol: plasebo.
(c)~Ya, jenis kelamin.
(d)~Ya, tersamar tunggal karena pasien tidak mengetahui perlakuan yang mereka terima.
(e)~Karena ini adalah eksperimen, kita dapat membuat pernyataan kausal. Namun, karena
sampelnya tidak acak, pernyataan kausal tersebut tidak dapat digeneralisasikan ke
populasi yang lebih luas.}
","[""18223f28-a74d-5f9f-a586-6c3ab2bbef1f""]"
9dc979f1-f8ea-532a-ba91-c6dd6e6b595c,fbe8307c-8576-5fc9-9d86-4ffff1359550,1,exercise,en,ch_summarizing_data/TeX/examining_numerical_data.tex,97,112,fbf9e613542dc95b0777ffa7ca2818da69c0a5874800ddc7d21f72cf0faa79d4,id-ID,repo/ch_summarizing_data/TeX/examining_numerical_data.tex,101,116,5efea4cdb0bc6f02048235cff93673b39a57e07025d592bb03009804f82c4900,translated,"\eoce{\qt{Median dan IQR} Untuk setiap bagian, bandingkan distribusi (1) dan (2) berdasarkan median dan IQR-nya. Anda tidak perlu menghitung statistik tersebut; cukup nyatakan bagaimana median dan IQR kedua distribusi dibandingkan. Pastikan untuk menjelaskan alasan Anda. 
\begin{multicols}{2}
\begin{parts}
\item (1) 3, 5, 6, 7, 9 \\
(2) 3, 5, 6, 7, 20
\item (1) 3, 5, 6, 7, 9 \\
(2) 3, 5, 7, 8, 9
\item (1) 1, 2, 3, 4, 5 \\
(2) 6, 7, 8, 9, 10
\item (1) 0, 10, 50, 60, 100 \\
(2) 0, 100, 500, 600, 1000
\end{parts}
\end{multicols}
}{}

% 9
","[""18223f28-a74d-5f9f-a586-6c3ab2bbef1f""]"
9e232b89-2f62-5941-b45d-a95908ff2140,23f8bf6c-e973-5578-a362-9ff252cd8865,1,guided_exercise,en,ch_summarizing_data/TeX/ch_summarizing_data.tex,628,633,012b77052e4484c3f13c99ee704aaae4f2453877c657940cbd2969ba883c63aa,id-ID,repo/ch_summarizing_data/TeX/ch_summarizing_data.tex,613,617,6e765b8e1e48f3e4b92aa14898cbe68372fcf8582c2b884d6779da1110be5770,translated,"\begin{nexercise}
Tinggi badan murid-murid kecil dan guru dewasa di sebuah sekolah
dasar kelas K-3 diukur. Berapa banyak modus yang Anda perkirakan
ada dalam kumpulan data tinggi badan ini?\footnotemark{}
\end{nexercise}
","[""18223f28-a74d-5f9f-a586-6c3ab2bbef1f""]"
9f8ee479-608a-5ea3-8dec-7b51491728d1,4a3973ff-5ada-5171-b55f-5dd0783c3cde,1,guided_exercise,en,ch_summarizing_data/TeX/ch_summarizing_data.tex,2130,2134,87d4080b91211eac7639b2ad2ac01c9136f695eae3fbf7b0d48c7ae75165b2a2,id-ID,repo/ch_summarizing_data/TeX/ch_summarizing_data.tex,2062,2066,f218fce6057576d440e76cdb351955c8ebaaa83528da412a0f9e36ae43145424,translated,"\begin{nexercise}
Komponen mana dari masing-masing grafik pada
Gambar~\ref{countyIncomeSplitByPopGain}
yang menurut Anda paling berguna?\footnotemark{}
\end{nexercise}
","[""18223f28-a74d-5f9f-a586-6c3ab2bbef1f""]"
a03fd745-016d-59a9-b3e2-43bb77db0f72,be9d7454-a37d-597d-8b35-e25c50236f78,1,public_appendix_solution,en,extraTeX/eoceSolutions/eoceSolutions.tex,158,163,588a6b0171ab2fed89999ea1bd7ac5d0f96aae8203689a06edddff396e6eda0e,id-ID,repo/extraTeX/eoceSolutions/eoceSolutions.tex,169,176,2ac253ff2eed74390586bca8bc06d823b1e910b390b04eeeef148ce8c5f12257,translated,"% 31

\eocesol{(a)~Eksperimen.
(b)~Kondisi pencahayaan (pencahayaan fluoresen dari atas, pencahayaan kuning dari atas, 
dan tanpa pencahayaan dari atas yang hanya menggunakan lampu meja) serta tingkat 
kebisingan (tanpa kebisingan, kebisingan konstruksi, dan suara percakapan manusia).
(c)~Karena peneliti hendak memastikan bahwa laki-laki dan perempuan terwakili sama banyak 
dalam setiap perlakuan, variabel jenis kelamin menjadi variabel pemblokan.}
","[""18223f28-a74d-5f9f-a586-6c3ab2bbef1f""]"
a3b8fb88-7330-56e7-9350-91217a21bf06,b4cd26a2-3443-5b4d-9a38-f2d9766ae10a,1,subsection_prose,en,ch_summarizing_data/TeX/ch_summarizing_data.tex,819,895,a1b6e858d62ff089e63df08c6facaf2b976a3b401bbfab8daa337df510d225ad,id-ID,repo/ch_summarizing_data/TeX/ch_summarizing_data.tex,788,858,4d61c5be68053c96d287131c1a50c8e80b7c9b676260003af0fc65582bf25bae,translated,"\subsection{Diagram kotak, kuartil, dan median}

Sebuah \term{diagram kotak} merangkum suatu kumpulan data menggunakan
lima statistik sekaligus menggambarkan pengamatan yang tidak biasa.
Gambar~\ref{loan_int_rate_box_plot_layout} menyajikan diagram titik
vertikal di samping diagram kotak untuk variabel
\var{interest\us{}rate} dari kumpulan data \data{loan50}.

\begin{figure}[h]
  \centering
  \Figure
    [Sebuah diagram titik ditampilkan di samping diagram kotak. Nilai datanya sama dengan yang digunakan dalam diagram-diagram titik sebelumnya: kepadatan terbesar antara 5\% dan 11\%, kepadatan sedang antara 12\% dan 20\%, lalu beberapa nilai lagi pada sekitar 22\%, 25\%, dan 26\%. Diagram kotak di samping data memuat kotak yang mencakup 50\% data bagian tengah, dari sekitar 8\% hingga 13\%. Median ditandai dengan garis yang melintasi bagian tengah kotak. Dari kotak, data menjulur melalui garis kumis hingga jarak paling jauh $1.5 \times IQR$ di bawah dan di atas kotak untuk mencakup sebanyak mungkin data. Dua pengamatan berada di luar rentang ini, yakni pada 25\% dan 26\%.]
    {0.86}{loan_int_rate_box_plot_layout}
  \caption{Diagram titik vertikal dengan titik-titik yang
      ditumpuk secara horizontal, di sebelah diagram kotak
      berlabel untuk suku bunga dari \loanN{} pinjaman.}
  \label{loan_int_rate_box_plot_layout}
\end{figure}

Langkah pertama dalam membuat diagram kotak adalah menggambar
garis gelap yang menandai \term{median}, yakni nilai yang membagi
data menjadi dua bagian.
Gambar~\ref{loan_int_rate_box_plot_layout} menunjukkan bahwa 50\%
data berada di bawah median dan 50\% lainnya berada di atas median.
Kumpulan data memuat \loanN{} pinjaman (bilangan genap), sehingga
data terbagi tepat menjadi dua kelompok yang masing-masing
berisi~25 pengamatan.
Dalam kasus ini, median diambil sebagai rata-rata dua pengamatan
yang paling dekat dengan persentil ke-$50$. Kebetulan, keduanya
mempunyai nilai yang sama dalam kumpulan data ini:
$(\text{\loanMedianAbove{}} + \text{\loanMedianBelow{}}) / 2
  = \text{\loanMedian{}}$.
Jika banyaknya pengamatan ganjil, tepat satu pengamatan membagi
data menjadi dua bagian. Dalam keadaan itu, pengamatan tersebut
adalah median (tidak perlu dihitung rata-ratanya).

\begin{onebox}{Median: bilangan di tengah}
  Jika data diurutkan dari yang terkecil hingga terbesar,
  \term{median} adalah pengamatan yang tepat berada di tengah.
  Jika banyaknya pengamatan genap, terdapat dua nilai di tengah
  dan mediannya diambil sebagai rata-rata kedua nilai tersebut.
\end{onebox}

Langkah kedua dalam membuat diagram kotak adalah menggambar persegi
panjang yang mewakili 50\% data bagian tengah.
Panjang keseluruhan kotak, yang ditampilkan secara vertikal dalam
Gambar~\ref{loan_int_rate_box_plot_layout}, disebut
\term{rentang antarkuartil} (disingkat \hiddenterm{IQR}).
Seperti simpangan baku, IQR merupakan ukuran
\indexthis{variabilitas}{variabilitas} data.
Makin bervariasi datanya, makin besar pula kecenderungan nilai
simpangan baku dan~IQR.
Kedua batas kotak disebut \term{kuartil pertama}
\index{kuartil!kuartil pertama} (\hiddenterm{persentil} ke-$25$,
yakni 25\% data berada di bawah nilai ini) dan
\term{kuartil ketiga}\index{kuartil!kuartil ketiga}
(persentil ke-$75$). Keduanya sering dilambangkan berturut-turut
dengan $Q_1$\index{kuartil!Q1@Q$_1$} dan
$Q_3$\index{kuartil!Q3@Q$_3$}.

\begin{onebox}{Rentang antarkuartil (IQR)}
  IQR\index{rentang antarkuartil} adalah panjang kotak dalam
  diagram kotak. Nilainya dihitung sebagai
  \begin{eqnarray*}
  IQR = Q_3 - Q_1
  \end{eqnarray*}
  dengan $Q_1$ dan $Q_3$ masing-masing merupakan persentil
  ke-$25$ dan ke-$75$.
\end{onebox}

\begin{exercisewrap}
","[""18223f28-a74d-5f9f-a586-6c3ab2bbef1f""]"
a42efddc-2f50-5e74-85e0-ea86f59196f5,94c828eb-0092-5c7a-b594-f8a6f1008031,1,exercise,en,ch_intro_to_data/TeX/experiments.tex,82,99,317d2d4f199a56f5cb8f8fde14c66b050c888a0667a1c93b69c287c5c18134db,id-ID,repo/ch_intro_to_data/TeX/experiments.tex,82,100,7172d8386779a413bec9059a6aefc61b5ffe20815e05cf977c0f00a9586eb4d7,translated,"\eoce{\qt{Olahraga dan kesehatan mental\label{exercise_mental_health}} Seorang peneliti tertarik 
pada pengaruh olahraga terhadap kesehatan mental dan mengusulkan studi berikut: Gunakan 
pengambilan sampel acak berstrata untuk memastikan bahwa proporsi kelompok usia 18--30, 
31--40, dan 41--55 tahun dalam sampel mewakili populasi. Selanjutnya, alokasikan secara 
acak separuh subjek dalam setiap kelompok usia untuk berolahraga dua kali seminggu, dan 
instruksikan subjek lainnya agar tidak berolahraga. Lakukan pemeriksaan kesehatan mental 
pada awal dan akhir studi, lalu bandingkan hasilnya.
\begin{parts}
\item Apa jenis studi ini? 
\item Apa kelompok perlakuan dan kelompok kontrol dalam studi ini?
\item Apakah studi ini menerapkan pemblokan? Jika ya, apa variabel pemblokannya?
\item Apakah studi ini menerapkan penyamaran?
\item Jelaskan apakah hasil studi dapat digunakan untuk menetapkan hubungan sebab-akibat 
antara olahraga dan kesehatan mental, serta apakah kesimpulannya dapat digeneralisasikan 
ke populasi secara luas.
\item Andaikan Anda ditugaskan untuk menentukan apakah studi yang diusulkan ini layak 
menerima pendanaan. Apakah Anda memiliki keberatan terhadap usulan studi tersebut?
\end{parts}
}{}
","[""18223f28-a74d-5f9f-a586-6c3ab2bbef1f""]"
a5f9ebf1-b44b-50cb-a707-a1b7152bad53,48408c78-fc77-5a5e-a880-0f7dfcbed0f1,1,public_appendix_solution,en,extraTeX/eoceSolutions/eoceSolutions.tex,312,323,8404ecdd696e8b3b7f8077161d29f84551415fd499ffde0ca61b5c2223d8fa6e,id-ID,repo/extraTeX/eoceSolutions/eoceSolutions.tex,333,345,e5226b4b71cfd7907388a14e9747eacc9b4a2b67f9c47e37d7a530df43fbe717,translated,"% 19

\eocesol{(a)~Distribusinya unimodal dan simetris, dengan rata-rata sekitar 25 menit dan 
simpangan baku sekitar 5 menit. Tampaknya tidak ada county dengan waktu perjalanan rata-rata 
yang sangat tinggi atau sangat rendah. Karena distribusinya sudah unimodal dan simetris, 
transformasi logaritma tidak diperlukan.
(b)~Jawaban dapat bervariasi. Terdapat kantong-kantong waktu perjalanan yang lebih lama di 
sekitar Washington, DC, bagian tenggara New York, Chicago, Minneapolis, Los Angeles, dan 
banyak kota besar lainnya. Terdapat pula wilayah luas dengan waktu perjalanan rata-rata yang 
lebih singkat dan bertumpang tindih dengan lahan pertanian di Midwest. Rumah banyak petani 
berdampingan dengan lahan pertaniannya sehingga perjalanan mereka ke tempat kerja singkat; 
hal ini dapat menjelaskan mengapa waktu perjalanan rata-rata di county-county tersebut 
relatif rendah.}
","[""18223f28-a74d-5f9f-a586-6c3ab2bbef1f""]"
a8354dd5-89e7-52e3-a652-a19ef44a6b5e,25818565-4a7c-5f4a-ba20-4ad1e69ddae5,1,guided_exercise,en,ch_summarizing_data/TeX/ch_summarizing_data.tex,140,143,f2be1cc7aaee31fca5ab252df0cd322aa4a56eb012e6678704c9506a8976fe7d,id-ID,repo/ch_summarizing_data/TeX/ch_summarizing_data.tex,139,142,2f86ba28728ee5261d598e6defa07634e44c98986a4e377ded305d81245f0017,translated,"\begin{nexercise}
Apa yang diperlihatkan diagram pencar tentang data,
dan apa kegunaannya?\footnotemark{}
\end{nexercise}
","[""18223f28-a74d-5f9f-a586-6c3ab2bbef1f""]"
a978e4b6-1fec-5e8f-9c46-cbf239644527,60a2cb71-2aa1-5917-9379-f7f55474c01a,1,review_heading,en,ch_intro_to_data/TeX/review_exercises.tex,1,1,fa49e97aff561605b9912c9d0e3a0c35242bb6b73f9d388744260b6299cae8da,id-ID,repo/ch_intro_to_data/TeX/review_exercises.tex,4,4,fa49e97aff561605b9912c9d0e3a0c35242bb6b73f9d388744260b6299cae8da,translated,"\reviewexercisesheader{}
","[""18223f28-a74d-5f9f-a586-6c3ab2bbef1f""]"
abfbcf57-b2a6-51ca-b613-769df693c412,b23f3ca2-973a-561f-8d7b-0808ca9315e8,2,subsection_prose,en,ch_summarizing_data/TeX/ch_summarizing_data.tex,2112,2129,75d153624272122fc1ff7598af290a08b282ea1a94d6d27946dfa7ecf5f63d2e,id-ID,repo/ch_summarizing_data/TeX/ch_summarizing_data.tex,2046,2061,66ebed6d3ec092add45e0bf713a831cd32c2f31a752cef4d1efdebdf0f30c0dc,translated,"\end{exercisewrap}
\footnotetext{Jawaban dapat sedikit berbeda.
  County yang mengalami pertambahan penduduk cenderung memiliki
  pendapatan lebih tinggi (median sekitar \$53,000) daripada county
  tanpa pertambahan (median sekitar \$45,000).
  Variabilitas kelompok dengan pertambahan penduduk juga sedikit lebih besar.
  Hal ini tampak pada IQR-nya, yang sekitar 50\% lebih besar
  dalam kelompok \emph{Bertambah}.
  Kedua distribusi sedikit sampai sedang menceng kanan dan unimodal.
  Diagram kotak menunjukkan banyak pengamatan
  yang jauh di atas median pada kedua kelompok. Namun, ketika menelaah
  himpunan data yang memuat lebih dari beberapa ratus titik data,
  kita memang dapat memperkirakan bahwa banyak pengamatan
  akan berada di luar garis kumis.}

\begin{exercisewrap}
","[""18223f28-a74d-5f9f-a586-6c3ab2bbef1f""]"
ad336d56-45f5-5863-8ab2-667f11f1c54a,e6ac9457-94fd-5c0e-9e5d-64019cffef9a,1,subsection_prose,en,ch_summarizing_data/TeX/ch_summarizing_data.tex,1701,1871,1382ab290f1f48d3d1cdff00c810574b01fbfa5b54768bf80c42335cbda9e47f,id-ID,repo/ch_summarizing_data/TeX/ch_summarizing_data.tex,1640,1808,4bb490e8d886c2c09c1d871e9e5317eb7e7b500d825d40c4938fbcfc9cb0eca1,translated,"\subsection{Menggunakan diagram batang untuk dua variabel}
\label{bar_plots_subsection}

Tabel kontingensi yang menggunakan proporsi baris atau kolom
sangat berguna untuk menelaah hubungan antara dua variabel kategoris.
Diagram batang bertumpuk menyediakan cara untuk memvisualisasikan
informasi dalam tabel tersebut.

\termsub{Diagram batang bertumpuk}{bar plot!stacked bar plot}
\index{bar plot!segmented bar plot}
merupakan tampilan grafis dari informasi tabel kontingensi.
Sebagai contoh, diagram batang bertumpuk yang mewakili
Gambar~\ref{colPropAppTypeHomeownership}
ditampilkan pada Gambar~\ref{loan_app_type_home_seg_bar},
setelah kita terlebih dahulu membuat diagram batang menggunakan
variabel \var{homeownership}, lalu membagi setiap kelompok
menurut kategori \mbox{\var{app\us{}type}}.

Visualisasi yang berkaitan dengan diagram batang bertumpuk ialah
\termsub{diagram batang berdampingan}{bar plot!side-by-side},
seperti yang ditampilkan pada
Gambar~\ref{loan_app_type_home_sbs_bar}.

Untuk jenis diagram batang terakhir yang diperkenalkan,
proporsi kolom pada tabel kontingensi
\var{app\us{}type} dan \var{homeownership}
diubah menjadi diagram batang bertumpuk terstandarisasi
pada Gambar~\ref{loan_app_type_home_seg_bar_standardized}.
Visualisasi ini membantu kita memahami proporsi pengajuan pinjaman
perorangan atau bersama bagi peminjam pada setiap kategori
\var{homeownership}.
Selain itu, karena proporsi \resp{joint}
dan \resp{individual} berbeda antarkelompok,
kita dapat menyimpulkan bahwa kedua variabel tersebut saling berhubungan.

\newcommand{\loanapptypehomesegbarplotwidth}{0.48\textwidth}
\begin{figure}[h]
  \centering
  \subfigure[]{
    \Figuress[Diagram batang bertumpuk ditampilkan dengan ""Kepemilikan rumah"" pada sumbu horizontal dan ""Frekuensi"" pada sumbu vertikal; jenis pengajuan (app\_type) digunakan untuk membagi setiap batang menjadi dua kategori: jenis pengajuan ""bersama"" dan ""perorangan"". Batang pertama untuk ""sewa"" mencapai total sekitar 3900 untuk kedua jenis pengajuan. Batang sewa ini dibagi menjadi dua bagian: biru untuk ""perorangan"" dan kuning untuk ""bersama"". Bagian bawah batang, yang mencapai sekitar 3500, berwarna biru dan mewakili pengajuan ""perorangan"" dengan nilai kepemilikan rumah ""sewa""; sisanya, dengan tinggi sekitar 400, berwarna kuning dan mewakili pengajuan ""bersama"". Batang kedua untuk ""hipotek"" mencapai total sekitar 4700; bagian bawah sekitar 3900 berwarna biru untuk pengajuan perorangan dan bagian atasnya berwarna kuning untuk pengajuan ""bersama"" dengan tinggi sekitar 800. Batang ketiga untuk ""milik"" mencapai sekitar 1300; sekitar 1100 berasal dari jenis pengajuan perorangan (biru) dan sekitar 200 dari jenis pengajuan bersama (kuning). Dengan demikian, setiap batang kepemilikan rumah dibagi menjadi bagian bawah biru dan bagian atas kuning untuk menunjukkan pembagian menurut dua variabel kategoris dalam satu diagram.]
        {\loanapptypehomesegbarplotwidth}
        {loan_app_type_home_seg_bar}
        {loan_app_type_home_seg_bar}
    \label{loan_app_type_home_seg_bar}
  }
  \subfigure[]{
    \Figuress[Diagram batang berdampingan ditampilkan. Alih-alih menumpuk bagian biru dan kuning dalam satu batang untuk sebuah kategori kepemilikan rumah seperti sewa, batang dipersempit dan bagian biru serta kuning ditempatkan berdampingan dengan alas pada sumbu horizontal. Dari kiri ke kanan, sepasang batang biru dan kuning yang bersentuhan ditampilkan untuk kategori kepemilikan rumah ""sewa"". Batang pertama berwarna biru untuk jenis pengajuan ""perorangan"" dengan tinggi sekitar 3500, dan batang kedua berwarna kuning untuk jenis pengajuan ""bersama"" dengan tinggi sekitar 400. Setelah jeda horizontal kecil, kategori ""hipotek"" memuat batang biru perorangan sekitar 3900 dan batang kuning bersama sekitar 800. Setelah jeda berikutnya, kategori ""milik"" memuat batang biru sekitar 1100 dan batang kuning sekitar 200.]
        {\loanapptypehomesegbarplotwidth}
        {loan_app_type_home_seg_bar}
        {loan_app_type_home_sbs_bar}
    \label{loan_app_type_home_sbs_bar}
  }
  \subfigure[]{
    \Figuress[Diagram terakhir merupakan versi terstandarisasi dari diagram batang bertumpuk; setiap batang distandardisasi sehingga jumlahnya 1. Diagram ini menampilkan variabel kepemilikan rumah dan ketiga kategorinya, dari kiri ke kanan: sewa, hipotek, dan milik, sebagai batang tersendiri yang masing-masing membentang dari 0 sampai 1. Penyamaan tinggi total ini memudahkan perbandingan proporsi warna dalam setiap batang. Warna menunjukkan jenis pengajuan: perorangan (biru) dan bersama (kuning). Pada batang sewa, bagian biru mencapai sekitar 0.9 pada sumbu vertikal dan bagian kuning membentang dari 0.9 sampai 1.0. Pada batang hipotek, bagian biru mencapai sekitar 0.8 dan bagian kuning membentang dari 0.8 sampai 1.0. Pada batang milik, bagian biru mencapai sekitar 0.87 dan bagian kuning membentang dari 0.87 sampai 1.0.]
        {\loanapptypehomesegbarplotwidth}
        {loan_app_type_home_seg_bar}
        {loan_app_type_home_seg_bar_standardized}
    \label{loan_app_type_home_seg_bar_standardized}
  }
%  \subtable{
%    \footnotesize
%    \begin{tabular}{l  ccc  r}
%      \multicolumn{5}{l}{Contingency table summarizing}\\
%      \multicolumn{5}{l}{application type and homeownership:} \\
%      \\
%      & \multicolumn{3}{c}{\bf \var{homeownership}} & \\
%      \cline{2-4}
%      \var{app\us{}type} &
%          rent & mortgage & own & Total \\ 
%      \hline
%      individual &
%          \loanapphomeAA{} &
%          \loanapphomeAB{} &
%          \loanapphomeAC{} &
%          \loanapphomeAD{} \\
%      joint &
%          \loanapphomeBA{} &
%          \loanapphomeBB{} &
%    	  \loanapphomeBC{} &
%    	  \loanapphomeBD{} \\
%      \hline
%      Total &
%          \loanapphomeDA{} &
%          \loanapphomeDB{} &
%          \loanapphomeDC{} &
%          \loanapphomeDD{} \\
%      \hline
%      \ \\
%      \ \\
%      \multicolumn{5}{l}{Version of the table}\\
%      \multicolumn{5}{l}{with column proportions:} \\
%      \\
%      & \multicolumn{3}{c}{\bf \var{homeownership}} & \\
%      \cline{2-4}
%      \var{app\us{}type} &
%          rent & mortgage & own & Total \\ 
%      \hline
%      individual &
%          0.906 &
%          0.802 &
%          0.865 &
%          0.851 \\
%      joint &
%          0.094 &
%          0.198 &
%          0.135 &
%          0.150 \\
%      \hline
%      Total & 1.000 & 1.000 & 1.000 & 1.000 \\
%      \hline
%      \ \\
%    \end{tabular}
%    \label{loan_app_type_home_copied_table}
%  }
  \caption{\subref{loan_app_type_home_seg_bar} Diagram batang
      bertumpuk untuk \var{homeownership},
      dengan frekuensi yang selanjutnya dibagi menurut
      \var{app\us{}type}.
      \subref{loan_app_type_home_sbs_bar}~Diagram batang
      berdampingan untuk \var{homeownership}
      dan \var{app\us{}type}.
      \subref{loan_app_type_home_seg_bar_standardized}~Versi
      terstandarisasi dari diagram batang bertumpuk.}
  \label{loan_app_type_home_seg_bar_plot}
\end{figure}

\begin{examplewrap}
\begin{nexample}{Perhatikan ketiga diagram batang pada
    Gambar~\ref{loan_app_type_home_seg_bar_plot}.
    Kapan diagram batang bertumpuk, berdampingan, atau
    bertumpuk terstandarisasi paling berguna?}
  Diagram batang bertumpuk paling berguna ketika masuk akal
  untuk menetapkan satu variabel sebagai variabel penjelas
  dan variabel lainnya sebagai variabel respons, sebab pada dasarnya
  kita terlebih dahulu mengelompokkan menurut satu variabel lalu
  membaginya lagi menurut variabel yang lain.

  Tampilan diagram batang berdampingan lebih netral terhadap
  variabel mana, jika ada, yang berperan sebagai variabel penjelas
  dan mana yang berperan sebagai variabel respons.
  Banyaknya kasus dalam keenam kombinasi kelompok juga mudah dilihat.
  Namun, salah satu kelemahannya
  adalah kebutuhan ruang horizontal yang lebih besar;
  lebar Gambar~\ref{loan_app_type_home_sbs_bar}
  yang terbatas membuat diagram terasa agak sesak.
  Selain itu, ketika ukuran dua kelompok sangat berbeda,
  seperti kelompok \resp{own} dibandingkan dengan
  kedua kelompok lainnya,
  sulit untuk melihat apakah kedua variabel saling berhubungan.

  Diagram batang bertumpuk terstandarisasi membantu ketika
  variabel utama dalam diagram batang bertumpuk memiliki ukuran
  kategori yang sangat tidak seimbang. Sebagai contoh,
  kategori \resp{own} hanya memiliki sepertiga jumlah
  pengamatan pada kategori \resp{mortgage},
  sehingga diagram batang bertumpuk biasa kurang berguna
  untuk memeriksa hubungan.
  Kelemahan utama versi terstandarisasi
  ialah hilangnya informasi tentang banyaknya kasus yang
  diwakili setiap batang.
\end{nexample}
\end{examplewrap}

%Before settling on a particular bar plot, consider each
%carefully.
%It can also be useful to make a couple of the versions,
%which will offer different views and insights into the data
%than if only one bar plot variant is reviewed.

","[""18223f28-a74d-5f9f-a586-6c3ab2bbef1f""]"
adb601fe-b52a-5b8f-a0de-fa7aaa016b57,5d1c54cb-75dd-5f1d-94d9-0795134806dd,1,exercise,en,ch_intro_to_data/TeX/sampling_principles_and_strategies.tex,59,78,84949f7fcdaa67353df1b64e0e1904d89643d53da7870fdf08054bef80525916,id-ID,repo/ch_intro_to_data/TeX/sampling_principles_and_strategies.tex,58,78,b8a582f18fda08214853a1b4c480b719a7a47179ce19efd09fe66c1304fb6c30,translated,"\eoce{\qt{Mengambil permen: cakupan inferensi\label{scope_stealers}} 
Latihan~\ref{study_components_stealers} memperkenalkan studi tentang hubungan 
antara kelas sosial ekonomi dan perilaku tidak etis. Dalam studi ini, 129 
mahasiswa program sarjana University of California, Berkeley diminta 
menggolongkan diri ke kelas sosial rendah atau tinggi dengan membandingkan diri 
mereka dengan orang yang memiliki paling banyak (atau paling sedikit) uang dan 
pendidikan, serta pekerjaan yang paling (atau paling tidak) dihormati. Mereka 
juga diberi sebuah stoples berisi permen yang dibungkus satu per satu. Peneliti 
memberi tahu bahwa permen tersebut ditujukan bagi anak-anak di laboratorium 
terdekat, tetapi peserta boleh mengambil beberapa jika ingin. Setelah 
menyelesaikan tugas lain yang tidak berkaitan, peserta melaporkan jumlah permen 
yang mereka ambil. Peserta yang tergolong kelas atas ditemukan mengambil lebih 
banyak permen daripada peserta lainnya.
\begin{parts}
\item Tentukan populasi sasaran dan sampel dalam studi ini.
\item Jelaskan apakah hasil studi dapat digeneralisasikan ke populasi dan apakah 
temuannya dapat digunakan untuk menetapkan hubungan kausal.
\end{parts}
}{}

% 17
","[""18223f28-a74d-5f9f-a586-6c3ab2bbef1f""]"
af23854e-8a70-5fff-8b98-39c6db3c5f73,0ece3572-bc49-5415-892d-29849f3ca09f,1,public_appendix_solution,en,extraTeX/eoceSolutions/eoceSolutions.tex,74,82,946b2f4e47b12422136e64fd699eca9c60bfbeb1c2c74bb50e390848c0870759,id-ID,repo/extraTeX/eoceSolutions/eoceSolutions.tex,80,89,8c37023354259b1717a6670586b2f1dc4e95f8a42b772027f6ba44b7d4c5914f,translated,"% 15

\eocesol{(a)~Populasi: seluruh pasien asma berusia 18--69 tahun yang 
mengandalkan obat untuk pengobatan asma. Sampel: 600 pasien tersebut.
(b)~Jika pasien dalam sampel ini, yang kemungkinan tidak diambil secara acak, 
dapat dianggap mewakili seluruh pasien asma berusia 18--69 tahun yang 
mengandalkan obat untuk pengobatan asma, hasilnya dapat digeneralisasikan ke 
populasi yang didefinisikan di atas. Selain itu, karena studi ini merupakan 
eksperimen dengan penugasan acak, temuannya dapat digunakan untuk menetapkan 
hubungan kausal.}
","[""18223f28-a74d-5f9f-a586-6c3ab2bbef1f""]"
b0672da2-86cd-5366-9e74-7dca23e91f74,02f6e6bb-cb13-52fa-bcd9-7183093cea93,1,public_appendix_solution,en,extraTeX/eoceSolutions/eoceSolutions.tex,25,32,2e9647e54554ed4598e1de227ed8cbe069c235e0da10ff0a2aa7fb063b351120,id-ID,repo/extraTeX/eoceSolutions/eoceSolutions.tex,25,33,073a9df0ef6e5bf2571b92549904faf77992d23bc6b9efea84a60b1102c81684,translated,"% 3

\eocesol{(a)~``Apakah ada hubungan antara paparan polusi udara dan kelahiran prematur?''
(b)~143,196 kelahiran di California Selatan antara tahun 1989 dan 1993.
(c)~Pengukuran konsentrasi karbon monoksida, nitrogen dioksida, ozon, dan
partikulat kasar PM$_{10}$ (partikel dengan diameter aerodinamik hingga
10~$\mu m$, dengan konsentrasi dinyatakan dalam $\mu g/m^3$) yang dikumpulkan
di stasiun pemantau kualitas udara, serta lama kehamilan.
Semuanya merupakan variabel numerik kontinu. }
","[""18223f28-a74d-5f9f-a586-6c3ab2bbef1f""]"
b08b1e67-7b70-5211-a45b-d431b8244d1e,73da116e-6d01-56d0-b143-2ec2806b49a2,1,exercise,en,ch_summarizing_data/TeX/examining_numerical_data.tex,252,288,ee0f93d4a20ad063de2e81fb64c4381a913da06265e27575d83f1a86a25244f5,id-ID,repo/ch_summarizing_data/TeX/examining_numerical_data.tex,257,292,5adae6b4388b065d2f868aa3437cafda42930bfee002227be9515654ae9dcad5,language_reviewed,"\eoce{\qt{Pendapatan di kedai kopi\label{income_coffee_shop}} Histogram pertama di bawah ini 
menunjukkan distribusi pendapatan tahunan 40 pelanggan di sebuah kedai kopi kampus. Andaikan 
dua orang baru memasuki kedai kopi tersebut: seorang berpenghasilan \$225,000 dan seorang lagi 
berpenghasilan \$250,000. Histogram kedua menunjukkan distribusi pendapatan yang baru. Statistik 
ringkasan juga disediakan. \\
\begin{minipage}[c]{0.57\textwidth}
\Figures[Dua histogram ditampilkan dan diberi label 1 dan 2. Diagram 1 memiliki sumbu horizontal dari \$60,000 hingga \$70,000. Dari kiri ke kanan, tinggi interval-interval kelas umumnya meningkat secara teratur dari frekuensi 2 hingga 3 pada \$60,000 sampai \$62,000, lalu mencapai puncak sekitar 7 hingga 8 antara \$64,000 dan \$66,000. Setelah itu, jumlah pada interval-interval kelas menurun secara teratur hingga sekitar 2 pada kelas terakhir, yaitu \$69,000 sampai \$70,000. Diagram (2) menunjukkan histogram dengan sumbu horizontal dari sekitar \$60,000 hingga \$260,000. Lebar interval kelasnya \$1,000 seperti pada diagram pertama, dan 10 interval kelas pertama menggambarkan data yang dijelaskan pada Diagram (1). Dua interval kelas tambahan ditampilkan pada sekitar \$225,000 dan \$250,000, masing-masing dengan tinggi 1.]{}{eoce/income_coffee_shop}{income_coffee_shop}
\end{minipage}
\begin{minipage}[c]{0.4\textwidth}
\begin{center}
\begin{tabular}{rrr}
\hline
             & (1)       & (2) \\ 
\hline
n            & 40        & 42 \\ 
Min.         & 60,680    & 60,680 \\ 
Ku. 1        & 63,620    & 63,710 \\ 
Median       & 65,240    & 65,350 \\ 
Rata-rata    & 65,090    & 73,300 \\ 
Ku. 3        & 66,160    & 66,540 \\ 
Maks.        & 69,890    & 250,000 \\ 
Simp. baku   & 2,122     & 37,321 \\ 
\hline
\end{tabular}
\end{center}
\end{minipage}
\begin{parts}
\item Apakah rata-rata atau median paling tepat mewakili pendapatan yang dapat kita anggap 
tipikal bagi 42 pelanggan kedai kopi ini? Apa yang ditunjukkan hal tersebut tentang sifat 
robust kedua ukuran ini?
\item Apakah simpangan baku atau IQR paling tepat mewakili besarnya variabilitas pendapatan 
42 pelanggan kedai kopi ini? Apa yang ditunjukkan hal tersebut tentang sifat robust kedua ukuran ini?
\end{parts}
}{}

% 18
","[""18223f28-a74d-5f9f-a586-6c3ab2bbef1f""]"
b5ad5e5f-d729-551d-a7c9-06f3f67c583c,e399d3b0-84b2-5859-93ff-fdafd4738bd8,1,exercise,en,ch_intro_to_data/TeX/sampling_principles_and_strategies.tex,248,256,ac2f672ea74035473047f3cabbe0f458eaab9e265948d0385c9418db63179eaf,id-ID,repo/ch_intro_to_data/TeX/sampling_principles_and_strategies.tex,243,252,b35cf6b15c9f7655036edce9e0b97195de40d241673c2b290c15f6c81263ba1c,translated,"\eoce{\qt{Ukuran keluarga\label{family_size}} Misalkan kita ingin memperkirakan 
ukuran rumah tangga. Dalam konteks ini, rumah tangga terdiri atas orang-orang 
yang tinggal bersama dalam hunian yang sama dan berbagi fasilitas tempat 
tinggal. Jika kita memilih murid secara acak di sebuah sekolah dasar dan 
menanyakan ukuran keluarga mereka, apakah hasilnya akan mengukur ukuran rumah 
tangga dengan baik? Atau apakah rata-ratanya akan bias? Jika bias, apakah 
hasilnya akan mengestimasi nilai sebenarnya terlalu tinggi atau terlalu rendah?
}{}

% 27
","[""18223f28-a74d-5f9f-a586-6c3ab2bbef1f""]"
b6add2f1-bd6b-5351-a09b-2468293c3994,dbda91d1-7c2a-59ea-8049-c1847a4c4218,1,subsection_prose,en,ch_summarizing_data/TeX/ch_summarizing_data.tex,167,239,fb33f65e38c9707c766c39d2e5b5fc5a562e9eae4bc38bdc43a8af2eace557c6,id-ID,repo/ch_summarizing_data/TeX/ch_summarizing_data.tex,164,237,91d396b9f5cb3ae032f89fad986c317991d869c0c83cfc41dcfc351f08fbd76a,translated,"\subsection{Diagram titik dan rata-rata}
\label{dotPlot}

Kadang-kadang dua variabel justru terlalu banyak:
mungkin hanya satu variabel yang menarik perhatian.
Dalam keadaan ini, diagram titik menyediakan tampilan paling dasar.
Sebuah \term{diagram titik} adalah diagram pencar untuk satu variabel;
contoh yang menggunakan suku bunga dari \loanN{} pinjaman
ditampilkan dalam Gambar~\ref{loan_int_rate_dot_plot}.
Versi bertumpuk dari diagram titik ini ditampilkan dalam
Gambar~\ref{loan_int_rate_dot_plot_stacked}.

\begin{figure}[h]
  \centering
  \Figure
    [Ditampilkan diagram titik untuk variabel yang pada sumbu horizontal diberi label ""Suku Bunga"" (suku bunga). Sumbu membentang dari sekitar 5\% hingga sedikit di atas 25\%, dengan sejumlah titik tersebar secara horizontal di atasnya dalam rentang tersebut. Kepadatan titik lebih tinggi antara 5\% dan 11\%, sedang antara 12\% dan sekitar 20\%, lalu terdapat beberapa pengamatan lagi pada sekitar 22\%, 25\%, dan 26\%. Segitiga merah juga ditampilkan pada sekitar 12\%.]
    {0.76}{loan_int_rate_dot_plot}
  \caption{Diagram titik \var{interest\us{}rate}
      untuk kumpulan data \data{loan50}.
      Rata-rata distribusi ditampilkan sebagai segitiga merah.}
  \label{loan_int_rate_dot_plot}
\end{figure}

\begin{figure}[h]
  \centering
  \Figures
    [Ditampilkan diagram titik bertumpuk untuk variabel yang pada sumbu horizontal diberi label ""Suku Bunga"" (suku bunga). Sumbu membentang dari sekitar 5\% hingga sedikit di atas 25\%, lalu beberapa tumpukan titik ditampilkan pada nilai 5\%, 6\%, 7\%, dan seterusnya. Terdapat 3 titik bertumpuk pada 5\%, 3 titik pada 6\%, 5 pada 7\%, 4 pada 8\%, 5 pada 9\%, 8 pada 10\%, 5 pada 11\%, 1 pada 12\%, 3 pada 13\%, masing-masing 1 pada 14\%, 15\%, dan 16\%, 3 pada 17\%, 2 pada 18\%, lalu masing-masing 1 pada 19\%, 20\%, 21\%, 25\%, dan 26\%. Segitiga merah juga ditampilkan pada sekitar 12\%.]
    {0.76}
    {loan_int_rate_dot_plot}
    {loan_int_rate_dot_plot_stacked}
  \caption{Diagram titik bertumpuk untuk
      \var{interest\us{}rate}
      dalam kumpulan data \data{loan50}.
      Pada diagram ini, suku bunga dibulatkan ke persentase
      terdekat dan rata-rata distribusi ditampilkan sebagai
      segitiga merah.}
  \label{loan_int_rate_dot_plot_stacked}
\end{figure}

\D{\newpage}

Nilai \term{rata-rata}, yang juga sering disebut
\term{rerata}\index{rata-rata!rerata}, merupakan cara yang umum
digunakan untuk mengukur pusat suatu \mbox{\term{distribusi}} data.
Untuk menghitung rata-rata suku bunga, kita menjumlahkan semua
suku bunga lalu membaginya dengan banyaknya pengamatan:
\begin{align*}
\bar{x}
    = \frac{\text{\loanA\%} + \text{\loanB\%} + \text{\loanC\%} +
        \cdots + \text{\loanZ\%}}{\loanN{}}
    = \loanAvg{}\%
% library(openintro); loan50$interest_rate[c(1:3, 50)]; mean(loan50$interest_rate)
\end{align*}
Rata-rata sampel sering diberi lambang $\bar{x}$.
Huruf $x$ digunakan sebagai penampung umum untuk variabel yang
sedang ditelaah, yaitu \var{interest\us{}rate}; garis di atas $x$
menunjukkan bahwa kita sedang melihat rata-rata suku bunga,
yang untuk 50 pinjaman ini bernilai \loanAvg{}\%.
Rata-rata dapat dipandang sebagai titik keseimbangan distribusi;
pada Gambar~\ref{loan_int_rate_dot_plot} dan
\ref{loan_int_rate_dot_plot_stacked}, rata-rata ditampilkan
sebagai segitiga.

\begin{onebox}{Rata-rata}%
Rata-rata sampel dapat dihitung sebagai jumlah semua nilai
yang diamati dibagi dengan banyaknya pengamatan:
\begin{align*}
\bar{x} = \frac{x_1 + x_2 + \cdots + x_n}{n}
\end{align*}
dengan $x_1$, $x_2$, $\dots$, $x_n$ menyatakan
$n$ nilai yang diamati.
\end{onebox}

\begin{exercisewrap}
","[""18223f28-a74d-5f9f-a586-6c3ab2bbef1f""]"
b944f56b-9f55-5f6d-814e-fb9e24c252ff,09615ad9-b250-53c0-9814-d60b7f700fc3,1,exercise,en,ch_summarizing_data/TeX/examining_numerical_data.tex,299,314,b844cf9a625468409c303f1740b0c9e1b084b02d771c67585a24a15d68d0aee5,id-ID,repo/ch_summarizing_data/TeX/examining_numerical_data.tex,303,319,cc6bbdf8647c62971f123febcc0d6b6bc6f2b084a315af99c959b1135538a9d1,language_reviewed,"\eoce{\qt{Waktu perjalanan ke tempat kerja\label{county_commute_times}} Sensus Amerika Serikat 
mengumpulkan data tentang waktu yang dibutuhkan penduduk Amerika untuk bepergian ke tempat 
kerja, selain banyak variabel lain. Histogram di bawah ini menunjukkan distribusi waktu 
perjalanan rata-rata di 3,142 county di Amerika Serikat pada tahun 2010. Peta intensitas 
spasial dari data yang sama juga ditampilkan di bawah ini.
\begin{center}
\Figures[Sebuah histogram ditampilkan dengan sumbu horizontal untuk variabel ""Rerata waktu perjalanan kerja (menit)"" yang membentang dari sekitar 0 hingga 50. Sumbu vertikal menunjukkan frekuensi dengan nilai puncak sekitar 200. Interval-interval kelas pada sisi kiri mula-mula rendah, lalu tingginya mulai meningkat pada sekitar 10 dan naik dengan cepat menjelang 15 sebelum melandai dan mencapai puncak pada sekitar 22. Tinggi interval-interval kelas mulai menurun lagi secara bertahap pada sekitar 24, kemudian lebih cepat pada sekitar 26 hingga 29. Pada 30, tingginya terus menurun tetapi dengan laju yang lebih lambat, lalu mendatar mendekati 0 pada sekitar 35.]{0.48}{eoce/county_commute_times}{county_commute_times_hist}
\Figures[Sebuah peta intensitas spasial Amerika Serikat ditampilkan. Legenda arsiran membentang dari nilai 4 hingga sekitar 33. Arsiran di bagian timur negara tersebut menunjukkan nilai yang sedikit lebih tinggi, sedangkan bagian barat dari Midwest bagian utara (Dakota Utara, Dakota Selatan, dan Nebraska) menunjukkan nilai yang lebih rendah. Wilayah khusus lain yang menunjukkan pola nilai lebih tinggi daripada daerah sekitarnya berada di Florida bagian selatan dan California bagian utara.]{0.48}{eoce/county_commute_times}{county_commute_times_map}
\end{center}
\begin{parts}
\item Deskripsikan distribusi numeriknya dan berikan pendapat apakah transformasi logaritma 
layak diterapkan pada data ini.
\item Deskripsikan distribusi spasial waktu perjalanan ke tempat kerja dengan menggunakan peta di atas.
\end{parts} 
}{}

% 20
","[""18223f28-a74d-5f9f-a586-6c3ab2bbef1f""]"
baa7a378-cbdf-5cbd-b9f0-1e9aeb02a7c9,cd65f04f-a114-55e7-b4ff-4643fd1601e5,1,exercise,en,ch_intro_to_data/TeX/experiments.tex,50,65,1ea0832640d31b8bd2683910b56391a34eede117c039938d5f9c4b5d8c65f759,id-ID,repo/ch_intro_to_data/TeX/experiments.tex,49,65,3146a351e1e78daedb248ad6543533a9b0b02b87b91d927b0bb13f273a06bdae,translated,"\eoce{\qt{Kondisi pencahayaan, kebisingan, dan kinerja ujian\label{light_noise_exam_performance}} 
Sebuah studi dirancang untuk menguji pengaruh kondisi pencahayaan dan tingkat kebisingan 
terhadap kinerja ujian mahasiswa. Peneliti menduga bahwa kedua faktor tersebut dapat 
memberikan pengaruh yang berbeda pada laki-laki dan perempuan, sehingga keduanya hendak 
diwakili sama banyak dalam setiap perlakuan. Perlakuan pencahayaan yang dipertimbangkan 
adalah pencahayaan fluoresen dari atas, pencahayaan kuning dari atas, dan tanpa pencahayaan 
dari atas (hanya menggunakan lampu meja). Perlakuan kebisingannya adalah tanpa kebisingan, 
kebisingan konstruksi, dan suara percakapan manusia.
\begin{parts}
\item Apa jenis studi ini?
\item Berapa faktor yang dipertimbangkan dalam studi ini? Sebutkan faktor-faktor tersebut 
dan uraikan levelnya.
\item Apa peran variabel jenis kelamin dalam studi ini?
\end{parts}
}{}

% 32
","[""18223f28-a74d-5f9f-a586-6c3ab2bbef1f""]"
bc1f374f-8a4b-55ec-9474-1f61a3afe68e,df8c32ef-fdf2-53a0-82d9-6ff7b9bfbb39,1,exercise,en,ch_summarizing_data/TeX/considering_categorical_data.tex,74,84,5b6e5311d35d7288188e0b7b09f7d9993eef3379fddf2dc90f64fb1caa63ec4a,id-ID,repo/ch_summarizing_data/TeX/considering_categorical_data.tex,78,88,cd5834e98a8a637583ed2f952bd8c99e3474e475cbe4c3d891369a33d1ab6fbd,translated,"\eoce{\qt{Menaikkan pajak\label{raise_taxes_mosaic}} Sampel acak pemilih terdaftar
secara nasional ditanya apakah menurut mereka lebih baik menaikkan pajak
orang kaya atau menaikkan pajak orang miskin. Survei tersebut juga
mengumpulkan informasi tentang afiliasi partai politik responden.
Berdasarkan diagram mosaik di bawah, apakah pandangan tentang kenaikan pajak dan
afiliasi politik tampak saling independen? Jelaskan alasan Anda.
\footfullcite{survey:raiseTaxes:2015}
\begin{center}
\Figures[Diagram mosaik menampilkan variabel afiliasi politik sebagai pembagian utama dan pendapat yang berlabel ""Naikkan pajak orang kaya"", ""Naikkan pajak orang miskin"", dan ""Tidak yakin"". Pembagian politik, yang menjadi pembagian vertikal utama, kurang lebih terbagi rata antara Demokrat, Republikan, dan Indep./lainnya, walaupun responden dalam kelompok Demokrat tampak sedikit lebih banyak. Sebagian sangat besar kelompok Demokrat, sekitar 85\%, mendukung kenaikan pajak bagi orang kaya; hanya sekitar 5\% kelompok ini yang mendukung kenaikan pajak bagi orang miskin dan 5\% tidak yakin. Sekitar 45-50\% kelompok Republikan dan Indep./lainnya mendukung kenaikan pajak bagi orang kaya, sekitar 10\% masing-masing kelompok mendukung kenaikan pajak bagi orang miskin, dan sekitar 40-45\% masing-masing kelompok tidak yakin.]{0.75}{eoce/raise_taxes_mosaic}{raise_taxes_mosaic}
\end{center}
}{}
","[""18223f28-a74d-5f9f-a586-6c3ab2bbef1f""]"
bc5dddab-21cd-5dbd-b368-7d2e869fe6da,ac4ef134-e728-567a-9bc4-2a1255aa7b0a,1,exercise,en,ch_intro_to_data/TeX/data_basics.tex,5,24,edf4a1cd118d046e1e836dc5416e4c3dbda82292816782f693d0f2f899f2af34,id-ID,repo/ch_intro_to_data/TeX/data_basics.tex,5,25,7917bafffc1cc2d241211220957477aa3466ad1351cc4b7a2bb3a061c2ad5b44,translated,"\eoce{\qt{Polusi udara dan luaran kelahiran, komponen penelitian\label{study_components_airpoll}}
Para peneliti mengumpulkan data untuk mengkaji hubungan antara polutan udara
dan kelahiran prematur di California Selatan. Selama penelitian, tingkat polusi
udara diukur oleh stasiun pemantau kualitas udara. Secara khusus, kadar karbon
monoksida dicatat dalam bagian per juta, nitrogen dioksida dan ozon dalam bagian
per seratus juta, dan partikulat kasar (PM$_{10}$) dalam $\mu g/m^3$.
Data lama kehamilan dikumpulkan untuk 143,196 kelahiran antara tahun 1989
dan 1993, lalu paparan polusi udara selama kehamilan dihitung untuk setiap
kelahiran. Analisis menunjukkan bahwa peningkatan PM$_{10}$ di udara sekitar dan,
pada tingkat yang lebih rendah, konsentrasi CO mungkin berkaitan dengan kejadian
kelahiran prematur.\footfullcite{Ritz+Yu+Chapa+Fruin:2000}
\begin{parts}
\item Tentukan pertanyaan penelitian utama dalam penelitian ini.
\item Siapa subjek dalam penelitian ini, dan berapa banyak yang disertakan?
\item Apa saja variabel dalam penelitian ini? Tentukan apakah setiap variabel
bersifat numerik atau kategoris. Jika numerik, nyatakan apakah variabel tersebut
diskret atau kontinu. Jika kategoris, nyatakan apakah variabel tersebut ordinal.
\end{parts}
}{}

% 4
","[""18223f28-a74d-5f9f-a586-6c3ab2bbef1f""]"
bcf21ea8-59e2-5d89-bb25-614e787d479d,4b6d3a80-1d24-55b9-84dd-6d4068279d00,1,exercise,en,ch_summarizing_data/TeX/examining_numerical_data.tex,131,151,88f06c69163d7b1b654ecdacb37ee30ef1dd37953bae9fe08118392a441874c9,id-ID,repo/ch_summarizing_data/TeX/examining_numerical_data.tex,135,156,92f4c48076a43fd3c89111b272f557a0340dd25be2cf71d103cc685a759156e0,language_reviewed,"\eoce{\qt{Cocokkan} Deskripsikan distribusi pada histogram di bawah ini dan cocokkan setiap histogram dengan diagram kotaknya. \\
\begin{center}
\Figures[Enam diagram ditampilkan: tiga histogram berlabel a, b, dan c serta 3 diagram kotak berlabel 1, 2, dan 3.

Diagram (a) menunjukkan histogram dengan rentang data horizontal dari 50 hingga 70. Data berbentuk lonceng dan berpusat di tengah diagram; hanya sedikit data yang mendekati batas bawah 50 dan batas atas 70.

Diagram (b) menunjukkan histogram lain dengan sumbu horizontal yang membentang dari 0 hingga 100. Tinggi interval-interval kelas histogram relatif tetap, mulai dari kelas pertama di dekat nol hingga kelas terakhir di dekat 100.

Diagram (c) adalah histogram dengan sumbu horizontal dari 0 hingga sekitar 7. Beberapa interval kelas pertama naik dengan cepat menuju puncak pada nilai horizontal 1, lalu turun hingga nilai 2. Setelah itu, tingginya menurun jauh lebih bertahap hingga sekitar 4, tempat interval-interval kelas mendekati nol dan tetap mendekati nol untuk nilai yang lebih besar.

Diagram (1) adalah diagram kotak dengan sumbu vertikal dari 0 hingga sekitar 7. Garis kumis bawah berada pada 0, kotaknya membentang dari sekitar 1 hingga 2, dan garis tengah diagram kotak berada pada sekitar 1.4. Garis kumis atas mencapai sekitar 3.5, lalu beberapa titik ditandai secara terpisah hingga sekitar 7.

Diagram (2) adalah diagram kotak dengan sumbu vertikal yang membentang dari sekitar 50 hingga 70. Kotaknya berpusat pada 60 dan membentang dari sekitar 58 hingga 62. Garis kumis membentang dari sekitar 52 hingga 68. Sebanyak 2 titik terpisah ditampilkan di bawah 52 dan sekitar 4 titik ditampilkan di atas 68.

Diagram (3) adalah diagram kotak yang membentang dari 0 hingga 100. Kotaknya berpusat pada sekitar 50 dan membentang dari sekitar 25 hingga 75. Garis kumis menjulur ke bawah hingga 0 dan ke atas hingga 100.]{}{eoce/hist_box_match}{hist_box_match}
\end{center}
}{}

% R011-B005 D028: jeda halaman paksa setelah Latihan 2.10 ditiadakan
% agar Latihan 2.11 mengikuti panel gambar pada halaman yang sama.

% 11
","[""18223f28-a74d-5f9f-a586-6c3ab2bbef1f""]"
bcfe8ed3-1497-56ce-9cdb-9e1f2a9e3c3a,8eb2d76e-01a5-5f6a-944c-4dc01adf6597,1,public_appendix_solution,en,extraTeX/eoceSolutions/eoceSolutions.tex,219,239,443f66fe6ca67a71716572a0a09951f970c7722d4aea5f8e5e1433ee05d7ff13,id-ID,repo/extraTeX/eoceSolutions/eoceSolutions.tex,232,253,af328673865d3ab592a8663ea3a6783b57939092907eb946a4067ce70ab9daa9,translated,"% 43

\eocesol{(a)~County, negara bagian, ras pengemudi, apakah kendaraan digeledah,
dan apakah pengemudi ditangkap.
(b)~Kelima variabel tersebut kategoris dan bukan ordinal.
(c)~Respons: apakah kendaraan digeledah atau tidak.
    Penjelas: ras pengemudi.}



%_______________
\end{multicols}



%_______________
\eocesolch{Meringkas data}



%_______________
\begin{multicols}{2}
","[""18223f28-a74d-5f9f-a586-6c3ab2bbef1f""]"
bd842ad2-c3dc-5d93-a100-103166cefd6c,e3317173-2b2f-5983-a8d4-d251370857eb,1,exercise,en,ch_intro_to_data/TeX/sampling_principles_and_strategies.tex,80,98,dcfb4f1a0ac3d0c554797109fdec514eb42d0020a12b43074e56ada78a476668,id-ID,repo/ch_intro_to_data/TeX/sampling_principles_and_strategies.tex,80,96,89fc00d793a2a4dfceabae182f3488ff29ec89c78b4270db07612ab032f4e629,translated,"\eoce{\qt{Bersantai setelah bekerja\label{relax_after_work_definitions}} General 
Social Survey mengambil sampel acak 1.155 warga Amerika dan menanyakan berapa 
jam yang mereka miliki setelah hari kerja biasa untuk bersantai atau melakukan 
kegiatan yang mereka sukai. Rata-rata waktu bersantai yang diperoleh adalah 
1,65 jam. Tentukan mana di antara hal-hal berikut yang merupakan observasi, 
variabel, statistik sampel (nilai yang dihitung berdasarkan sampel teramati), 
atau parameter populasi.
\begin{parts}
\item Seorang warga Amerika dalam sampel.
\item Jumlah jam yang digunakan untuk bersantai setelah hari kerja biasa.
\item 1,65.
\item Rata-rata jumlah jam yang digunakan seluruh warga Amerika untuk bersantai 
setelah hari kerja biasa.
\end{parts}
}{}

% 18
","[""18223f28-a74d-5f9f-a586-6c3ab2bbef1f""]"
bf480b62-6d56-50f6-a12f-4c22738f7bea,3024a3df-ad69-5255-943d-d2911908a101,1,public_appendix_solution,en,extraTeX/eoceSolutions/eoceSolutions.tex,54,63,482043ebff7ac64fdd2deeb5610f66c5584cea9f1c384a7e8356ed31ff7159c4,id-ID,repo/extraTeX/eoceSolutions/eoceSolutions.tex,58,67,c285f447af9270d3fafbeab085017c6feb1efe5ab2f734f9a16973672febd18b,translated,"% 11

\eocesol{(a)~Status kepemilikan bandara (publik/privat),
    status penggunaan bandara (publik/privat),
    lintang,
    dan bujur.
(b)~Status kepemilikan bandara: kategoris, bukan ordinal.
    Status penggunaan bandara: kategoris, bukan ordinal.
    Lintang: numerik, kontinu.
    Bujur: numerik, kontinu.}
","[""18223f28-a74d-5f9f-a586-6c3ab2bbef1f""]"
bf73bceb-1a2c-5c9d-8dc3-a31b83252c3c,0fe007c9-8e05-5b33-ac63-e0941b0bb9df,1,exercise,en,ch_intro_to_data/TeX/review_exercises.tex,112,136,4964487ce71c2bdb4a47650a1070afb801183fffe17cd03b2beec2e65db864e4,id-ID,repo/ch_intro_to_data/TeX/review_exercises.tex,109,130,19cd0c1bda4be3020a315b21bf017e3ce1236dc44f6623a4c30f9e601521e4ae,translated,"\eoce{\qt{Penalaran yang cacat\label{flawed_reasoning}} Temukan cacat penalaran
dalam skenario-skenario berikut. Jelaskan apa yang seharusnya dilakukan secara berbeda
oleh orang-orang dalam studi tersebut jika mereka ingin membuat kesimpulan sekuat itu.
\begin{parts}
\item Para siswa di sebuah sekolah dasar diberi kuesioner yang harus dikembalikan
setelah diisi oleh orang tua mereka. Salah satu pertanyaannya berbunyi,
``Apakah jadwal kerja Anda menyulitkan Anda meluangkan waktu bersama anak-anak
sepulang sekolah?'' Dari orang tua yang menjawab, 85\% mengatakan ``tidak''.
Berdasarkan hasil ini, pihak sekolah menyimpulkan bahwa sebagian besar orang tua
tidak mengalami kesulitan meluangkan waktu bersama anak-anak mereka sepulang sekolah.
\item Survei dilakukan terhadap sampel acak sederhana berisi 1.000 perempuan yang
baru saja melahirkan untuk menanyakan apakah mereka merokok selama kehamilan.
Tiga tahun kemudian dilakukan survei tindak lanjut yang menanyakan apakah anak-anak
mereka mengalami gangguan pernapasan. Namun, hanya 567 perempuan yang dapat dihubungi
di alamat yang sama. Peneliti melaporkan bahwa 567 perempuan ini mewakili semua ibu.
\item Seorang dokter ortopedi memberikan kuesioner kepada 30 pasiennya yang tidak
memiliki masalah sendi dan menemukan bahwa 20 di antaranya rutin berlari.
Ia menyimpulkan bahwa berlari menurunkan risiko masalah sendi.
\end{parts}
}{}

% 40
","[""18223f28-a74d-5f9f-a586-6c3ab2bbef1f""]"
c023896b-c99c-5693-b2fe-d677659b865b,6a4104b8-6358-5cac-bb8f-44a62a948843,1,exercise,en,ch_intro_to_data/TeX/data_basics.tex,202,222,0acc42a171a89cd61c2c945f24dc9765cd6f75edb620a1b6d6f53dee8dd80523,id-ID,repo/ch_intro_to_data/TeX/data_basics.tex,201,221,c70a2036d8feffe47047d1da3a10945a182d21f1be3ee909b0e0310e3671bad9,translated,"\eoce{\qt{Bandara di AS\label{US Airports}}
Visualisasi di bawah menunjukkan sebaran geografis bandara di Amerika Serikat
daratan utama dan Washington, DC.
Visualisasi ini dibuat berdasarkan sebuah himpunan data dengan
setiap amatan berupa satu bandara.\footfullcite{data:usairports}
Batas kartografis pada peta bersumber dari U.S. Census Bureau.
\par\noindent\makebox[\textwidth][c]{%
\Figures[Empat salinan peta Amerika Serikat ditampilkan dalam kisi 2 $\times$ 2. Pada setiap peta, sumbu diberi label bujur (130 derajat barat hingga 60 derajat barat) dan lintang (20 derajat utara hingga 50 derajat utara). Kolom pertama grafik diberi label ""penggunaan privat"" dan kolom kedua ""penggunaan publik"". Baris pertama grafik diberi label ""milik privat"" dan baris kedua ""milik publik"". Keempat grafik menampilkan titik-titik yang masing-masing mewakili satu bandara. Ribuan titik tampak pada peta kiri atas (penggunaan privat, milik privat) dan peta kanan bawah (penggunaan publik, milik publik), sedangkan dua peta lainnya menampilkan relatif lebih sedikit titik, meskipun jumlahnya masih berkisar dari ratusan hingga beberapa ribu. Pada semua grafik, titik lebih padat di bagian tengah dan timur Amerika Serikat, lebih jarang di wilayah pegunungan dan gurun, lalu kembali lebih padat di sekitar negara bagian yang berbatasan dengan Samudra Pasifik, terutama di dekat kota-kota besar.]{0.85}{eoce/airports}{airports}
}\par
\begin{parts}
\item
    Daftarkan variabel yang digunakan untuk membuat visualisasi ini.
\item
    Tentukan apakah setiap variabel dalam penelitian bersifat numerik
    atau kategoris.
    Jika numerik, tentukan apakah variabel itu kontinu atau diskret.
    Jika kategoris, nyatakan apakah variabel tersebut ordinal.
\end{parts}
}{}

% 12
","[""18223f28-a74d-5f9f-a586-6c3ab2bbef1f"",""965b18a2-8bea-5a5c-9012-129137cfb727"",""c2c9e48e-4598-54df-b18c-376b407fd8e0""]"
c37a8e81-dd1b-5c26-9aaf-fbb7a0f485f7,17acf038-9821-5e3d-9ffa-1526fab12218,4,subsection_prose,en,ch_summarizing_data/TeX/ch_summarizing_data.tex,634,649,e3222f2cf41d7bac1b741292e96bcc6ebd05477a586bce04fe3ccd0f13bbc15e,id-ID,repo/ch_summarizing_data/TeX/ch_summarizing_data.tex,618,632,1dc839678f924a507a3c5ed9b378929d129dbd1d1fff927ff3e77b3ad23133a3,translated,"\end{exercisewrap}
\footnotetext{Mungkin tampak dua kelompok tinggi badan dalam
  kumpulan data: satu kelompok murid dan satu kelompok orang
  dewasa. Dengan kata lain, datanya mungkin bimodal.}

Mencari modus bukanlah upaya menemukan satu jawaban tegas dan
mutlak benar tentang banyaknya modus dalam distribusi. Karena itu,
kata \emph{menonjol}\index{menonjol} tidak didefinisikan secara
ketat dalam buku ini. Bagian terpenting dari penelaahan ini adalah
memahami data Anda dengan lebih baik.



% R011-B005 D021: jeda halaman paksa untuk cetak ditiadakan.

","[""18223f28-a74d-5f9f-a586-6c3ab2bbef1f""]"
c4a1f38a-8dd8-5c33-965e-9b83347f9d43,662ada1b-d83f-5db6-bffc-6ef98ab85458,1,exercise,en,ch_intro_to_data/TeX/sampling_principles_and_strategies.tex,170,184,f87b277cfb613581c1b06784c775e90467786853a066efec69d3ec4f1e57a6ae,id-ID,repo/ch_intro_to_data/TeX/sampling_principles_and_strategies.tex,166,180,44e8b6a376787e051ad8b888c7c615b84c06c0a3ab830234081449c2cd8d266f,translated,"\eoce{\qt{Dilanda stres, Bagian I\label{stressed_out_observational}} Sebuah studi 
yang menyurvei sampel acak siswa sekolah menengah yang secara umum sehat 
menemukan bahwa mereka lebih mungkin mengalami kram otot ketika stres. Studi 
tersebut juga mencatat bahwa siswa minum lebih banyak kopi dan tidur lebih 
sedikit ketika stres.
\begin{parts}
\item Jenis studi apakah ini?
\item Dapatkah studi ini digunakan untuk menyimpulkan hubungan kausal antara 
peningkatan stres dan kram otot?
\item Sebutkan kemungkinan variabel perancu yang dapat menjelaskan hubungan 
teramati antara peningkatan stres dan kram otot. 
\end{parts}
}{}

% 23
","[""18223f28-a74d-5f9f-a586-6c3ab2bbef1f""]"
c80ba3a4-493f-5f85-8918-63970163ed65,6cdc5305-7872-5fcc-b9b1-267950977dbe,1,exercise,en,ch_intro_to_data/TeX/data_basics.tex,170,200,f2c35547c56a685412bf2860cfb5b21fef82814f97740864a89aa56e7fcdae7c,id-ID,repo/ch_intro_to_data/TeX/data_basics.tex,170,199,11600f3928b8adf0cb4c7ca26248cf493ad128902d214d58e8d035953bf53758,translated,"\eoce{\qt{Kebiasaan merokok penduduk Britania Raya\label{smoking_habits_UK_datamatrix}} Sebuah survei
dilakukan untuk mempelajari kebiasaan merokok penduduk Britania Raya. Matriks
data di bawah menampilkan sebagian data yang dikumpulkan dalam survei ini.
Perhatikan bahwa ``$\pounds$'' berarti pound sterling Britania, ``cig'' berarti
rokok, dan ``N/A'' menunjukkan komponen data yang hilang. \footfullcite{data:smoking}
\begin{center}
\scriptsize{
\begin{tabular}{rccccccc}
\hline
	& kelamin 	 & usia 	& status 	& pendapatan 					     & merokok & akhirPekan	& hariKerja \\
\hline
1 	& Female & 42 	& Single 	& Under $\pounds$2,600 			     & Yes 	 & 12 cig/day   & 12 cig/day \\ 
2 	& Male	 & 44	& Single 	& $\pounds$10,400 to $\pounds$15,600 & No	 & N/A 			& N/A \\ 
3 	& Male 	 & 53 	& Married   & Above $\pounds$36,400 		     & Yes 	 & 6 cig/day 	& 6 cig/day \\ 
\vdots & \vdots & \vdots & \vdots & \vdots 				             & \vdots & \vdots 	    & \vdots \\ 
1691 & Male  & 40   & Single 	& $\pounds$2,600 to $\pounds$5,200   & Yes 	 & 8 cig/day 	& 8 cig/day \\   
\hline
\end{tabular}
}
\end{center}
\begin{parts}
\item Apa yang diwakili oleh setiap baris matriks data?
\item Berapa banyak peserta yang disertakan dalam survei?
\item Tentukan apakah setiap variabel dalam penelitian bersifat numerik atau
kategoris. Jika numerik, tentukan apakah variabel itu kontinu atau diskret.
Jika kategoris, nyatakan apakah variabel tersebut ordinal.
\end{parts}
}{}

% 11
","[""18223f28-a74d-5f9f-a586-6c3ab2bbef1f""]"
c8d0e5fa-fcf4-5df1-b538-d005828a47ac,c526fa55-62c1-5a35-bb8d-40abfc2fc3d8,1,public_appendix_solution,en,extraTeX/eoceSolutions/eoceSolutions.tex,165,176,1bf26009397d13d4acfc53539be4f755ecc904b229bf5aecab84cf1043bde533,id-ID,repo/extraTeX/eoceSolutions/eoceSolutions.tex,178,189,b978839267e7c845689013a94ad9e5e1d258207400f940ae118568024fa37fbd,translated,"% 33

\eocesol{Diperlukan pengacakan dan penyamaran. Salah satu rancangan yang mungkin adalah: 
(1)~Siapkan dua cangkir yang identik untuk setiap peserta, satu berisi Coke biasa dan satu 
lagi berisi Diet Coke, dengan volume yang sama. Minta pihak yang tidak menyajikan minuman 
atau menilai respons untuk mengodekan identitas minuman secara acak sebagai A atau B pada 
setiap percobaan, lalu menyimpan kunci kode sampai respons selesai dicatat.
(2)~Sajikan kedua cangkir kepada setiap peserta satu per satu dalam urutan yang diacak, 
kemudian minta peserta mencatat nilai yang menunjukkan seberapa besar ia menyukai setiap 
minuman. Baik peserta maupun orang yang menyajikan cangkir tidak boleh mengetahui identitas 
minuman sampai seluruh penilaian selesai dicatat; dengan demikian eksperimen ini tersamar 
ganda. (Jawaban dapat bervariasi.)}
","[""18223f28-a74d-5f9f-a586-6c3ab2bbef1f"",""e8114816-bd30-582b-9e8b-274b8ae17401""]"
c936abd8-f3a6-5b0f-854b-a4196922a57f,21aa41a3-f252-5c54-b452-fd9202cb75ee,1,chapter_opener,en,ch_summarizing_data/TeX/ch_summarizing_data.tex,1,25,dc669514b27a30d35a47472e04862f779327aeee186d63f0b56cd6a7441238ae,id-ID,repo/ch_summarizing_data/TeX/ch_summarizing_data.tex,1,25,b81167780193b5392a2833c1ec611d67dc4444357d00dabf00bbed6b1818497c,translated,"\begin{chapterpage}{Merangkum data}
  \chaptertitle{Merangkum data}
  \label{summarizingData}
  \label{ch_summarizing_data}
  \chaptersection{numericalData}
  \chaptersection{categoricalData}
  \chaptersection{caseStudyMalariaVaccine}
\end{chapterpage}
\renewcommand{\chapterfolder}{ch_summarizing_data}

\chapterintro{Bab ini berfokus pada cara menghitung dan
  menyusun statistik ringkasan serta grafik.
  Kami menggunakan perangkat lunak statistik untuk membuat
  ringkasan dan grafik yang disajikan dalam bab ini
  maupun di seluruh buku.
  Namun, karena ini mungkin kali pertama Anda bersentuhan dengan
  konsep-konsep tersebut, dalam bab ini kami menjelaskan secara
  bertahap cara membuatnya.
  Penguasaan materi dalam bab ini sangat penting untuk memahami
  metode dan teknik yang diperkenalkan di bagian-bagian selanjutnya
  dalam buku ini.}



%%%%%
","[""18223f28-a74d-5f9f-a586-6c3ab2bbef1f""]"
cac46d7a-c618-5be1-b426-a1e784c28eb3,dcd87770-5428-5ca2-8375-09e2744b09a7,1,exercise,en,ch_summarizing_data/TeX/considering_categorical_data.tex,61,72,cc64d113af0958104d809be4a980058817ec962a8f10f5c35162752d87713163,id-ID,repo/ch_summarizing_data/TeX/considering_categorical_data.tex,63,76,60e4e3cb7384363d3b69d33ce129625d1a48d1a5cfa6e7e6d46180246f247049,translated,"\eoce{\qt{Pandangan tentang DREAM Act\label{dream_act_mosaic}} Sampel acak pemilih
terdaftar di Tampa, Florida, ditanya apakah mereka mendukung DREAM Act,
sebuah rancangan undang-undang yang akan menyediakan jalur menuju kewarganegaraan
bagi orang-orang yang dibawa masuk ke Amerika Serikat tanpa izin ketika masih anak-anak.
Survei tersebut juga mengumpulkan informasi tentang ideologi politik responden.
Berdasarkan diagram mosaik di bawah, apakah pandangan tentang DREAM Act dan
ideologi politik tampak saling independen? Jelaskan alasan Anda.
\footfullcite{survey:immigFL:2012}
\begin{center}
\Figures[Diagram mosaik ditampilkan. Persegi panjang dibagi menjadi tiga kategori utama berupa persegi panjang tinggi: Konservatif (sekitar 40\% data), Moderat (sekitar 40\%), dan Liberal (sekitar 20\%). Setiap persegi panjang tinggi dibagi lagi menjadi ""Mendukung"", ""Tidak mendukung"", dan ""Tidak yakin"". Kategori ""Mendukung"" mencakup sekitar 45-50\% kelompok Konservatif dan Moderat serta sekitar 60-65\% kelompok Liberal. Kategori ""Tidak mendukung"" mencakup sekitar 40-45\% kelompok Konservatif dan Moderat serta sekitar 30\% kelompok Liberal. Dalam ketiga kelompok ideologi, ""Tidak yakin"" hampir sama besar, yaitu sekitar 5-10\% dari setiap kategori politik.]{0.8}{eoce/dream_act_mosaic}{dream_act_mosaic}
\end{center}
}{}

% 24
","[""18223f28-a74d-5f9f-a586-6c3ab2bbef1f""]"
cc641c66-2767-5630-8ac6-184363fd6f8e,17acf038-9821-5e3d-9ffa-1526fab12218,3,subsection_prose,en,ch_summarizing_data/TeX/ch_summarizing_data.tex,548,627,b3cb8d41d73fb7d8199cc158626ced1e9df851a9121960d00091d3c52e9c11b9,id-ID,repo/ch_summarizing_data/TeX/ch_summarizing_data.tex,537,612,c057d9459321ff4e1b961cb636ae4fedcefd0fa0d26c547cae79e23c0373a200,language_reviewed,"\end{exercisewrap}
\footnotetext{Suku bunga setiap pinjaman secara individual.}

Selain memperhatikan apakah distribusi menceng atau simetris,
histogram dapat digunakan untuk mengenali modus.
Sebuah \term{modus} direpresentasikan oleh puncak yang menonjol
dalam distribusi.
Histogram \var{interest\us{}rate} hanya mempunyai satu puncak
yang menonjol.

Definisi \emph{modus} yang kadang-kadang diajarkan di kelas
matematika adalah nilai yang paling sering muncul dalam kumpulan
data. Namun, dalam banyak kumpulan data dunia nyata, lazim sekali
tidak ada pengamatan yang nilainya sama. Karena itu, definisi ini
tidak praktis untuk analisis data.

Gambar~\ref{singleBiMultiModalPlots} menampilkan histogram dengan
satu, dua, atau tiga puncak yang menonjol.
Distribusi seperti ini masing-masing disebut
\term{unimodal}, \term{bimodal}, dan \term{multimodal}.
Setiap distribusi yang mempunyai lebih dari 2~puncak menonjol
disebut multimodal.
Perhatikan bahwa distribusi unimodal itu mempunyai satu puncak
menonjol dan satu puncak lain yang kurang menonjol. Puncak kedua
tidak dihitung karena tingginya hanya berbeda beberapa pengamatan
dari interval-interval kelas di sebelahnya.

\begin{figure}[h]
  \centering
  \Figure
    [Ditampilkan tiga histogram. Histogram pertama mempunyai interval kelas selebar 2 dari 0 hingga 18 pada sumbu horizontal, dengan frekuensi 3, 16, 16, 7, 11, 6, 4, 1, dan 1. Histogram kedua, yang mewakili kumpulan data berbeda, mempunyai interval kelas selebar 2 dengan nilai 0 hingga 20; hitungan kelasnya secara berurutan ialah 2, 9, 5, 2, 2, 2, 2, 10, 19, dan 9. Histogram ketiga, untuk kumpulan data lain lagi, mempunyai interval kelas selebar 2 dengan nilai 0 hingga 22; hitungan kelasnya secara berurutan ialah 10, 8, 4, 3, 1, 20, 15, 3, 15, 18, dan 5.]
    {0.9}{singleBiMultiModalPlots}
  \caption{Jika hanya puncak yang menonjol yang dihitung,
      distribusi-distribusi ini (dari kiri ke kanan) bersifat
      unimodal, bimodal, dan multimodal.
      Diagram kiri sengaja disebut unimodal karena yang dihitung
      adalah puncak yang \emph{menonjol}, bukan sembarang puncak.}
  \label{singleBiMultiModalPlots}
\end{figure}

\begin{examplewrap}
\begin{nexample}{Gambar~\ref{loan50IntRateHist}
    hanya menunjukkan satu modus suku bunga yang menonjol.
    Apakah distribusinya unimodal, bimodal, atau multimodal?}
  Unimodal.
  Ingatlah bahwa \emph{uni} berarti 1 (bayangkan \emph{uni}cycle,
  sepeda roda satu). Demikian pula, \emph{bi} berarti~2
  (bayangkan \emph{bi}cycle, sepeda roda dua).
  Kita menanti ditemukannya \emph{multicycle} untuk melengkapi
  analogi ini.
\end{nexample}
\end{examplewrap}

%{Looking back the stacked dot plot in
%    Figure~\ref{loan_int_rate_dot_plot_stacked},
%    it would be reasonable to wonder if the distribution
%    of loan amounts is actually bimodal or even multimodal.
%    In fact, we wondered the same thing -- so we investigated!}
%  What we found is that the bumps evident in the dot plot
%  tend to happen at \$5,000 increments.
%  That is, people made loan requests in round amounts.
%  While that is interesting, we often are more interested
%  in understanding the general shape of a data set rather
%  than characterizing some special property like this,
%  and for this reason, we think the data set is better
%  described as unimodal.
%  However, this example highlights that there isn't
%  always one ``correct'' answer for the number of modes.
%
%  There's a broader lesson to take away
%  from this example:
%  when we plot data in multiple ways,
%  we learn about different properties of the data
%  that no one plot would reveal all on its own.

\begin{exercisewrap}
","[""18223f28-a74d-5f9f-a586-6c3ab2bbef1f""]"
ce94b7d4-b2af-587f-8684-e5a9ec23818a,b96cf383-2b68-558c-85e4-82c8b25f30de,1,exercise,en,ch_intro_to_data/TeX/sampling_principles_and_strategies.tex,100,116,297e9e416cfb01b01d031a081710e74e6ddcf152e3212917eae375c5901ac6be,id-ID,repo/ch_intro_to_data/TeX/sampling_principles_and_strategies.tex,98,113,480d80da6abcf60fd63d9893c6fdfe7124c92cef6ea6abdf16a10093da955536,translated,"\eoce{\qt{Kucing di YouTube\label{cats_on_youtube_definitions}} Misalkan Anda 
ingin memperkirakan persentase video YouTube yang menampilkan kucing. Karena 
mustahil menonton semua video di YouTube, Anda menggunakan pemilih video acak 
untuk memilih 1.000 video. Anda menemukan bahwa 2\% dari video tersebut 
menampilkan kucing. Tentukan mana di antara hal-hal berikut yang merupakan 
observasi, variabel, statistik sampel (nilai yang dihitung berdasarkan sampel 
teramati), atau parameter populasi.
\begin{parts}
\item Persentase seluruh video YouTube yang menampilkan kucing.
\item 2\%.
\item Sebuah video dalam sampel Anda.
\item Apakah sebuah video menampilkan kucing atau tidak.
\end{parts}
}{}

% 19
","[""18223f28-a74d-5f9f-a586-6c3ab2bbef1f""]"
cffb2141-10c4-5b98-8a61-76af53570c53,2b26a40e-e53d-5697-9e81-9dd25b95261f,1,public_appendix_solution,en,extraTeX/eoceSolutions/eoceSolutions.tex,197,208,147fa0ec81bbe2912ed23f53d65655ac38e430315e10584bc2e2e4f99464e5b5,id-ID,repo/extraTeX/eoceSolutions/eoceSolutions.tex,209,220,037b37e9f1e5420748132fd6587b1b6d50797279fbb738a3ae494f11e5cfba80,translated,"% 39

\eocesol{(a)~Orang yang tidak merespons mungkin akan memberikan jawaban berbeda
terhadap pertanyaan ini; misalnya, orang tua yang mengembalikan survei kemungkinan
memang tidak kesulitan meluangkan waktu bersama anak-anak mereka.
(b)~Kecil kemungkinan bahwa perempuan yang masih dapat dihubungi di alamat yang sama
tiga tahun kemudian merupakan sampel acak. Responden yang hilang ini mungkin lebih
banyak merupakan penyewa (bukan pemilik rumah), sehingga status sosial ekonominya
mungkin lebih rendah daripada responden yang berhasil dihubungi.
(c)~Studi ini tidak memiliki kelompok kontrol dan merupakan studi observasional;
selain itu, mungkin terdapat variabel perancu. Misalnya, orang-orang ini mungkin
berlari karena secara umum lebih sehat dan/atau juga melakukan olahraga lain.}
","[""18223f28-a74d-5f9f-a586-6c3ab2bbef1f""]"
d6dc7565-157f-5c68-b031-20b8eca1f7c0,38d29400-2764-5109-a7fd-d245c7e52b17,1,section_body,en,ch_intro_to_data/TeX/ch_intro_to_data.tex,799,1250,54c3eecb13e5bfd23889ef26a08d40140fbb3c7241a4b5d510d32f03d78d9263,id-ID,repo/ch_intro_to_data/TeX/ch_intro_to_data.tex,774,1247,2bc5638aa55698b891bcc0a048b8fd053316528e8ac3b19e6da6bc78d439c60b,translated,"\section{Prinsip dan strategi pengambilan sampel}
\label{overviewOfDataCollectionPrinciples}
\label{section_obs_data_sampling}

\index{sampel|(}
\index{populasi|(}

Langkah pertama dalam melakukan penelitian adalah menentukan topik
atau pertanyaan yang hendak diteliti.
Pertanyaan penelitian yang dirumuskan dengan jelas membantu menentukan
subjek atau kasus yang perlu dipelajari serta variabel yang penting.
Kita juga perlu mempertimbangkan \emph{bagaimana} data dikumpulkan
agar data tersebut andal dan membantu mencapai tujuan penelitian.


\subsection{Populasi dan sampel}
\label{populationsAndSamples}

\noindent%
Perhatikan tiga pertanyaan penelitian berikut:
\begin{enumerate}
\setlength{\itemsep}{0mm}
\item
    Berapakah rata-rata kadar merkuri pada ikan todak
    di Samudra Atlantik?
\item
    \label{timeToGraduationQuestionForUCLAStudents}%
    Selama 5 tahun terakhir, berapa rata-rata waktu yang dibutuhkan
    mahasiswa program sarjana Duke untuk menyelesaikan gelarnya?
\item
    \label{identifyPopulationOfStentStudy}%
    Apakah obat baru mengurangi jumlah kematian pada pasien
    dengan penyakit jantung berat?
\end{enumerate}
Setiap pertanyaan penelitian mengacu pada \term{populasi} sasaran. Pada
pertanyaan pertama, populasi sasarannya adalah seluruh ikan todak di Samudra
Atlantik, dan setiap ikan merupakan satu kasus. Mengumpulkan data untuk setiap
kasus dalam suatu populasi sering kali terlalu mahal. Sebagai gantinya, kita
mengambil sampel. Sebuah \term{sampel} merupakan sebagian dari kasus-kasus
tersebut dan biasanya hanya mencakup sebagian kecil populasi. Sebagai contoh,
60 ikan todak (atau jumlah lain) dapat dipilih dari populasi. Data sampel ini
kemudian dapat digunakan untuk memperkirakan rata-rata populasi dan menjawab
pertanyaan penelitian.

\begin{exercisewrap}
\begin{nexercise}\label{identifyingThePopulationForTwoQuestionsInPopAndSampSubsection}%
Untuk pertanyaan kedua dan ketiga di atas,
tentukan populasi sasaran dan apa yang
merupakan satu kasus individual.\footnotemark
\end{nexercise}
\end{exercisewrap}
\footnotetext{(\ref{timeToGraduationQuestionForUCLAStudents})
    Pertanyaan tentang waktu kelulusan hanya relevan bagi mahasiswa
    yang menyelesaikan gelarnya; rata-rata tersebut tidak dapat dihitung
    dengan memasukkan mahasiswa yang tidak pernah lulus. Karena itu,
    hanya mahasiswa program sarjana Duke yang lulus dalam lima tahun
    terakhir yang menjadi kasus dalam populasi yang sedang ditinjau.
    Setiap mahasiswa tersebut merupakan satu kasus individual.
    (\ref{identifyPopulationOfStentStudy})~Seseorang dengan penyakit
    jantung berat merupakan satu kasus. Populasinya mencakup semua orang
    dengan penyakit jantung berat.}


\subsection{Bukti anekdotal}
\label{anecdotalEvidenceSubsection}

\index{bias|(}

\noindent%
Perhatikan beberapa kemungkinan jawaban berikut untuk ketiga pertanyaan penelitian tadi:
\begin{enumerate}
\setlength{\itemsep}{0mm}
\item
    Seorang pria dalam berita mengalami keracunan merkuri setelah memakan
    ikan todak, sehingga rata-rata konsentrasi merkuri pada ikan todak pasti
    sangat tinggi dan berbahaya.
\item\label{iKnowThreeStudentsWhoTookMoreThan7YearsToGraduateAtDuke}
    Saya bertemu dua mahasiswa yang membutuhkan lebih dari 7 tahun untuk
    lulus dari Duke, sehingga menyelesaikan studi di Duke pasti memerlukan
    waktu lebih lama daripada di banyak perguruan tinggi lain.
\item\label{myFriendsDadDiedAfterSulphinpyrazon}
    Ayah teman saya mengalami serangan jantung dan meninggal setelah diberi
    obat baru untuk penyakit jantung, sehingga obat itu pasti tidak bekerja.
\end{enumerate}
Setiap kesimpulan tersebut didasarkan pada data.
Namun, terdapat dua masalah.
Pertama, data itu hanya mewakili satu atau dua kasus.
Kedua, dan yang lebih penting, belum jelas apakah kasus-kasus tersebut
benar-benar mewakili populasi.
Data yang dikumpulkan secara serampangan seperti ini disebut
\term{bukti anekdotal}.

\captionsetup{width=\textwidth-75mm}
\begin{figure}[h]
  \centering
  \hspace{8mm}\Figuress
    [Pemandangan musim dingin dengan pepohonan yang tertutup salju dan tumpukan salju besar di tepi jalan. Foto ini diambil di kampus University of Minnesota setelah sebuah badai; cabang-cabang pohon tampak putih terang karena tertutup salju.]
    {55mm}{mnWinter}{mnWinter}\hspace{4mm}
  \begin{minipage}[b]{\textwidth-75mm}
    \caption[bukti anekdotal]{Pada Februari 2010,
        sejumlah komentator media menggunakan badai salju besar di Amerika
        Serikat bagian timur laut untuk menentang pemanasan global. Jon Stewart
        menyindir penalaran tersebut: satu kejadian cuaca setempat tidak dapat
        mewakili pola iklim global jangka panjang. Foto: David M. Diez,
        CC BY-SA 3.0.
    \label{mnWinter}}
  \end{minipage}
\end{figure}
\captionsetup{width=\mycaptionwidth}

\begin{onebox}{Bukti anekdotal}
Waspadai data yang dikumpulkan secara serampangan.
Bukti semacam itu mungkin benar dan dapat diverifikasi, tetapi mungkin
hanya mewakili kasus-kasus luar biasa.
\end{onebox}

\D{\newpage}

Bukti anekdotal biasanya terdiri atas kasus-kasus tidak lazim yang kita ingat
karena cirinya menonjol. Sebagai contoh, kita lebih mungkin mengingat dua orang
yang kita temui dan membutuhkan 7~tahun untuk lulus daripada enam orang lain
yang lulus dalam empat tahun. Alih-alih hanya melihat kasus yang paling tidak
lazim, kita sebaiknya memeriksa sampel yang terdiri atas banyak kasus dan
mewakili populasi.

\subsection{Mengambil sampel dari populasi}

\index{sampel!sampel acak|(}
\index{sampel!bias|(}

Kita dapat mencoba memperkirakan waktu kelulusan mahasiswa program sarjana
Duke selama 5 tahun terakhir dengan mengumpulkan sampel mahasiswa.
Semua lulusan dalam 5 tahun terakhir merupakan
\emph{populasi}\index{populasi}, sedangkan lulusan yang dipilih untuk
ditinjau secara bersama-sama disebut
\emph{sampel}\index{sampel}.
Secara umum, kita selalu berupaya memilih sampel dari suatu populasi
\emph{secara acak}.
Bentuk pemilihan acak yang paling dasar setara dengan cara melakukan undian.
Sebagai contoh, untuk memilih lulusan, kita dapat menuliskan nama setiap
lulusan pada kupon undian lalu mengambil 100 kupon.
Nama-nama yang terambil akan membentuk sampel acak berisi 100 lulusan.
Kita memilih sampel secara acak untuk mengurangi kemungkinan timbulnya bias.

\begin{figure}[ht]
  \centering
  \Figures
    [Diagram memperlihatkan lingkaran besar di kiri untuk ""semua lulusan"" dan lingkaran kecil di kanan untuk ""sampel"". Banyak titik tersebar secara acak di dalam lingkaran kiri. Lima titik di antaranya memiliki panah menuju lima titik di dalam lingkaran kanan; tidak ada titik lain dalam lingkaran kanan.]
    {0.5}{popToSample}{popToSampleGraduates}
  \caption{Pada diagram ini, lima lulusan dipilih secara acak
      dari populasi untuk dimasukkan ke dalam sampel.}
  \label{popToSampleGraduates}
\end{figure}

\begin{examplewrap}
\begin{nexample}{Misalkan kita meminta seorang mahasiswa jurusan gizi
    memilih beberapa lulusan untuk penelitian ini.
    Menurut Anda, mahasiswa seperti apa yang mungkin dipilihnya?
    Apakah sampelnya akan mewakili semua lulusan?}
  Ia mungkin memilih lulusan dari bidang kesehatan dalam proporsi yang
  terlalu besar. Atau, pilihannya mungkin saja mewakili populasi dengan baik.
  Ketika memilih sampel secara manual, kita berisiko memperoleh sampel yang
  \termsub{bias}{sampel!bias}, sekalipun bias itu tidak disengaja.
\end{nexample}
\end{examplewrap}

\begin{figure}
  \centering
  \Figures
    [Diagram memperlihatkan lingkaran besar di kiri untuk ""semua lulusan"" dan lingkaran kecil di kanan untuk ""sampel"". Banyak titik tersebar secara acak di lingkaran kiri. Di dalamnya terdapat lingkaran lebih kecil berlabel ""lulusan bidang kesehatan"" yang memuat sebagian titik. Lima titik dari lingkaran kecil tersebut memiliki panah menuju lima titik dalam lingkaran sampel; tidak ada titik lain dalam lingkaran sampel.]
    {0.5}{popToSample}{popToSubSampleGraduates}
  \caption{Ketika diminta memilih sampel lulusan,
      seorang mahasiswa jurusan gizi tanpa sengaja mungkin memilih
      lulusan dari bidang kesehatan dalam proporsi yang terlalu besar.}
  \label{popToSubSampleGraduates}
\end{figure}

Jika seseorang bebas menentukan sendiri lulusan mana yang masuk ke dalam
sampel, sampel itu sangat mungkin condong ke minat orang tersebut, meskipun
hal itu sama sekali tidak disengaja.
Keadaan ini memasukkan \term{bias} ke dalam sampel.
Pengambilan sampel secara acak membantu mengatasi masalah ini.
Sampel acak yang paling dasar disebut
\term{sampel acak sederhana}; prosedurnya setara dengan menggunakan
undian untuk memilih kasus. Untuk ukuran sampel yang telah ditetapkan,
setiap himpunan kasus yang mungkin dengan ukuran tersebut memiliki peluang
yang sama untuk terpilih.

Mengambil sampel acak sederhana membantu meminimalkan bias.
Namun, bias dapat muncul melalui cara lain.
Bahkan ketika orang dipilih secara acak, misalnya untuk suatu survei,
kita perlu berhati-hati jika
\term{tingkat nonrespons}
\index{sampel!tingkat nonrespons|textbf} tinggi.
Sebagai contoh, jika hanya 30\% orang yang dipilih secara acak untuk suatu
survei benar-benar merespons, belum jelas apakah hasilnya
\term{representatif} bagi seluruh populasi.
\term{Bias nonrespons}
\index{sampel!bias nonrespons|textbf} ini dapat menyimpangkan hasil.

\begin{figure}[h]
  \centering
  \Figures
    [Diagram memperlihatkan lingkaran besar di kiri untuk ""populasi sasaran"" dan lingkaran kecil di kanan untuk ""sampel"". Banyak titik tersebar secara acak di dalam lingkaran kiri. Di dalamnya terdapat lingkaran lebih kecil berlabel ""populasi yang benar-benar tersampel"" yang memuat sebagian titik. Lima titik dari lingkaran kecil tersebut memiliki panah menuju lima titik dalam lingkaran sampel; tidak ada titik lain dalam lingkaran sampel.]
    {0.5}{popToSample}{surveySample}
  \caption{Karena sebagian orang mungkin tidak merespons,
      suatu survei mungkin hanya menjangkau kelompok tertentu
      dalam populasi. Masalah ini sulit, dan sering kali mustahil,
      diperbaiki sepenuhnya.}
  \label{surveySample}
\end{figure}

Kelemahan umum lainnya adalah
\term{sampel kemudahan}\index{sampel!sampel kemudahan},
yakni individu yang mudah dijangkau lebih mungkin dimasukkan ke dalam sampel.
Sebagai contoh, jika survei politik dilakukan dengan menghentikan pejalan kaki
di Bronx, sampelnya tidak akan mewakili seluruh Kota New York.
Sering kali sulit menentukan subpopulasi mana yang sebenarnya diwakili oleh
sampel kemudahan.

\begin{exercisewrap}
\begin{nexercise}
Kita dapat dengan mudah mengakses penilaian terhadap produk, penjual, dan
perusahaan melalui situs web. Penilaian ini hanya berasal dari orang-orang
yang secara khusus meluangkan waktu untuk memberikannya. Jika 50\% ulasan
daring terhadap suatu produk bersifat negatif, apakah menurut Anda itu berarti
50\% pembeli tidak puas dengan produk tersebut?\footnotemark
\end{nexercise}
\end{exercisewrap}
\footnotetext{Jawaban dapat beragam.
    Berdasarkan pengalaman anekdotal kami sendiri, orang tampaknya lebih
    cenderung mengeluhkan produk yang tidak memenuhi harapan daripada memuji
    produk yang bekerja sesuai harapan. Karena itu, kami menduga terdapat bias
    negatif dalam penilaian produk di situs seperti Amazon. Namun, karena
    pengalaman kami mungkin tidak representatif, kami tetap terbuka terhadap
    kemungkinan lain.}

\index{sampel!bias|)}
\index{sampel!sampel acak|)}
\index{bias|)}
\index{populasi|)}
\index{sampel|)}

\subsection{Studi observasional}

Data yang dikumpulkan tanpa secara eksplisit memberikan
(atau menahan) perlakuan disebut \term{data observasional}.
Sebagai contoh, data pinjaman dan data county yang dijelaskan pada
Bagian~\ref{dataBasics}
keduanya merupakan contoh data observasional.
%It is important to collect such data in
%a thoughtful and rigorous manner so that statistical
%analyses based on the data can have meaningful
%and generalizable results.
Menarik kesimpulan kausal dari eksperimen yang dirancang dengan baik sering
kali masuk akal. Namun, menarik kesimpulan kausal yang sama dari data
observasional dapat menyesatkan dan tidak dianjurkan.
Karena itu, studi observasional umumnya hanya memadai untuk menunjukkan
asosiasi atau membentuk hipotesis yang kemudian kita periksa melalui
eksperimen.

\begin{exercisewrap}
\begin{nexercise}\label{sunscreenLurkingExample}%
Misalkan sebuah studi observasional mengikuti penggunaan tabir surya dan
kanker kulit, lalu menemukan bahwa makin banyak tabir surya yang digunakan
seseorang, makin besar kemungkinan orang tersebut menderita kanker kulit.
Apakah ini berarti tabir surya \emph{menyebabkan} kanker kulit?\footnotemark
\end{nexercise}
\end{exercisewrap}
\footnotetext{Tidak.
    Lihat paragraf setelah latihan untuk penjelasannya.}

Sejumlah penelitian terdahulu menunjukkan bahwa penggunaan tabir surya justru
menurunkan risiko kanker kulit. Karena itu, mungkin terdapat variabel lain yang
dapat menjelaskan asosiasi hipotetis antara penggunaan tabir surya dan kanker
kulit ini. Salah satu informasi penting yang tidak disertakan adalah paparan
sinar matahari. Seseorang yang berada di bawah sinar matahari sepanjang hari
lebih mungkin menggunakan tabir surya \emph{dan} lebih mungkin terkena kanker
kulit. Penyelidikan sederhana tadi tidak memperhitungkan paparan sinar matahari.
\begin{center}
  \Figures
    [Tiga kotak berisi teks tersusun membentuk segitiga. Kotak ""paparan sinar matahari"" memiliki dua panah yang masing-masing menuju kotak ""menggunakan tabir surya"" dan ""kanker kulit"". Panah ketiga berwarna lebih muda mengarah dari kotak ""menggunakan tabir surya"" ke kotak ""kanker kulit"", dengan tanda tanya di atas panah tersebut.]
    {0.55}{variables}{sunCausesCancer}
\end{center}
% Some studies:
% http://www.sciencedirect.com/science/article/pii/S0140673698121682
% http://archderm.ama-assn.org/cgi/content/abstract/122/5/537
% Study with a similar scenario to that described here:
% http://onlinelibrary.wiley.com/doi/10.1002/ijc.22745/full

Paparan sinar matahari disebut \term{variabel perancu},\footnote{Disebut juga
\term{variabel tersembunyi}, \term{faktor perancu}, atau \term{perancu}.}
yaitu variabel yang berkorelasi dengan variabel penjelas sekaligus variabel
respons. Salah satu cara untuk mencoba membenarkan kesimpulan kausal dari studi
observasional adalah mencari variabel perancu selengkap mungkin. Namun, tidak
ada jaminan bahwa semua variabel perancu dapat diperiksa atau diukur.

%In the same way, the \data{county} data set is an observational study with confounding variables, and its data cannot easily be used to make causal conclusions.

\begin{exercisewrap}
\begin{nexercise}
Gambar~\ref{multiunitsVsOwnership} menunjukkan asosiasi negatif
antara tingkat kepemilikan rumah dan persentase bangunan multiunit
di suatu county. Namun, menyimpulkan bahwa kedua variabel tersebut memiliki
hubungan kausal tidaklah beralasan.
Usulkan sebuah variabel yang mungkin menjelaskan hubungan
negatif tersebut.\footnotemark
\end{nexercise}
\end{exercisewrap}
\footnotetext{Jawaban dapat beragam.
    Kepadatan penduduk mungkin berperan penting. Jika suatu county sangat
    padat, sebagian lebih besar penduduknya mungkin perlu tinggal di bangunan
    multiunit. Selain itu, kepadatan tinggi dapat turut menaikkan nilai properti,
    sehingga kepemilikan rumah tidak terjangkau bagi banyak penduduk.}

Dua bentuk studi observasional yang umum dan dibahas di sini adalah
studi prospektif dan studi retrospektif.
Sebuah \term{studi prospektif} mengidentifikasi individu
dan mengumpulkan informasi seiring berlangsungnya peristiwa.
Sebagai contoh, peneliti medis dapat mengidentifikasi dan mengikuti
sekelompok pasien selama bertahun-tahun untuk menilai kemungkinan pengaruh
perilaku terhadap risiko kanker.
Salah satu contohnya adalah \emph{The Nurses' Health Study},
yang dimulai pada 1976 dan diperluas pada 1989.
Studi prospektif ini merekrut perawat terdaftar, kemudian mengumpulkan data
dari mereka melalui kuesioner.
\termsub{Studi retrospektif}{studi retrospektif}
mengumpulkan data setelah peristiwa terjadi; misalnya, peneliti dapat
menelaah peristiwa masa lalu dalam rekam medis.
Sejumlah himpunan data dapat memuat variabel yang dikumpulkan secara
prospektif maupun retrospektif.


\subsection{Empat metode pengambilan sampel}
\label{fourSamplingMethods}
\label{threeSamplingMethods}

Hampir semua metode statistik didasarkan pada gagasan bahwa terdapat keacakan
yang mendasari data. Jika data observasional dari suatu populasi tidak
dikumpulkan dalam kerangka acak, metode-metode statistik tersebut---baik
estimasi maupun galat yang menyertai estimasi---tidak dapat diandalkan. Di sini
kita membahas empat teknik pengambilan sampel acak: pengambilan sampel acak
sederhana, berstrata, klaster, dan multitahap. Gambar~\ref{simple_stratified}
dan~\ref{cluster_multistage} menyajikan gambaran grafis teknik-teknik tersebut.

\begin{figure}
  \centering
  \Figures
    [Dua diagram ditampilkan bertumpuk. Diagram atas berupa persegi panjang besar yang memuat banyak titik; 18 titik dilingkari dan diberi warna berbeda. Diagram bawah juga berupa persegi panjang besar, tetapi memuat 6 lingkaran besar berlabel ""Strata 1"" hingga ""Strata 6"". Setiap lingkaran memuat banyak titik, dan pada masing-masing strata terdapat 3 titik yang dilingkari serta diberi warna berbeda, serupa dengan penandaan 18 titik pada diagram atas.]
    {}{samplingMethodsFigure}{simple_stratified}
  \caption{
      Contoh pengambilan sampel acak sederhana
      \index{sampel!pengambilan sampel acak sederhana}
      dan pengambilan sampel berstrata.
      \index{sampel!pengambilan sampel berstrata}
      Pada panel atas, pengambilan sampel acak sederhana digunakan untuk
      memilih 18 kasus secara acak. Pada panel bawah, digunakan pengambilan
      sampel berstrata: kasus dikelompokkan ke dalam strata, lalu pengambilan
      sampel acak sederhana diterapkan di \mbox{setiap strata}.}
  \label{simple_stratified}
\end{figure}

\termsub{Pengambilan sampel acak sederhana}{sampel!pengambilan sampel acak sederhana}
mungkin merupakan bentuk pengambilan sampel acak yang paling intuitif.
Perhatikan gaji pemain Major League Baseball (MLB), dengan setiap pemain
tergabung dalam salah satu dari 30 tim liga. Untuk mengambil sampel acak
sederhana yang terdiri atas 120 pemain beserta gajinya, kita dapat menuliskan
nama ratusan pemain pada musim tersebut di secarik kertas, memasukkan semua
kertas ke dalam wadah, mengocoknya hingga seluruh nama tercampur, lalu
mengambil kertas sampai terkumpul sampel 120 pemain. Secara umum, sebuah
sampel disebut ``acak sederhana'' jika setiap kasus dalam populasi memiliki
peluang yang sama untuk masuk ke dalam sampel akhir \emph{dan} informasi bahwa
satu kasus masuk ke dalam sampel tidak memberikan informasi berguna mengenai
kasus lain mana yang turut masuk.

\termsub{Pengambilan sampel berstrata}{sampel!pengambilan sampel berstrata}
merupakan strategi pengambilan sampel yang membagi masalah menjadi bagian-bagian.
Populasi dibagi ke dalam kelompok yang disebut
\term{strata}\index{sampel!strata|textbf}.
Strata dipilih agar kasus-kasus yang serupa dikelompokkan bersama, lalu metode
pengambilan sampel kedua---biasanya pengambilan sampel acak sederhana---
diterapkan dalam setiap strata.
Pada contoh gaji pemain bisbol, tim dapat menjadi strata karena sebagian tim
memiliki dana jauh lebih besar (hingga 4~kali lipat!).
Kita kemudian dapat memilih 4 pemain secara acak dari setiap tim sehingga
jumlah keseluruhannya 120 pemain.

Pengambilan sampel berstrata sangat berguna ketika kasus-kasus dalam setiap
strata sangat serupa dalam hal luaran yang menjadi perhatian. Kekurangannya,
menganalisis data dari sampel berstrata lebih rumit daripada menganalisis data
dari sampel acak sederhana. Metode analisis yang diperkenalkan dalam buku ini
perlu diperluas untuk menganalisis data yang dikumpulkan melalui pengambilan
sampel berstrata.

\begin{examplewrap}
\begin{nexample}{Mengapa keserupaan yang tinggi antarkasus
    dalam setiap strata menguntungkan?}
  Jika kasus-kasus sangat serupa, kita dapat memperoleh estimasi yang lebih
  stabil untuk subpopulasi dalam suatu strata, sehingga estimasi pada setiap
  kelompok menjadi lebih presisi. Ketika estimasi-estimasi ini digabungkan
  menjadi satu estimasi bagi seluruh populasi, estimasi populasi tersebut
  cenderung lebih presisi karena setiap estimasi kelompok juga lebih presisi.
\end{nexample}
\end{examplewrap}

Dalam \termsub{sampel klaster}{sampel!sampel klaster}, populasi dibagi menjadi
banyak kelompok yang disebut \termsub{klaster}{sampel!klaster}. Sejumlah
klaster yang telah ditetapkan kemudian dipilih, dan semua observasi dalam
setiap klaster terpilih dimasukkan ke dalam sampel. Sebuah
\termsub{sampel multitahap}{sampel!sampel multitahap} menyerupai sampel klaster,
tetapi alih-alih menyertakan semua observasi dalam setiap klaster, kita
mengambil sampel acak di dalam setiap klaster terpilih. %Multistage sampling is similar to stratified sampling in its process, except that stratified sampling requires observations be sampled from \emph{every} stratum.

\begin{figure}
  \centering
  \Figures
    [Dua diagram ditampilkan bertumpuk. Diagram atas berupa persegi panjang besar yang memuat 9 lingkaran besar berlabel ""Klaster 1"" hingga ""Klaster 9"". Semua lingkaran besar memuat titik. Tiga lingkaran---Klaster 3, Klaster 4, dan Klaster 8---serta seluruh titik di dalamnya diberi warna berbeda. Diagram bawah serupa, tetapi hanya 6 titik dalam masing-masing dari 3 klaster terpilih yang diberi warna berbeda.]
    {}{samplingMethodsFigure}{cluster_multistage}
  \caption{Contoh pengambilan sampel klaster
  \index{sampel!pengambilan sampel klaster}
  dan multitahap\index{sampel!pengambilan sampel multitahap}.
  Pada panel atas, digunakan pengambilan sampel klaster:
  data dibagi ke dalam sembilan klaster, tiga klaster dipilih sebagai sampel,
  dan semua observasi dalam ketiga klaster tersebut dimasukkan ke dalam sampel.
  Pada panel bawah, digunakan pengambilan sampel multitahap. Perbedaannya dari
  pengambilan sampel klaster adalah bahwa kita memilih secara acak sebagian
  anggota setiap klaster untuk dimasukkan ke dalam sampel, alih-alih mengukur
  setiap kasus dalam tiap klaster terpilih.}
\label{cluster_multistage}
\end{figure}

Pengambilan sampel klaster atau multitahap kadang-kadang lebih ekonomis daripada
teknik pengambilan sampel lainnya.
Selain itu, tidak seperti pengambilan sampel berstrata, kedua pendekatan ini
paling berguna ketika terdapat banyak keragaman antarkasus di dalam setiap
klaster, sedangkan klaster-klaster itu sendiri tidak terlalu berbeda satu sama
lain. Sebagai contoh, jika lingkungan tempat tinggal menjadi klaster,
pengambilan sampel klaster atau multitahap bekerja paling baik ketika setiap
lingkungan sangat beragam.
Kekurangan metode-metode ini adalah bahwa analisis datanya biasanya memerlukan
teknik yang lebih lanjut, meskipun metode dalam buku ini dapat diperluas untuk
menangani data semacam itu.

\begin{examplewrap}
\begin{nexample}{Misalkan kita hendak memperkirakan tingkat malaria
    di suatu wilayah pedesaan berhutan tropis lebat di Indonesia.
    Kita mengetahui bahwa terdapat 30 desa di bagian kawasan hutan tersebut,
    dan setiap desa kurang lebih serupa dengan desa lainnya.
    Tujuan kita adalah melakukan tes malaria pada 150 orang.
    Metode pengambilan sampel apa yang sebaiknya digunakan?}
  Sampel acak sederhana kemungkinan akan memilih orang dari seluruh 30 desa,
  sehingga pengumpulan data bisa menjadi sangat mahal.
  Pengambilan sampel berstrata akan sulit karena tidak jelas bagaimana kita
  dapat membentuk strata berisi individu yang serupa.
  Namun, pengambilan sampel klaster atau multitahap tampak sangat sesuai.
  Jika memutuskan menggunakan pengambilan sampel multitahap, kita dapat memilih
  separuh desa secara acak, lalu memilih 10 orang secara acak dari setiap desa.
  Cara ini kemungkinan besar akan mengurangi biaya pengumpulan data secara
  berarti dibandingkan sampel acak sederhana, dan sampel multitahap tersebut
  tetap akan memberi kita informasi yang andal, meskipun analisis datanya
  memerlukan metode yang sedikit lebih lanjut daripada yang dibahas dalam
  buku ini.
\end{nexample}
\end{examplewrap}


{\input{ch_intro_to_data/TeX/sampling_principles_and_strategies.tex}}






%%%%%
","[""18223f28-a74d-5f9f-a586-6c3ab2bbef1f"",""0f82ea30-16ac-53ad-afe5-d62667bc819b"",""8f2b2a12-f8f5-5921-b118-caa59aff6bfe"",""904d91ee-a6bb-585a-8e5c-7191cc33c6af""]"
d6e33bf9-1bc6-50cf-893b-c0e9d2963d41,5e79109c-05de-5995-8080-138aa82c199d,1,guided_exercise,en,ch_summarizing_data/TeX/ch_summarizing_data.tex,1254,1258,a6ff1ffb7520cf360f33fad6f4f100a25382f7e00e0da61fdfac79fbf7045384,id-ID,repo/ch_summarizing_data/TeX/ch_summarizing_data.tex,1196,1200,9438cfef8c8ff002218ebbad7a82b6af0ae2372ed66c509ffb2269bb230ec097,translated,"\begin{nexercise}
Ciri menarik apa yang tampak pada peta intensitas
\var{median\us{}hh\us{}income} dalam
Gambar~\ref{countyMedIncomeMap}?\footnotemark{}
\end{nexercise}
","[""18223f28-a74d-5f9f-a586-6c3ab2bbef1f""]"
d6f0e804-8c4a-5ed0-9506-d6f98490b01f,32d7de43-664b-5d21-a5bf-693e1695b0b9,1,table_and_caption,en,ch_intro_to_data/TeX/ch_intro_to_data.tex,63,80,e6d196133a7cfa8df496d56226b1be0975102de7a901113e19c5bcf5c0faf320,id-ID,repo/ch_intro_to_data/TeX/ch_intro_to_data.tex,63,80,e635bee0a9b9118ad6243d9ef6ad6469d6d628b55541831efb1a43d0795652c6,translated,"\begin{figure}[h]
\centering
\begin{tabular}{l ccc}
\hline
Pasien	&	kelompok	&	0--30 hari 	&	0--365 hari \\
\hline
1		&	perlakuan &	tidak ada kejadian &	tidak ada kejadian \\
2		&	perlakuan &	strok & strok \\
3		&	perlakuan &	tidak ada kejadian & tidak ada kejadian \\
$\vdots$	&	$\vdots$	  &	$\vdots$ \\
450	&	kontrol &	tidak ada kejadian &	tidak ada kejadian \\
451	&	kontrol &	tidak ada kejadian &	tidak ada kejadian \\
\hline
\end{tabular}
\caption{Hasil untuk lima pasien dari penelitian stent.}
\label{stentStudyResultsDF}
% trmt <- c(rep('trmt', 224), rep('control', 227)); outcome30 <- c(rep(c('event', 'no_event'), c(33, 191)), rep(c('event', 'no_event'), c(13, 214))); outcome365 <- c(rep(c('event', 'no_event'), c(33, 191)), rep(c('event', 'no_event'), c(13, 214)))
\end{figure}
","[""18223f28-a74d-5f9f-a586-6c3ab2bbef1f""]"
d97c1bde-ae77-5b6f-8dbd-a580d428546f,8a23e856-49af-570b-8460-82f99ced2ef0,1,exercise,en,ch_summarizing_data/TeX/examining_numerical_data.tex,153,177,4d4f544e337f989b295889b7de73345bd542c8b694a8d1e3244b1bcf0b287a8d,id-ID,repo/ch_summarizing_data/TeX/examining_numerical_data.tex,158,183,8495b3c6520a8b02901171c2093a05845d9cb05dabf256c1baa893ae4d80b708,language_reviewed,"\eoce{\qt{Kualitas udara\label{air_quality_durham}} Kualitas udara harian diukur dengan indeks 
kualitas udara (AQI) yang dilaporkan oleh Badan Perlindungan Lingkungan Amerika Serikat. Indeks 
ini melaporkan tingkat pencemaran dan dampak kesehatan terkait yang mungkin perlu diperhatikan. 
Indeks tersebut dihitung untuk lima pencemar udara utama yang diatur oleh Undang-Undang Udara 
Bersih dan memiliki nilai dari 0 hingga 300; nilai yang lebih tinggi menunjukkan kualitas udara 
yang lebih rendah. AQI dilaporkan untuk sampel sebanyak 91 hari pada tahun 2011 di Durham, 
Carolina Utara. Histogram frekuensi relatif di bawah ini menunjukkan distribusi nilai AQI pada 
hari-hari tersebut. \footfullcite{data:durhamAQI:2011} \\
\begin{minipage}[c]{0.55\textwidth}
\begin{parts}
\item Perkirakan nilai median AQI sampel ini.
\item Apakah Anda memperkirakan nilai rata-rata AQI sampel ini lebih tinggi atau lebih rendah 
daripada mediannya? Jelaskan alasan Anda.
\item Perkirakan Q1, Q3, dan IQR distribusi tersebut.
\item Apakah ada hari dalam sampel ini yang dapat dianggap memiliki AQI yang sangat rendah atau 
sangat tinggi? Jelaskan alasan Anda.
\end{parts}
\end{minipage}
\begin{minipage}[c]{0.45\textwidth}
\begin{center}
\Figures[Sebuah histogram ""AQI harian"" ditampilkan dengan sumbu horizontal data dari sekitar 5 hingga 65. Lebar interval kelasnya 5, terdapat 12 interval kelas dari 5 hingga 60, dan sumbu vertikal menunjukkan proporsi. Tinggi ke-12 interval kelas tersebut, secara berurutan dari kiri ke kanan, sekitar 0.02 (untuk kelas 5 hingga 10), 0.06, 0.20, 0.06, 0.20, 0.15, 0.07, 0.04, 0.07, 0.08, 0.03, dan 0.02 untuk kelas terakhir dari 60 hingga 65.]{}{eoce/air_quality_durham}{air_quality_durham_rel_freq_hist}
\end{center}
\end{minipage}
}{}

% 12
","[""18223f28-a74d-5f9f-a586-6c3ab2bbef1f""]"
db53ac95-742a-5db3-9da3-e89ac011c55d,a36d034f-f5c1-5f04-89ac-c4f4a6cd046d,3,subsection_prose,en,ch_summarizing_data/TeX/ch_summarizing_data.tex,1081,1094,92cc0963695e4b42a33a225aaff6d1641fe3e55f915b5346664822aaf7806d0f,id-ID,repo/ch_summarizing_data/TeX/ch_summarizing_data.tex,1029,1041,31d9c041cceb5574edb61f7fa1bb70026a57d89b0ef0c43c31b1b66a1930e615,translated,"\end{exercisewrap}
\footnotetext{Jawaban dapat bervariasi!
  Jika kita hanya ingin memahami seperti apa satu pinjaman yang
  tipikal, median mungkin lebih berguna. Namun, jika tujuannya
  memahami besaran yang dapat diskalakan, seperti total uang yang
  perlu tersedia jika kita menawarkan 1,000 pinjaman, rata-rata
  akan lebih berguna.}

\index{data!loan50|)}


% R011-B005 D023: jeda halaman paksa sebelum transformasi data ditiadakan.

","[""18223f28-a74d-5f9f-a586-6c3ab2bbef1f""]"
dba4f419-6462-5d56-b4cf-2ac379015e93,8b9932bf-3164-5e36-a64a-304ae1894c90,1,end-of-section-exercise,en,ch_summarizing_data/TeX/case_study_malaria_vaccine.tex,53,104,b2d1ee372abaaac0c8d2aa66e5054dac9dd2284ffef6960b65fab90d2838b9c4,id-ID,repo/ch_summarizing_data/TeX/case_study_malaria_vaccine.tex,81,135,55382a65085c45e94c6f0da42403ce4659164a02104afcb461620e6e9b039f5c,language_reviewed,"% 26

\eoce{\qt{Transplantasi jantung\label{randomization_heart_transplants}} Studi
Transplantasi Jantung Universitas Stanford dilakukan untuk menentukan apakah
program transplantasi jantung eksperimental memperpanjang masa hidup. Setiap
pasien yang mengikuti program ditetapkan sebagai calon resmi penerima
transplantasi jantung. Artinya, pasien tersebut sakit parah dan kemungkinan
besar akan memperoleh manfaat dari jantung baru. Sebagian pasien menerima
transplantasi dan sebagian lainnya tidak. Variabel \texttt{transplant}
menunjukkan kelompok pasien; pasien dalam kelompok perlakuan menerima
transplantasi, sedangkan pasien dalam kelompok kontrol tidak. Dari 34 pasien
dalam kelompok kontrol, 30 meninggal. Dari 69 orang dalam kelompok perlakuan,
45 meninggal. Variabel lain bernama \texttt{survived} digunakan untuk menunjukkan
apakah pasien masih hidup pada akhir penelitian. \footfullcite{Turnbull+Brown+Hu:1974}
\begin{center}
\Figures[Diagram mosaik untuk variabel ""kelompok eksperimen"" (pemisahan primer) dan ""kelangsungan hidup"". Persegi panjang tinggi pertama untuk kelompok eksperimen ""kontrol"" lebarnya sekitar setengah persegi panjang tinggi kedua untuk ""perlakuan"". Pada pemisahan sekunder kelompok kontrol, hasil ""hidup"" mencakup sekitar 10\% tinggi persegi panjang dan ""meninggal"" sekitar 90\%. Pada pemisahan sekunder kelompok perlakuan, hasil ""hidup"" mencakup sekitar 35\% tinggi persegi panjang dan ""meninggal"" sekitar 65\%.]{0.48}{eoce/randomization_heart_transplants}{randomization_heart_transplants_mosaic}
\Figures[Ditampilkan diagram kotak berdampingan untuk variabel ""Masa hidup (hari)"", dengan dua diagram kotak berlabel ""kontrol"" dan ""perlakuan"". Sumbu masa hidup membentang dari 0 hingga sekitar 1800. Kotak kelompok kontrol membentang dari sekitar 0 hingga 50 dengan garis median sekitar 20, sedangkan kumisnya memanjang ke bawah hingga 0 dan ke atas hingga sekitar 125. Lima pengamatan berada di atas kumis atas, masing-masing sekitar 150, 250, 300, 400, dan 1400. Kotak kelompok perlakuan membentang dari sekitar 100 hingga 650 dengan garis median sekitar 250, sedangkan kumisnya memanjang ke bawah hingga 0 dan ke atas hingga sekitar 1400. Beberapa titik berada di atas kumis atas, masing-masing sekitar 1550, 1575, dan 1800.]{0.48}{eoce/randomization_heart_transplants}{randomization_heart_transplants_box}
\end{center}
\begin{parts}
\item Berdasarkan diagram mosaik, apakah kelangsungan hidup independen dari
status penerimaan transplantasi? Jelaskan penalaran Anda.
\item Apa yang ditunjukkan oleh diagram kotak di atas mengenai efikasi
(keefektifan) perlakuan transplantasi jantung?
\item Berapa proporsi pasien yang meninggal dalam kelompok perlakuan, dan berapa
proporsinya dalam kelompok kontrol?
\item Salah satu pendekatan untuk menyelidiki apakah perlakuan tersebut efektif
adalah dengan menggunakan teknik pengacakan.
\begin{subparts}
\item Pernyataan apa saja yang sedang diuji?
\item Paragraf berikut menjelaskan penyiapan pendekatan tersebut jika kita
melakukannya tanpa perangkat lunak statistika. Isi bagian kosong dengan angka
atau frasa yang sesuai.
\begin{adjustwidth}{2em}{2em}
Kita menuliskan \textit{hidup} pada \rule{2cm}{0.5pt} kartu yang mewakili pasien
yang masih hidup pada akhir penelitian, dan \textit{meninggal} pada
\rule{2cm}{0.5pt} kartu yang mewakili pasien yang sudah meninggal. Kemudian,
kartu-kartu ini dikocok dan dibagi menjadi dua kelompok: satu kelompok berukuran
\rule{2cm}{0.5pt} yang mewakili perlakuan, dan kelompok lain berukuran
\rule{2cm}{0.5pt} yang mewakili kontrol. Kita menghitung selisih antara proporsi
kartu \textit{meninggal} dalam kelompok perlakuan dan kelompok kontrol
(perlakuan - kontrol), lalu mencatat nilainya. Prosedur ini diulangi 100 kali
untuk membangun distribusi yang berpusat di \rule{2cm}{0.5pt}. Terakhir, kita
menghitung proporsi simulasi dengan selisih proporsi hasil simulasi yang
\rule{2cm}{0.5pt}. Jika proporsi ini kecil, kita menyimpulkan bahwa hasil
seperti itu kecil kemungkinannya untuk teramati secara kebetulan; hipotesis nol
harus ditolak dan hipotesis alternatif dipilih.
\end{adjustwidth}
\item Apa yang ditunjukkan oleh hasil simulasi berikut mengenai keefektifan
program transplantasi?
\end{subparts}
\end{parts}
\begin{center}
\Figures[Ditampilkan diagram titik bertumpuk yang tampaknya memuat sekitar 100 titik untuk variabel ""Selisih proporsi hasil simulasi"", yang membentang dari -0.25 hingga 0.25. Terdapat 11 tumpukan titik, dengan perkiraan lokasi dan jumlah sebagai berikut: 2 titik pada -0.23, 1 titik pada -0.19, 8 titik pada -0.14, 15 titik pada -0.10, 18 titik pada -0.05, 20 titik pada -0.01, 12 titik pada 0.04, 10 titik pada 0.08, 6 titik pada 0.12, 4 titik pada 0.17, dan 3 titik pada 0.21.]{0.6}{eoce/randomization_heart_transplants}{randomization_heart_transplants_rando}
\end{center}
}{}
","[""18223f28-a74d-5f9f-a586-6c3ab2bbef1f""]"
dc82d8e3-0107-5e99-98bb-f0ec22f7e17e,645a441c-5609-5ae7-9a39-ce2aa74eb3b2,1,public_appendix_solution,en,extraTeX/eoceSolutions/eoceSolutions.tex,210,217,8d448081dd9710488c8df3dd2de3d101fa4eebfd6a887bc79e4a25e585d0367c,id-ID,repo/extraTeX/eoceSolutions/eoceSolutions.tex,222,230,c545bddc8265c908f8b72ba8f092171c4cea40c05094f78f93d51b18d15162ce,translated,"% 41

\eocesol{(a)~Eksperimen terkontrol acak.
(b)~Variabel penjelas: kelompok perlakuan (kategoris, dengan 3 level).
Variabel respons: kesejahteraan psikologis.
(c)~Tidak, karena para peserta adalah sukarelawan.
(d)~Ya, karena studi ini merupakan eksperimen.
(e)~Pernyataan tersebut seharusnya menggunakan kata ``bukti yang mendukung''
dan bukan ``membuktikan''.}
","[""18223f28-a74d-5f9f-a586-6c3ab2bbef1f""]"
dea27a30-b5ae-50dd-af97-68fed4c18587,b4cd26a2-3443-5b4d-9a38-f2d9766ae10a,2,subsection_prose,en,ch_summarizing_data/TeX/ch_summarizing_data.tex,900,962,46147441ea7b414c077893e11439b4d575e046fcd80f125b1438e666bd57bd71,id-ID,repo/ch_summarizing_data/TeX/ch_summarizing_data.tex,863,918,7822a0bbd1384e409fd1bf9031f1822c33011ac50349dd48e01023aa6ebcd95e,translated,"\end{exercisewrap}
\footnotetext{Karena $Q_1$ dan $Q_3$ mencakup 50\% data bagian
  tengah dan median membelah data di tengah, 25\% data berada
  di antara $Q_1$ dan median, sedangkan 25\% lainnya berada
  di antara median dan $Q_3$.}

Dari kotak, \term{garis kumis} (whisker) menjulur untuk
mencakup data di luar kotak. Namun, jangkauannya tidak pernah
diizinkan melebihi $1.5\times IQR$.
Garis kumis mencakup semua data yang berada dalam jangkauan ini.
Dalam Gambar~\ref{loan_int_rate_box_plot_layout}, garis kumis atas
tidak menjangkau dua titik terakhir karena keduanya berada di atas
$Q_3 + 1.5\times IQR$. Karena itu, garis tersebut hanya menjulur
hingga titik terakhir di bawah batas ini.
Garis kumis bawah berhenti pada nilai terendah,
\loanSmallestValue{}\%, karena tidak ada data lain yang perlu
dijangkau. Batas garis kumis bawah tidak ditampilkan dalam gambar
karena diagram tidak membentang hingga $Q_1 - 1.5\times IQR$.
Kotak dapat dibayangkan sebagai tubuh diagram kotak, sedangkan
garis kumis seperti lengan yang berusaha menjangkau sisa data.

Setiap pengamatan di luar garis kumis ditandai dengan sebuah titik.
Tujuan menandai titik-titik ini---alih-alih memanjangkan garis
kumis hingga nilai minimum dan maksimum yang diamati---adalah
membantu mengenali pengamatan yang tampak sangat jauh dari data
lainnya. Pengamatan yang sangat jauh disebut
\termsub{pencilan}{pencilan}.
Dalam kasus ini, suku bunga 24.85\% dan \loanLargestValue{}\%
wajar digolongkan sebagai pencilan karena secara numerik jauh dari
sebagian besar data.

\begin{onebox}{Pencilan bersifat ekstrem}
  Sebuah \term{pencilan} adalah pengamatan yang tampak ekstrem
  dibandingkan dengan data lainnya. \vspace{3mm}
  
  Menelaah data untuk mencari pencilan mempunyai banyak kegunaan,
  antara lain\vspace{-1mm}
  \begin{enumerate}
  \setlength{\itemsep}{0mm}
  \item Mengenali
      \indexthis{kemencengan kuat}{kemencengan!kuat}
      dalam distribusi.
  \item Mengenali kemungkinan kesalahan pengumpulan atau
      entri data.
  \item Memberikan wawasan tentang sifat-sifat data yang
      menarik.\vspace{-1mm}
  \end{enumerate}
\end{onebox}

%The observation \loanLargestValue{}\%, a suspected outlier,
%was found to be an accurate observation.
%What would such an observation suggest about the nature
%of interest rates through Lending Club?\footnote{That
%  occasionally there may be very long emails.}

\begin{exercisewrap}
","[""18223f28-a74d-5f9f-a586-6c3ab2bbef1f""]"
df5e5859-bd53-5838-b35c-b5d6356bc40d,f420613b-16ba-5da1-a8a8-6e5b2cf9ccb9,1,public_appendix_solution,en,extraTeX/eoceSolutions/eoceSolutions.tex,241,246,975461e0dd623247e267d5801f1c7441395bad8a014f616583288347aa323c0d,id-ID,repo/extraTeX/eoceSolutions/eoceSolutions.tex,255,260,3aa2b8919fb3ee3cb04e9053c27cedc5220b7c562742eb1112193cef04e6ee85,translated,"% 1

\eocesol{(a)~Asosiasi positif: mamalia dengan masa kehamilan yang lebih lama cenderung memiliki 
rentang hidup yang lebih panjang.
(b)~Asosiasinya akan tetap positif.
(c)~Tidak, keduanya tidak saling bebas. Lihat bagian~(a).}
","[""18223f28-a74d-5f9f-a586-6c3ab2bbef1f""]"
e561524c-6dc7-5f3f-ba66-6310d2ca7110,008a3bd4-069a-5cc2-bea8-bf1d9a41d834,1,exercise,en,ch_intro_to_data/TeX/sampling_principles_and_strategies.tex,258,267,a8977aa3f9315964551e4574ecf7f4cc30a57730c3494a31b94be8b9351e3cf5,id-ID,repo/ch_intro_to_data/TeX/sampling_principles_and_strategies.tex,254,272,95b4f2222911be077d4dff3e5ff7cd769ca446f047278244105fad0b38217f82,translated,"\eoce{\qt{Strategi pengambilan sampel\label{sampling_strategies}} Seorang mahasiswa 
statistika ingin mengetahui hubungan antara waktu yang dihabiskan siswa di situs 
jejaring sosial dan kinerja mereka di sekolah, lalu memutuskan untuk melakukan 
survei. Beberapa strategi penelitian untuk mengumpulkan data diuraikan berikut. 
Untuk setiap strategi, sebutkan metode pengambilan sampel yang diusulkan dan 
bias yang mungkin timbul.
\begin{parts}
\item Ia memilih 40 siswa secara acak dari populasi studi, memberikan survei 
kepada mereka, lalu meminta mereka mengisinya dan mengembalikannya keesokan hari.
\item Ia hanya membagikan survei kepada teman-temannya dan memastikan setiap 
teman mengisinya.
\item Ia mengunggah tautan survei daring di Facebook dan meminta teman-temannya 
mengisi survei tersebut.
\item Ia memilih 5 kelas secara acak, lalu meminta sampel acak siswa dari 
kelas-kelas tersebut untuk mengisi survei.
\end{parts}
}{}

% 28
","[""18223f28-a74d-5f9f-a586-6c3ab2bbef1f""]"
e57dd367-5e6a-5323-9e42-c8ac5cf83fb1,73520ca6-33b3-53b3-9713-2ad77ac46942,1,exercise,en,ch_summarizing_data/TeX/examining_numerical_data.tex,74,83,934f2a997afb3103fa6b56e2d634d30a92e286542b8fea621239016bc10035f1,id-ID,repo/ch_summarizing_data/TeX/examining_numerical_data.tex,77,87,881906d619359b1ac7216b7352a572f5f9ffa6b057867d7c05d644acbfd0b126,translated,"\eoce{\qt{Tidur semasa kuliah\label{college_sleeping}} Sebuah artikel terbaru di surat kabar 
kampus menyatakan bahwa mahasiswa tidur rata-rata 5.5 jam setiap malam. Seorang mahasiswa 
yang meragukan nilai ini memutuskan untuk melakukan survei dengan mengambil sampel acak 
sebanyak 25 mahasiswa. Mahasiswa dalam sampel tersebut tidur rata-rata 6.25 jam per malam. 
Tentukan nilai mana yang merupakan rata-rata sampel dan nilai mana yang merupakan rata-rata 
populasi yang diklaim.
}{}

% R011-B005 D021: jeda halaman paksa untuk cetak ditiadakan.

% 7
","[""18223f28-a74d-5f9f-a586-6c3ab2bbef1f""]"
e7bbb557-7b45-55c1-b0d4-53312770c44e,ca6367c4-15b1-502f-9fa9-3f7229c912ee,1,subsection_prose,en,ch_summarizing_data/TeX/ch_summarizing_data.tex,73,139,3f9400174e78120d7c1d59279e1853b5465bb6de74247efacbbc7764449d39b0,id-ID,repo/ch_summarizing_data/TeX/ch_summarizing_data.tex,73,138,080c604c07c3965af8c341d6adef4ac6edb352d1f3a6bd492919fa7cd5b73515,translated,"\subsection{Diagram pencar untuk data berpasangan}
\label{scatterPlots}

\index{data!loan50|(}

Sebuah \term{diagram pencar} menyajikan data dua variabel numerik
kasus demi kasus.
Dalam Gambar~\ref{multiunitsVsOwnership} pada
halaman~\pageref{multiunitsVsOwnership}, sebuah diagram pencar
digunakan untuk menelaah hubungan antara tingkat kepemilikan rumah
dan proporsi unit hunian yang merupakan bagian dari properti
multiunit (misalnya apartemen) dalam kumpulan data \data{county}.
Diagram pencar lain ditampilkan dalam Gambar~\ref{loan50_amt_vs_income},
yang membandingkan total pendapatan seorang peminjam
(\var{total\us{}income}) dengan jumlah yang dipinjamnya
(\var{loan\us{}amount}) dalam kumpulan data \data{loan50}.
Dalam setiap diagram pencar, tiap titik mewakili satu kasus.
Karena \data{loan50} memuat \loanN{} kasus,
Gambar~\ref{loan50_amt_vs_income} memuat \loanN{} titik.

\begin{figure}[h]
  \centering
  \Figure
    [Ditampilkan diagram pencar dengan sumbu horizontal berlabel ""Total Pendapatan"" (total pendapatan; rentang \$0 hingga \$325,000) dan sumbu vertikal berlabel ""Jumlah Pinjaman"" (jumlah pinjaman; rentang \$0 hingga \$40,000). Jika total pendapatan kurang dari \$150,000, yang mencakup sebagian besar titik, jumlah pinjaman berada dalam rentang \$2,000 hingga \$33,000. Rentang jumlah pinjaman lebih tinggi jika total pendapatan melebihi \$175,000, yakni sekitar \$15,000 hingga \$40,000.]
    {0.8}{loan50_amt_vs_income}
  \caption{Diagram pencar \var{total\us{}income}
      terhadap \var{loan\us{}amount} untuk kumpulan data
      \data{loan50}.}
  \label{loan50_amt_vs_income}
\end{figure}

Pada Gambar~\ref{loan50_amt_vs_income},
terlihat banyak peminjam berpendapatan kurang dari
\$100,000 di sisi kiri grafik, sedangkan hanya segelintir
peminjam berpendapatan di atas~\$250,000.

\begin{examplewrap}
\begin{nexample}{Gambar~\ref{medianHHIncomePoverty}
    menampilkan median pendapatan rumah tangga terhadap
    tingkat kemiskinan untuk 3,142 county.
    Apa yang dapat dikatakan tentang hubungan antara
    kedua variabel ini?}
  Hubungan tersebut jelas \term{nonlinear},
  sebagaimana ditonjolkan oleh garis putus-putus.
  Hal ini berbeda dari diagram pencar sebelumnya, yang
  memperlihatkan hubungan dengan sedikit atau tanpa
  kelengkungan dalam trennya.
\end{nexample}
\end{examplewrap}

\begin{figure}[h]
  \centering
  \Figure
    [Ditampilkan diagram pencar dengan beberapa ribu titik, sumbu horizontal berlabel ""Tingkat Kemiskinan"" (tingkat kemiskinan; rentang 0\% hingga 55\%) dan sumbu vertikal berlabel ""Median Pendapatan Rumah Tangga"" (median pendapatan rumah tangga; rentang \$0 hingga \$130,000). Sebuah garis tren melengkung ditumpangkan pada titik-titik; garis itu bermula lebih tinggi di sebelah kiri dan menurun ke arah kanan, lalu makin mendatar. Pada tingkat kemiskinan di bawah 10\%, titik-titik berkisar antara sekitar \$40,000 dan \$130,000. Antara 10\% dan 20\%, rentangnya lebih rendah, sekitar \$25,000 hingga hampir \$100,000. Antara 20\% dan 30\%, titik-titik berkisar dari sekitar \$22,000 hingga sedikit di atas \$60,000. Antara 30\% dan 50\%, trennya hampir mendatar dengan nilai sekitar \$20,000 hingga \$50,000.]
    {0.8}{medianHHIncomePoverty}
  \caption{Diagram pencar median pendapatan rumah tangga
      terhadap tingkat kemiskinan untuk kumpulan data
      \data{county}.
      Sebuah model statistik juga telah dicocokkan dengan data
      dan ditampilkan sebagai garis putus-putus.}
  \label{medianHHIncomePoverty}
\end{figure}

\D{\newpage}

\begin{exercisewrap}
","[""18223f28-a74d-5f9f-a586-6c3ab2bbef1f""]"
e8932d35-2f8b-5a9e-9ba9-d38646a26915,6e9dc374-9378-5c52-b2ae-88d498bcec17,1,public_appendix_solution,en,extraTeX/eoceSolutions/eoceSolutions.tex,97,105,c24a97fd3cda692d9f43e6a1e76811873a2bfdb4c7bbeec2c5578b96e5a61051,id-ID,repo/extraTeX/eoceSolutions/eoceSolutions.tex,105,114,7cf8be8ee69d34c864556d730df7c9526f0a90ee5b996156071b922e2d424bca,translated,"% 21

\eocesol{(a)~Positif, nonlinear, dan cukup kuat. Negara dengan persentase 
penduduk pengguna internet yang lebih tinggi juga cenderung memiliki harapan 
hidup saat lahir yang lebih tinggi, tetapi kenaikannya mulai melandai ketika 
mendekati 80 tahun.
(b)~Studi observasional.
(c)~Kemakmuran: negara yang penduduknya secara luas mampu membayar akses 
internet kemungkinan juga mampu membayar layanan kesehatan dasar. 
(Catatan: Jawaban dapat bervariasi.)}
","[""18223f28-a74d-5f9f-a586-6c3ab2bbef1f""]"
e99e6e0c-ef3f-52ca-a651-0a2c69a5b7ee,be68d249-d0b7-55f6-9d31-100dc668e656,1,exercise,en,ch_summarizing_data/TeX/examining_numerical_data.tex,50,56,2e72546acf504a16e81635d0ca9cf67bf0a197c2b8e39392626fc5cd066f2663,id-ID,repo/ch_summarizing_data/TeX/examining_numerical_data.tex,53,59,48bac9f18f9223a11d0a228e7341073924e1cb24698afb371a696d79e45da2ad,translated,"\eoce{\qt{Produktivitas kantor\label{office_productivity}} Produktivitas kantor relatif rendah 
ketika karyawan sama sekali tidak merasa tertekan oleh pekerjaan atau keamanan kerja mereka. 
Namun, tingkat stres yang tinggi juga dapat menurunkan produktivitas karyawan. Buatlah sketsa 
diagram yang menggambarkan hubungan antara stres dan produktivitas.
}{}

% 5
","[""18223f28-a74d-5f9f-a586-6c3ab2bbef1f""]"
ead1db2c-3adb-5a2a-aa52-c7e9e3e5727c,1663206a-64a7-5af8-91b9-185c65783ff1,1,exercise,en,ch_intro_to_data/TeX/data_basics.tex,135,168,9bb9cedb285f0fc9d17c773023a64afa2afba56f0a1ad9505424bf688ebaff47,id-ID,repo/ch_intro_to_data/TeX/data_basics.tex,135,168,be6a74a3a22e3496dd023c5c60229b3e846fe675df89a0c1259ebd18c3d78afb,translated,"\eoce{\qt{Bunga iris Fisher\label{fisher_irises}} Sir Ronald Aylmer Fisher adalah
seorang ahli statistika, biologi evolusi, dan genetika asal Inggris yang bekerja
dengan sebuah himpunan data berisi panjang dan lebar sepal serta panjang dan lebar
petal dari tiga spesies bunga iris (\textit{setosa}, \textit{versicolor}, dan
\textit{virginica}). Himpunan data tersebut memuat 50 bunga dari setiap spesies.
\footfullcite{Fisher:1936} \\
\noindent\begin{minipage}[c]{0.48\textwidth}
\begin{parts}
\item Berapa banyak kasus yang disertakan dalam data?
\item Berapa banyak variabel numerik yang disertakan dalam data? Sebutkan
variabel-variabel tersebut dan tentukan apakah masing-masing kontinu atau diskret.
\item Berapa banyak variabel kategoris yang disertakan dalam data, dan apa saja
variabel tersebut? Daftarkan level (kategori) yang bersesuaian.
\end{parts}
\end{minipage}
\begin{minipage}[c]{0.01\textwidth}
\ 
\end{minipage}
\begin{minipage}[c]{0.2\textwidth}
\begin{center}
\Figures[Foto bunga iris ungu.]{}{eoce/fisher_irises}{irisversicolor}
\end{center}
\end{minipage}
\begin{minipage}[c]{0.01\textwidth}
\ 
\end{minipage}
\begin{minipage}[c]{0.23\textwidth}
{\raggedright\footnotesize Foto oleh Ryan Claussen
(\oiRedirect{textbook-flickr_ryan_claussen_iris_picture}{http://flic.kr/p/6QTcuX}) 
\href{https://creativecommons.org/licenses/by-sa/2.0/}{lisensi CC~BY-SA~2.0}}
\end{minipage}
}{}

% 10
","[""18223f28-a74d-5f9f-a586-6c3ab2bbef1f"",""143d3528-ba59-5a42-8932-7a2770216b5b""]"
ec4a7942-fb9e-5701-a8d2-f39c9add39b4,2d3cd49b-30ef-561c-9ce2-bcdeff78b4ac,1,exercise,en,ch_intro_to_data/TeX/data_basics.tex,48,78,7d91d0e7113f8f6b4da73d1984a3c1abbb2ddd3e35b16e6458600946f8a2946b,id-ID,repo/ch_intro_to_data/TeX/data_basics.tex,49,77,6a1dc3f78fa2691e9fb33be449c33d967b7eb491c1c00ebc34dcddc88be08502,translated,"\eoce{\qt{Kecurangan, komponen penelitian\label{study_components_cheaters}}
Para peneliti yang mengkaji hubungan antara kejujuran, usia, dan pengendalian diri
melakukan eksperimen terhadap 160 anak berusia antara 5 dan 15 tahun.
Peserta melaporkan usia, jenis kelamin, dan apakah mereka anak tunggal.
Para peneliti meminta setiap anak untuk melempar koin seimbang secara pribadi,
mencatat hasilnya (putih atau hitam) pada selembar kertas, dan memberi tahu bahwa
hanya anak yang melaporkan putih yang akan mendapat hadiah.
Temuan penelitian dapat dirangkum sebagai berikut:
``Separuh anak secara tegas diberi tahu agar tidak berbuat curang, sedangkan
yang lain tidak diberi petunjuk tegas apa pun.
Dalam kelompok tanpa petunjuk, probabilitas berbuat curang ditemukan seragam
di antara kelompok yang dibentuk berdasarkan karakteristik anak.
Dalam kelompok yang secara tegas diberi tahu agar tidak berbuat curang,
anak perempuan lebih kecil kemungkinannya berbuat curang; sementara tingkat
kecurangan tidak bervariasi menurut usia pada anak laki-laki, tingkat tersebut
menurun seiring bertambahnya usia pada anak perempuan.''\footfullcite{Bucciol:2011}
\begin{parts}
\item Tentukan pertanyaan penelitian utama dalam penelitian ini.
\item Siapa subjek dalam penelitian ini, dan berapa banyak yang disertakan?
\item
  Berapa banyak variabel yang dicatat untuk setiap subjek dalam penelitian ini
  agar temuan tersebut dapat disimpulkan? Nyatakan variabel-variabel itu beserta
  jenisnya.
\end{parts}
}{}

\D{\newpage}

% 6
","[""18223f28-a74d-5f9f-a586-6c3ab2bbef1f""]"
ec4efad9-7481-5ffb-a364-08a42b0ed064,d8f095f4-b65e-533d-ae7e-f9eeeeb3835a,1,public_appendix_solution,en,extraTeX/eoceSolutions/eoceSolutions.tex,43,46,84a758ba4fc8a23a40f9fa6b8f92966b7ef90b6779578337edc20bdebc545487,id-ID,repo/extraTeX/eoceSolutions/eoceSolutions.tex,45,50,3bd90396d9310da1a750e67a04f198fb0b318409d317b58909289bd1f3e9fedd,translated,"% 7

\eocesol{Variabel penjelas: jenis akupunktur yang diterima, yaitu akupunktur
yang dirancang untuk menangani migrain atau akupunktur plasebo pada lokasi
yang bukan titik akupunktur.
Variabel respons: apakah pasien bebas nyeri setelah 24 jam.}
","[""18223f28-a74d-5f9f-a586-6c3ab2bbef1f""]"
eecf72a9-4c55-5241-9df8-47f8b30c7b3e,bafc762b-769e-5379-a396-6eb4dbfd7857,1,public_inline_answer,en,ch_intro_to_data/TeX/ch_intro_to_data.tex,105,105,090d976957d8c399446bd254367e374ad21aa68dc34567d3c157cd718e35b155,id-ID,repo/ch_intro_to_data/TeX/ch_intro_to_data.tex,105,105,bbdb2aad861f5519ff127602acb163c8c94d5f573f2c62f6e9ea22ce3b5c1c7d,translated,"\end{exercisewrap}\footnotetext{Proporsi dari 224 pasien yang mengalami strok dalam 365 hari: $45/224 = 0.20$.}
","[""18223f28-a74d-5f9f-a586-6c3ab2bbef1f""]"
ef28f590-841d-5c71-9e87-d5e2879e6369,c0bd2c0d-1734-5635-9b83-fea31490ec87,1,exercise,en,ch_summarizing_data/TeX/examining_numerical_data.tex,58,72,d0b5f466e368ab50f1f1897ae2db3d07b4f5bfa0a2c4e4511b20dae83f3609f7,id-ID,repo/ch_summarizing_data/TeX/examining_numerical_data.tex,61,75,93264d0534b651708b05b633bcff03c549a08c08877feac1175802f2eb33628f,translated,"\eoce{\qt{Parameter dan statistik\label{parameters_stats}} Tentukan nilai mana yang merupakan 
rata-rata sampel dan nilai mana yang merupakan rata-rata populasi yang diklaim.
\begin{parts}
\item Pada tahun 2007, rumah tangga di Amerika Serikat membelanjakan rata-rata sekitar \$52 
untuk keperluan Halloween seperti kostum, dekorasi, dan permen. Untuk mengetahui apakah 
angka ini telah berubah, peneliti melakukan survei baru pada tahun 2008 sebelum angka dari 
industri dilaporkan. Survei tersebut mencakup 1,500 rumah tangga dan menemukan bahwa 
pengeluaran Halloween rata-rata adalah \$58 per rumah tangga.
\item Rata-rata indeks prestasi kumulatif (GPA) mahasiswa pada tahun 2001 di sebuah universitas 
swasta adalah 3.37. Satu dekade kemudian, survei terhadap sampel yang terdiri atas 203 mahasiswa 
dari universitas tersebut menghasilkan GPA rata-rata sebesar 3.59.
\end{parts}
}{}

% 6
","[""18223f28-a74d-5f9f-a586-6c3ab2bbef1f""]"
ef758a84-bb6f-505c-9cbd-720dbd1d1af2,d031fd92-364c-5922-9977-7d4f68b6f109,2,subsection_prose,en,ch_summarizing_data/TeX/ch_summarizing_data.tex,1583,1589,d0796f416146c72e220fc76c377eff07614d4c295cc4c5b2f6047ecbabc6fa55,id-ID,repo/ch_summarizing_data/TeX/ch_summarizing_data.tex,1526,1532,7de23826efd76b623671bb82bcff6eedf04caecaa63fabc34edd85cdadc51523,translated,"\end{exercisewrap}
\footnotetext{(a)~0.451 menyatakan proporsi pemohon perorangan
  yang memiliki hipotek.
  (b)~0.802 menyatakan proporsi
  pemohon dengan hipotek yang mengajukan pinjaman secara perorangan.}

\begin{exercisewrap}
","[""18223f28-a74d-5f9f-a586-6c3ab2bbef1f""]"
f062b9c9-8c02-51f4-90a8-0bda097c3651,0191df4f-413d-5623-9944-e2376020b3c5,1,exercise,en,ch_summarizing_data/TeX/examining_numerical_data.tex,290,297,b4aeab30cbb2c86906dc64c79f1eb68dcdf06b64d31eb28af09eb4141548337a,id-ID,repo/ch_summarizing_data/TeX/examining_numerical_data.tex,294,301,cea167d6c7d041f55095a6b3a6373f2bbf0fcb9e65cd2df18c18e9a01367ac20,translated,"\eoce{\qt{Nilai tengah rentang\label{midrange}} \textit{Nilai tengah rentang} suatu distribusi 
didefinisikan sebagai rata-rata dari nilai maksimum dan minimum distribusi tersebut. Apakah 
statistik ini robust terhadap pencilan dan kemencengan ekstrem? Jelaskan alasan Anda.
}{}

\D{\newpage}

% 19
","[""18223f28-a74d-5f9f-a586-6c3ab2bbef1f""]"
f362ccb2-d47f-5b10-958a-cf68b6a7a7cf,47687132-fc76-5fdf-b8dd-3eb2def70a0b,1,exercise,en,ch_summarizing_data/TeX/examining_numerical_data.tex,85,95,54f8c1786cb634336e889ad60cdfcfacfd55b008ee0759af5f574fb303507c0d,id-ID,repo/ch_summarizing_data/TeX/examining_numerical_data.tex,89,99,19a298aa9d1af52e25a8d6e9c399182ddaf89abebb9222a36941384a7e1bfa35,translated,"\eoce{\qt{Hari libur di lokasi pertambangan\label{days_off_mining}} Para pekerja di sebuah 
lokasi pertambangan menerima rata-rata 35 hari cuti berbayar, lebih rendah daripada rata-rata 
nasional. Manajer lokasi tersebut mendapat tekanan dari serikat pekerja setempat untuk menambah 
jumlah hari cuti berbayar. Namun, ia tidak ingin memberi pekerja lebih banyak hari libur karena 
hal itu akan mahal. Sebagai gantinya, ia memutuskan untuk memecat 10 karyawan sedemikian rupa 
sehingga rata-rata jumlah hari libur yang dilaporkan oleh para karyawannya meningkat. Untuk 
mencapai tujuan ini, apakah ia harus memecat karyawan yang memiliki hari libur terbanyak, 
yang memiliki hari libur paling sedikit, atau yang memiliki jumlah hari libur sekitar rata-rata?
}{}

% 8
","[""18223f28-a74d-5f9f-a586-6c3ab2bbef1f""]"
f3a3ba62-7439-5703-b9dd-1ef1c48e22d8,981a77ce-25ad-5caf-ab40-e597c250cae9,1,guided_exercise,en,ch_summarizing_data/TeX/ch_summarizing_data.tex,1576,1582,24cb797e89a53f7d67be48dcfbf068805600df6bbc8480219cde16ee0e88c209,id-ID,repo/ch_summarizing_data/TeX/ch_summarizing_data.tex,1519,1525,e15205f32626a158505185acc2d1afb541fe90b6a19e858d1235f73a9f8075ef,translated,"\begin{nexercise}
(a)~Apa arti 0.451 pada
Gambar~\ref{rowPropAppTypeHomeownership}?

(b)~Apa arti 0.802 pada
Gambar~\ref{colPropAppTypeHomeownership}?\footnotemark{}
\end{nexercise}
","[""18223f28-a74d-5f9f-a586-6c3ab2bbef1f""]"
f3c1cae2-d2fa-587d-80c3-d63330738b25,a132efe2-d782-5317-859e-6b0fd4cab424,1,public-answer,en,extraTeX/eoceSolutions/eoceSolutions.tex,344,371,7106152e66b4e2ae517a8bcc4655ba6045b5c8a7b9791c637c51afa6917459e2,id-ID,repo/extraTeX/eoceSolutions/eoceSolutions.tex,365,395,a9a5eba3d9df4b0445441339f5da5c8bb3119567fa5bf91cf85ecb0f6be3d48c,language_reviewed,"\eocesol{(a)~(i) Salah. Alih-alih membandingkan jumlah, kita harus membandingkan persentase orang dalam setiap kelompok yang mengalami masalah kardiovaskular.
(ii)~Benar.
(iii)~Salah. Asosiasi tidak menyiratkan sebab-akibat. Kita tidak dapat menarik
kesimpulan kausal berdasarkan studi observasional. Perbedaannya dengan
bagian~(ii) tidak kentara.
(iv)~Benar. \\
(b)~Proporsi seluruh pasien yang mengalami masalah kardiovaskular: $\frac{7,979}{227,571} \approx 0.035$ \\
(c)~Jika kejadian masalah kardiovaskular dan perlakuan saling independen,
perkiraan jumlah pasien dengan masalah kardiovaskular dalam kelompok
rosiglitazon dapat dihitung dengan mengalikan jumlah pasien dalam kelompok itu
dengan tingkat kejadian masalah kardiovaskular secara keseluruhan dalam penelitian:
$67,593 * \frac{7,979}{227,571} \approx 2370$. \\
(d)~(i)~$H_0$: Perlakuan dan masalah kardiovaskular saling independen. Keduanya
tidak memiliki hubungan, dan perbedaan tingkat kejadian antara kelompok
rosiglitazon dan pioglitazon terjadi karena kebetulan.
$H_A$: Perlakuan dan masalah kardiovaskular tidak saling independen. Perbedaan
tingkat kejadian antara kelompok rosiglitazon dan pioglitazon tidak terjadi
karena kebetulan, dan rosiglitazon berasosiasi dengan peningkatan risiko
masalah kardiovaskular serius.
(ii)~Jumlah pasien dengan masalah kardiovaskular yang lebih tinggi daripada
perkiraan di bawah asumsi independensi akan mendukung hipotesis alternatif,
karena hal ini mengisyaratkan bahwa rosiglitazon meningkatkan risiko masalah
tersebut.
(iii)~Dalam penelitian sebenarnya, kita mengamati 2,593 kejadian kardiovaskular
dalam kelompok rosiglitazon. Pada 1,000 simulasi di bawah model independensi,
jumlah yang diamati dalam setiap simulasi selalu lebih kecil daripada 2,593.
Hal ini mengisyaratkan bahwa hasil sebenarnya tidak berasal dari model
independensi. Dengan kata lain, kedua variabel tampaknya tidak saling independen,
dan kita menolak model independensi serta memilih model alternatif. Hasil
penelitian memberikan bukti meyakinkan bahwa rosiglitazon berasosiasi dengan
peningkatan risiko masalah kardiovaskular.}
","[""18223f28-a74d-5f9f-a586-6c3ab2bbef1f""]"
f4d36b97-8690-52d2-9418-09cc24d7eed3,49928af2-5b48-5390-8a64-218e71c10a1a,1,public_appendix_solution,en,extraTeX/eoceSolutions/eoceSolutions.tex,65,72,23f297121ec0b0836532ba8cc1159223986ef5d4798c204a7136cc061c54176f,id-ID,repo/extraTeX/eoceSolutions/eoceSolutions.tex,69,78,32c16c0b0a24a0bdf5e0f8475cbffd44d6b61b8cea466131c24aec6044611679,translated,"% 13

\eocesol{(a)~Populasi sasaran: kelahiran di California Selatan dalam cakupan
tempat dan waktu yang hendak diinferensikan; sampel: 143.196 kelahiran antara
tahun 1989 dan 1993 di California Selatan.
(b)~Jika kelahiran dalam sampel pada rentang waktu dan wilayah tersebut dapat
dianggap mewakili populasi sasaran, hasilnya dapat digeneralisasikan ke
kelahiran dalam cakupan itu. Namun, karena studi ini bersifat
observasional, temuannya tidak dapat digunakan untuk menetapkan hubungan 
kausal.}
","[""18223f28-a74d-5f9f-a586-6c3ab2bbef1f""]"
f872d0d4-8908-513c-b10c-a7abf90efdda,51f8c9e8-d47d-503f-a0db-38a0564b62f2,1,subsection-prose,en,ch_summarizing_data/TeX/ch_summarizing_data.tex,2187,2252,7aca1cafbd40b283525978929351e5ba0bf31adac8fa41760b8e689ce2b476de,id-ID,repo/ch_summarizing_data/TeX/ch_summarizing_data.tex,2119,2182,6614c29c096c8934a11239ed0b7d3ef3b09bb1ad678542826dba6c3609e48f6a,language_reviewed,"\subsection{Variabilitas dalam data}
\label{variabilityWithinData}

\index{data!malaria vaccine@vaksin malaria|(}

Kita meninjau sebuah penelitian mengenai vaksin malaria baru
bernama PfSPZ.
Dalam penelitian ini, pasien relawan dialokasikan secara acak
ke salah satu dari dua kelompok eksperimen:
14 pasien menerima vaksin eksperimental
dan 6 pasien menerima vaksin plasebo.
Sembilan belas minggu kemudian, seluruh 20 pasien dipaparkan
pada galur parasit malaria yang sensitif terhadap obat;
galur yang sensitif terhadap obat digunakan di sini atas
pertimbangan etis, agar setiap infeksi dapat diobati secara efektif.
Hasilnya dirangkum dalam
Gambar~\ref{malaria_vaccine_20_exp_summary}:
9 dari 14 pasien kelompok perlakuan tetap bebas
dari tanda-tanda infeksi, sedangkan seluruh~6 pasien
  dalam kelompok kontrol menunjukkan sejumlah tanda awal infeksi.

\newcommand{\malariaAA}{5}
\newcommand{\malariaAB}{9}
\newcommand{\malariaAD}{14}
\newcommand{\malariaBA}{6}
\newcommand{\malariaBB}{0}
\newcommand{\malariaBD}{6}
\newcommand{\malariaDA}{11}
\newcommand{\malariaDB}{9}
\newcommand{\malariaDD}{20}
\newcommand{\malariaVIR}{0.357}
\newcommand{\malariaVIRPerc}{35.7\%}
\newcommand{\malariaPIR}{1.000}
\newcommand{\malariaPIRPerc}{100\%}
\newcommand{\malariaIRDiff}{0.643}
\newcommand{\malariaIRDiffPerc}{64.3\%}

\begin{figure}[ht]
\centering
\begin{tabular}{l l cc rr}
  & & \multicolumn{2}{c}{\var{outcome}} \\
  \cline{3-4}
  &  &  {terinfeksi} & {tidak terinfeksi} & Total & \hspace{3mm}  \\ 
  \cline{2-5}
  & {vaksin} &
      \malariaAA{} &
      \malariaAB{} &
      \malariaAD{} \\ 
  \raisebox{1.5ex}[0pt]{\var{treatment}}
  & {plasebo} & 
      \malariaBA{} &
      \malariaBB{} &
      \malariaBD{} \\ 
  \cline{2-5}
  & Total & 
      \malariaDA{} &
      \malariaDB{} &
      \malariaDD{} \\ 
  \cline{2-5}
\end{tabular}
\caption{Ringkasan hasil eksperimen vaksin malaria.}
\label{malaria_vaccine_20_exp_summary}
\end{figure}

","[""18223f28-a74d-5f9f-a586-6c3ab2bbef1f""]"
faba6941-44d2-5f25-a767-a7de90b27005,9ffbb29e-06de-5487-9e89-c5638618252f,1,exercise,en,ch_intro_to_data/TeX/data_basics.tex,101,118,691aa86fd0b5a6f793330850b627a3f618a58f25c7db7db77f757f2386e5575d,id-ID,repo/ch_intro_to_data/TeX/data_basics.tex,102,119,153886733a42cff23efcde1965f875de71ca5fca874c7444944ee7eb0800fd3f,translated,"\eoce{\qt{Migrain dan akupunktur,
    Bagian II\label{migraine_and_acupuncture_exp_resp}}
Latihan~\ref{migraine_and_acupuncture_intro}
memperkenalkan sebuah penelitian yang mengkaji apakah akupunktur
memiliki pengaruh terhadap migrain.
Para peneliti melakukan penelitian terkontrol acak
dengan menempatkan pasien secara acak ke salah satu dari dua kelompok:
perlakuan atau kontrol.
Pasien dalam kelompok perlakuan menerima akupunktur
yang dirancang secara khusus untuk menangani migrain.
Pasien dalam kelompok kontrol menerima akupunktur plasebo
(jarum ditusukkan pada lokasi yang bukan titik akupunktur).
Pasien ditanya 24 jam setelah menerima akupunktur
apakah mereka sudah bebas nyeri.
Apa variabel penjelas dan variabel respons dalam penelitian ini?
}{}

% 8
","[""18223f28-a74d-5f9f-a586-6c3ab2bbef1f""]"
fb1695dc-2e4b-5693-a8a8-da2af32d68b3,65551ca9-43d7-5ff5-957c-31dfc67eb47a,1,exercise,en,ch_summarizing_data/TeX/examining_numerical_data.tex,230,250,4e8caf7bcf89b0e112318708497efbb21178564b2c7c1afc65f93ac772c2e066,id-ID,repo/ch_summarizing_data/TeX/examining_numerical_data.tex,235,255,5b045513ea1b68ebede9780d9441a7801070db3aac60f75c15274a55d2c616e8,translated,"\eoce{\qt{Distribusi dan statistik yang sesuai, Bagian II\label{dist_shape_housing_alcohol_salary}} 
Untuk setiap hal berikut, nyatakan apakah Anda memperkirakan distribusinya simetris, menceng 
kanan, atau menceng kiri. Tentukan juga apakah rata-rata atau median paling tepat mewakili 
pengamatan tipikal dalam data, serta apakah variabilitas pengamatan paling tepat diwakili oleh 
simpangan baku atau IQR. Jelaskan alasan Anda.
\begin{parts}
\item Harga rumah di sebuah negara tempat 25\% rumah berharga di bawah \$350,000, 
50\% rumah berharga di bawah \$450,000, 75\% rumah berharga di bawah \$1,000,000, 
dan cukup banyak rumah berharga lebih dari \$6,000,000.
\item Harga rumah di sebuah negara tempat 25\% rumah berharga di bawah \$300,000, 
50\% rumah berharga di bawah \$600,000, 75\% rumah berharga di bawah \$900,000, 
dan sangat sedikit rumah berharga lebih dari \$1,200,000.
\item Jumlah minuman beralkohol yang dikonsumsi mahasiswa dalam satu minggu. Andaikan 
sebagian besar mahasiswa tersebut tidak minum karena berusia di bawah 21 tahun dan hanya 
sedikit yang minum secara berlebihan.
\item Gaji tahunan karyawan di sebuah perusahaan Fortune 500, tempat hanya beberapa 
eksekutif tingkat tinggi yang memperoleh gaji jauh lebih besar daripada semua karyawan lain.
\end{parts}
}{}

% 17
","[""18223f28-a74d-5f9f-a586-6c3ab2bbef1f""]"
fcefba29-842d-5996-b35d-778711423e2e,d7955a56-864b-500a-a33b-7c476b342c7e,1,section-lead,en,ch_summarizing_data/TeX/ch_summarizing_data.tex,2166,2174,6ef028db0b51282c6d6f478215bcd7a18f56cbdcea285e7dbc291186add7708d,id-ID,repo/ch_summarizing_data/TeX/ch_summarizing_data.tex,2098,2106,c01ca36ff7acd225ef58df587ab91b42e65eb040f890a21c9546ac3492f6fcff,language_reviewed,"\section{Studi kasus: vaksin malaria}
\label{caseStudyMalariaVaccine}

\begin{examplewrap}
\begin{nexample}{Misalkan dosen Anda membagi mahasiswa di kelas menjadi dua kelompok: mahasiswa di sisi kiri dan mahasiswa di sisi kanan. Jika $\hat{p}_{_L}$ dan $\hat{p}_{_R}$ masing-masing menyatakan proporsi mahasiswa yang memiliki produk Apple di sisi kiri dan kanan, apakah Anda akan terkejut jika $\hat{p}_{_L}$ tidak {persis} sama dengan $\hat{p}_{_R}$?}\label{classRightLeftSideApple}
Walaupun kedua proporsi itu kemungkinan besar berdekatan, tidak lazim jika keduanya persis sama. Kita mungkin akan mengamati sedikit perbedaan karena {faktor kebetulan}.
\end{nexample}
\end{examplewrap}

","[""18223f28-a74d-5f9f-a586-6c3ab2bbef1f""]"
fef409ed-68ae-5df8-99f9-1bcdbbd41d22,39e28dfa-9fb6-5555-bee7-6649c37a02b2,1,exercise,en,ch_intro_to_data/TeX/experiments.tex,75,80,7198a9425664e74022a5a0c52eeaee6bb11dfbf2ae9f5140266dc3dc463517c8,id-ID,repo/ch_intro_to_data/TeX/experiments.tex,75,80,2b07a67300f8e877e9dfb78197831d66276d41f7e89f60302bdf5f0d400a20fc,translated,"\eoce{\qt{Preferensi minuman bersoda\label{soda_preference}} Anda hendak melakukan eksperimen 
di kelas untuk mengetahui apakah teman-teman sekelas Anda lebih menyukai rasa Coke biasa 
atau Diet Coke. Uraikan secara ringkas sebuah rancangan untuk studi ini.
}{}

% 34
","[""18223f28-a74d-5f9f-a586-6c3ab2bbef1f"",""e8114816-bd30-582b-9e8b-274b8ae17401""]"
ff400a9d-7eb6-52b5-ae68-be5ada7198ff,38dacc66-f01c-540b-90f2-0877ee9a1271,1,exercise,en,ch_intro_to_data/TeX/sampling_principles_and_strategies.tex,186,202,4cbcae0e7ba2a6a918d52864c9f05ac335a78962b9481d47be8cc911cd20b2c8,id-ID,repo/ch_intro_to_data/TeX/sampling_principles_and_strategies.tex,182,198,074e0ddc4742adf9854dfd99580ccedc29ef196bbabf97c57597ec969ae2be9f,translated,"\eoce{\qt{Evaluasi metode pengambilan sampel\label{evaluate_sampling_methods}} 
Sebuah universitas ingin mengetahui proporsi mahasiswa program sarjananya yang 
mendukung iuran tahunan baru sebesar \$25 untuk memperbaiki pusat kegiatan 
mahasiswa. Untuk setiap metode yang diusulkan berikut, nyatakan apakah metode 
tersebut masuk akal atau tidak.
\begin{parts}
\item Survei sampel acak sederhana yang terdiri atas 500 mahasiswa.
\item Bagi mahasiswa ke dalam strata berdasarkan bidang studi, lalu ambil sampel 
10\% mahasiswa dari setiap strata.
\item Kelompokkan mahasiswa ke dalam klaster berdasarkan usia (misalnya usia 
18 tahun dalam satu klaster, usia 19 tahun dalam satu klaster, dan seterusnya), 
lalu pilih tiga klaster secara acak dan survei seluruh mahasiswa dalam klaster 
tersebut.
\end{parts}
}{}

% 24
","[""18223f28-a74d-5f9f-a586-6c3ab2bbef1f""]"
ffe75dc0-360d-5294-bf88-2f79fbf9041a,5172495b-cd2b-5f34-b695-29ce4bc07662,1,exercise,en,ch_intro_to_data/TeX/review_exercises.tex,276,308,d82364aae9187e94b2c78f68c6cea054a0471c92eb7a410741db441437315deb,id-ID,repo/ch_intro_to_data/TeX/review_exercises.tex,248,274,4a1b2da00c7e68729066e51e3bff1439eaaded14ecb8e33a13fe8bf9bf4b9ef8,translated,"\eoce{\qt{Peluncuran antariksa\label{space_launches}}
Tabel berikut merangkum jumlah peluncuran antariksa di Amerika Serikat menurut
jenis lembaga peluncur dan hasilnya (berhasil atau gagal).\footfullcite{data:spacelaunches}
\begin{center}
\begin{tabular}{l | rr | rr}
\hline
        & \multicolumn{2}{| c}{1957 - 1999} & \multicolumn{2}{| c}{2000 - 2018} \\
        & Gagal & Berhasil & Gagal & Berhasil \\
\hline
Swasta  &      13 &     295 &      10 &     562 \\
Negara  &     281 &    3751 &      33 &     711 \\
Rintisan &       - &       - &       5 &      65 \\
\hline
\end{tabular}
\end{center}
\begin{parts}
\item
    Variabel apa yang dikumpulkan untuk setiap peluncuran guna membuat tabel ini?
\item
    Klasifikasikan setiap variabel sebagai numerik (kontinu atau diskret)
    atau kategoris (ordinal atau nonordinal).
\item
    Anda ingin mempelajari bagaimana tingkat keberhasilan berbeda menurut
    lembaga peluncur dan periode waktu. Mana variabel respons dan penjelasnya?
\end{parts}
}{}
\endgroup
","[""18223f28-a74d-5f9f-a586-6c3ab2bbef1f""]"
